date,sku_id,units_sold,revenue,unit_price,promo_flag
2024-01-01,SKU01,12.0,5988.0,499.0,0
2024-01-02,SKU01,8.0,3992.0,499.0,0
2024-01-03,SKU01,6.0,2994.0,499.0,0
2024-01-04,SKU01,7.0,3493.0,499.0,0
2024-01-05,SKU01,10.0,4990.0,499.0,0
2024-01-06,SKU01,4.0,1996.0,499.0,0
2024-01-07,SKU01,12.0,5988.0,499.0,0
2024-01-08,SKU01,4.0,1996.0,499.0,0
2024-01-09,SKU01,5.0,2495.0,499.0,0
2024-01-10,SKU01,7.0,3493.0,499.0,0
2024-01-11,SKU01,5.0,2495.0,499.0,0
2024-01-12,SKU01,7.0,3493.0,499.0,0
2024-01-13,SKU01,12.0,5988.0,499.0,0
2024-01-14,SKU01,11.0,5489.0,499.0,0
2024-01-15,SKU01,4.0,1996.0,499.0,0
2024-01-16,SKU01,6.0,2994.0,499.0,0
2024-01-17,SKU01,9.0,4491.0,499.0,0
2024-01-18,SKU01,6.0,2994.0,499.0,0
2024-01-19,SKU01,7.0,3493.0,499.0,0
2024-01-20,SKU01,21.0,9429.0,449.0,1
2024-01-21,SKU01,13.0,5837.0,449.0,1
2024-01-22,SKU01,15.0,6735.0,449.0,1
2024-01-23,SKU01,19.0,8531.0,449.0,1
2024-01-24,SKU01,12.0,5388.0,449.0,1
2024-01-25,SKU01,18.0,8082.0,449.0,1
2024-01-26,SKU01,20.0,8980.0,449.0,1
2024-01-27,SKU01,9.0,4491.0,499.0,0
2024-01-28,SKU01,10.0,4990.0,499.0,0
2024-01-29,SKU01,3.0,1497.0,499.0,0
2024-01-30,SKU01,8.0,3992.0,499.0,0
2024-01-31,SKU01,9.0,4491.0,499.0,0
2024-02-01,SKU01,11.0,5489.0,499.0,0
2024-02-02,SKU01,10.0,4990.0,499.0,0
2024-02-03,SKU01,10.0,4990.0,499.0,0
2024-02-04,SKU01,7.0,3493.0,499.0,0
2024-02-05,SKU01,6.0,2994.0,499.0,0
2024-02-06,SKU01,5.0,2495.0,499.0,0
2024-02-07,SKU01,2.0,998.0,499.0,0
2024-02-08,SKU01,8.0,3992.0,499.0,0
2024-02-09,SKU01,5.0,2495.0,499.0,0
2024-02-10,SKU01,9.0,4491.0,499.0,0
2024-02-11,SKU01,6.0,2994.0,499.0,0
2024-02-12,SKU01,10.0,4990.0,499.0,0
2024-02-13,SKU01,10.0,4990.0,499.0,0
2024-02-14,SKU01,12.0,5988.0,499.0,0
2024-02-15,SKU01,10.0,4990.0,499.0,0
2024-02-16,SKU01,12.0,5988.0,499.0,0
2024-02-17,SKU01,12.0,5988.0,499.0,0
2024-02-18,SKU01,12.0,5988.0,499.0,0
2024-02-19,SKU01,9.0,4491.0,499.0,0
2024-02-20,SKU01,11.0,5489.0,499.0,0
2024-02-21,SKU01,15.0,7485.0,499.0,0
2024-02-22,SKU01,7.0,3493.0,499.0,0
2024-02-23,SKU01,12.0,5988.0,499.0,0
2024-02-24,SKU01,16.0,7984.0,499.0,0
2024-02-25,SKU01,8.0,3992.0,499.0,0
2024-02-26,SKU01,5.0,2495.0,499.0,0
2024-02-27,SKU01,10.0,4990.0,499.0,0
2024-02-28,SKU01,7.0,3493.0,499.0,0
2024-02-29,SKU01,8.0,3992.0,499.0,0
2024-03-01,SKU01,10.0,4990.0,499.0,0
2024-03-02,SKU01,19.0,9481.0,499.0,0
2024-03-03,SKU01,12.0,5988.0,499.0,0
2024-03-04,SKU01,8.0,3992.0,499.0,0
2024-03-05,SKU01,9.0,4491.0,499.0,0
2024-03-06,SKU01,13.0,6487.0,499.0,0
2024-03-07,SKU01,11.0,5489.0,499.0,0
2024-03-08,SKU01,7.0,3493.0,499.0,0
2024-03-09,SKU01,11.0,5489.0,499.0,0
2024-03-10,SKU01,13.0,6487.0,499.0,0
2024-03-11,SKU01,10.0,4990.0,499.0,0
2024-03-12,SKU01,11.0,5489.0,499.0,0
2024-03-13,SKU01,7.0,3493.0,499.0,0
2024-03-14,SKU01,11.0,5489.0,499.0,0
2024-03-15,SKU01,14.0,6986.0,499.0,0
2024-03-16,SKU01,11.0,5489.0,499.0,0
2024-03-17,SKU01,14.0,6986.0,499.0,0
2024-03-18,SKU01,7.0,3493.0,499.0,0
2024-03-19,SKU01,19.0,9481.0,499.0,0
2024-03-20,SKU01,12.0,5988.0,499.0,0
2024-03-21,SKU01,8.0,3992.0,499.0,0
2024-03-22,SKU01,9.0,4491.0,499.0,0
2024-03-23,SKU01,7.0,3493.0,499.0,0
2024-03-24,SKU01,17.0,8483.0,499.0,0
2024-03-25,SKU01,11.0,5489.0,499.0,0
2024-03-26,SKU01,12.0,5988.0,499.0,0
2024-03-27,SKU01,14.0,6986.0,499.0,0
2024-03-28,SKU01,13.0,6487.0,499.0,0
2024-03-29,SKU01,8.0,3992.0,499.0,0
2024-03-30,SKU01,17.0,8483.0,499.0,0
2024-03-31,SKU01,13.0,6487.0,499.0,0
2024-04-01,SKU01,15.0,7485.0,499.0,0
2024-04-02,SKU01,8.0,3992.0,499.0,0
2024-04-03,SKU01,9.0,4491.0,499.0,0
2024-04-04,SKU01,8.0,3992.0,499.0,0
2024-04-05,SKU01,10.0,4990.0,499.0,0
2024-04-06,SKU01,18.0,8982.0,499.0,0
2024-04-07,SKU01,7.0,3493.0,499.0,0
2024-04-08,SKU01,10.0,4990.0,499.0,0
2024-04-09,SKU01,13.0,6487.0,499.0,0
2024-04-10,SKU01,10.0,4990.0,499.0,0
2024-04-11,SKU01,11.0,5489.0,499.0,0
2024-04-12,SKU01,9.0,4491.0,499.0,0
2024-04-13,SKU01,10.0,4990.0,499.0,0
2024-04-14,SKU01,13.0,6487.0,499.0,0
2024-04-15,SKU01,9.0,4491.0,499.0,0
2024-04-16,SKU01,11.0,5489.0,499.0,0
2024-04-17,SKU01,16.0,7984.0,499.0,0
2024-04-18,SKU01,11.0,5489.0,499.0,0
2024-04-19,SKU01,12.0,5988.0,499.0,0
2024-04-20,SKU01,11.0,5489.0,499.0,0
2024-04-21,SKU01,12.0,5988.0,499.0,0
2024-04-22,SKU01,16.0,7984.0,499.0,0
2024-04-23,SKU01,12.0,5988.0,499.0,0
2024-04-24,SKU01,14.0,6986.0,499.0,0
2024-04-25,SKU01,16.0,7984.0,499.0,0
2024-04-26,SKU01,8.0,3992.0,499.0,0
2024-04-27,SKU01,8.0,3992.0,499.0,0
2024-04-28,SKU01,23.0,11477.0,499.0,0
2024-04-29,SKU01,11.0,5489.0,499.0,0
2024-04-30,SKU01,20.0,9980.0,499.0,0
2024-05-01,SKU01,3.0,1497.0,499.0,0
2024-05-02,SKU01,5.0,2495.0,499.0,0
2024-05-03,SKU01,11.0,5489.0,499.0,0
2024-05-04,SKU01,6.0,2994.0,499.0,0
2024-05-05,SKU01,13.0,6487.0,499.0,0
2024-05-06,SKU01,14.0,6986.0,499.0,0
2024-05-07,SKU01,9.0,4491.0,499.0,0
2024-05-08,SKU01,11.0,5489.0,499.0,0
2024-05-09,SKU01,7.0,3493.0,499.0,0
2024-05-10,SKU01,17.0,7633.0,449.0,1
2024-05-11,SKU01,21.0,9429.0,449.0,1
2024-05-12,SKU01,27.0,12123.0,449.0,1
2024-05-13,SKU01,15.0,6735.0,449.0,1
2024-05-14,SKU01,17.0,7633.0,449.0,1
2024-05-15,SKU01,14.0,6286.0,449.0,1
2024-05-16,SKU01,25.0,11225.0,449.0,1
2024-05-17,SKU01,17.0,7633.0,449.0,1
2024-05-18,SKU01,16.0,7184.0,449.0,1
2024-05-19,SKU01,23.0,10327.0,449.0,1
2024-05-20,SKU01,18.0,8082.0,449.0,1
2024-05-21,SKU01,16.0,7984.0,499.0,0
2024-05-22,SKU01,16.0,7984.0,499.0,0
2024-05-23,SKU01,8.0,3992.0,499.0,0
2024-05-24,SKU01,16.0,7984.0,499.0,0
2024-05-25,SKU01,21.0,10479.0,499.0,0
2024-05-26,SKU01,13.0,6487.0,499.0,0
2024-05-27,SKU01,10.0,4990.0,499.0,0
2024-05-28,SKU01,13.0,6487.0,499.0,0
2024-05-29,SKU01,11.0,5489.0,499.0,0
2024-05-30,SKU01,6.0,2994.0,499.0,0
2024-05-31,SKU01,10.0,4990.0,499.0,0
2024-06-01,SKU01,10.0,4990.0,499.0,0
2024-06-02,SKU01,17.0,8483.0,499.0,0
2024-06-03,SKU01,10.0,4990.0,499.0,0
2024-06-04,SKU01,13.0,6487.0,499.0,0
2024-06-05,SKU01,8.0,3992.0,499.0,0
2024-06-06,SKU01,13.0,6487.0,499.0,0
2024-06-07,SKU01,12.0,5988.0,499.0,0
2024-06-08,SKU01,12.0,5988.0,499.0,0
2024-06-09,SKU01,16.0,7984.0,499.0,0
2024-06-10,SKU01,13.0,6487.0,499.0,0
2024-06-11,SKU01,9.0,4491.0,499.0,0
2024-06-12,SKU01,9.0,4491.0,499.0,0
2024-06-13,SKU01,12.0,5988.0,499.0,0
2024-06-14,SKU01,13.0,6487.0,499.0,0
2024-06-15,SKU01,15.0,7485.0,499.0,0
2024-06-16,SKU01,15.0,7485.0,499.0,0
2024-06-17,SKU01,15.0,7485.0,499.0,0
2024-06-18,SKU01,11.0,5489.0,499.0,0
2024-06-19,SKU01,17.0,8483.0,499.0,0
2024-06-20,SKU01,13.0,6487.0,499.0,0
2024-06-21,SKU01,20.0,9980.0,499.0,0
2024-06-22,SKU01,11.0,5489.0,499.0,0
2024-06-23,SKU01,21.0,10479.0,499.0,0
2024-06-24,SKU01,11.0,5489.0,499.0,0
2024-06-25,SKU01,16.0,7984.0,499.0,0
2024-06-26,SKU01,12.0,5988.0,499.0,0
2024-06-27,SKU01,12.0,5988.0,499.0,0
2024-06-28,SKU01,15.0,7485.0,499.0,0
2024-06-29,SKU01,11.0,5489.0,499.0,0
2024-06-30,SKU01,13.0,6487.0,499.0,0
2024-07-01,SKU01,16.0,7984.0,499.0,0
2024-07-02,SKU01,9.0,4491.0,499.0,0
2024-07-03,SKU01,12.0,5988.0,499.0,0
2024-07-04,SKU01,11.0,5489.0,499.0,0
2024-07-05,SKU01,10.0,4990.0,499.0,0
2024-07-06,SKU01,9.0,4491.0,499.0,0
2024-07-07,SKU01,16.0,7984.0,499.0,0
2024-07-08,SKU01,19.0,9481.0,499.0,0
2024-07-09,SKU01,6.0,2994.0,499.0,0
2024-07-10,SKU01,16.0,7984.0,499.0,0
2024-07-11,SKU01,8.0,3992.0,499.0,0
2024-07-12,SKU01,11.0,5489.0,499.0,0
2024-07-13,SKU01,11.0,5489.0,499.0,0
2024-07-14,SKU01,16.0,7984.0,499.0,0
2024-07-15,SKU01,6.0,2994.0,499.0,0
2024-07-16,SKU01,9.0,4491.0,499.0,0
2024-07-17,SKU01,19.0,9481.0,499.0,0
2024-07-18,SKU01,7.0,3493.0,499.0,0
2024-07-19,SKU01,11.0,5489.0,499.0,0
2024-07-20,SKU01,18.0,8982.0,499.0,0
2024-07-21,SKU01,14.0,6986.0,499.0,0
2024-07-22,SKU01,8.0,3992.0,499.0,0
2024-07-23,SKU01,15.0,7485.0,499.0,0
2024-07-24,SKU01,13.0,6487.0,499.0,0
2024-07-25,SKU01,9.0,4491.0,499.0,0
2024-07-26,SKU01,6.0,2994.0,499.0,0
2024-07-27,SKU01,18.0,8982.0,499.0,0
2024-07-28,SKU01,12.0,5988.0,499.0,0
2024-07-29,SKU01,8.0,3992.0,499.0,0
2024-07-30,SKU01,9.0,4491.0,499.0,0
2024-07-31,SKU01,8.0,3992.0,499.0,0
2024-08-01,SKU01,15.0,7485.0,499.0,0
2024-08-02,SKU01,11.0,5489.0,499.0,0
2024-08-03,SKU01,13.0,6487.0,499.0,0
2024-08-04,SKU01,12.0,5988.0,499.0,0
2024-08-05,SKU01,7.0,3493.0,499.0,0
2024-08-06,SKU01,7.0,3493.0,499.0,0
2024-08-07,SKU01,16.0,7984.0,499.0,0
2024-08-08,SKU01,11.0,5489.0,499.0,0
2024-08-09,SKU01,9.0,4491.0,499.0,0
2024-08-10,SKU01,12.0,5988.0,499.0,0
2024-08-11,SKU01,19.0,9481.0,499.0,0
2024-08-12,SKU01,3.0,1497.0,499.0,0
2024-08-13,SKU01,13.0,6487.0,499.0,0
2024-08-14,SKU01,9.0,4491.0,499.0,0
2024-08-15,SKU01,10.0,4990.0,499.0,0
2024-08-16,SKU01,10.0,4990.0,499.0,0
2024-08-17,SKU01,8.0,3992.0,499.0,0
2024-08-18,SKU01,11.0,5489.0,499.0,0
2024-08-19,SKU01,11.0,5489.0,499.0,0
2024-08-20,SKU01,18.0,8982.0,499.0,0
2024-08-21,SKU01,6.0,2994.0,499.0,0
2024-08-22,SKU01,8.0,3992.0,499.0,0
2024-08-23,SKU01,14.0,6986.0,499.0,0
2024-08-24,SKU01,11.0,5489.0,499.0,0
2024-08-25,SKU01,13.0,6487.0,499.0,0
2024-08-26,SKU01,17.0,8483.0,499.0,0
2024-08-27,SKU01,9.0,4491.0,499.0,0
2024-08-28,SKU01,9.0,4491.0,499.0,0
2024-08-29,SKU01,10.0,4990.0,499.0,0
2024-08-30,SKU01,14.0,6986.0,499.0,0
2024-08-31,SKU01,11.0,5489.0,499.0,0
2024-09-01,SKU01,14.0,6986.0,499.0,0
2024-09-02,SKU01,12.0,5988.0,499.0,0
2024-09-03,SKU01,3.0,1497.0,499.0,0
2024-09-04,SKU01,9.0,4491.0,499.0,0
2024-09-05,SKU01,10.0,4990.0,499.0,0
2024-09-06,SKU01,5.0,2495.0,499.0,0
2024-09-07,SKU01,15.0,7485.0,499.0,0
2024-09-08,SKU01,13.0,6487.0,499.0,0
2024-09-09,SKU01,13.0,6487.0,499.0,0
2024-09-10,SKU01,9.0,4491.0,499.0,0
2024-09-11,SKU01,5.0,2495.0,499.0,0
2024-09-12,SKU01,9.0,4491.0,499.0,0
2024-09-13,SKU01,7.0,3493.0,499.0,0
2024-09-14,SKU01,7.0,3493.0,499.0,0
2024-09-15,SKU01,9.0,4491.0,499.0,0
2024-09-16,SKU01,7.0,3493.0,499.0,0
2024-09-17,SKU01,9.0,4491.0,499.0,0
2024-09-18,SKU01,13.0,6487.0,499.0,0
2024-09-19,SKU01,8.0,3992.0,499.0,0
2024-09-20,SKU01,12.0,5988.0,499.0,0
2024-09-21,SKU01,7.0,3493.0,499.0,0
2024-09-22,SKU01,10.0,4990.0,499.0,0
2024-09-23,SKU01,12.0,5988.0,499.0,0
2024-09-24,SKU01,6.0,2994.0,499.0,0
2024-09-25,SKU01,6.0,2994.0,499.0,0
2024-09-26,SKU01,12.0,5988.0,499.0,0
2024-09-27,SKU01,11.0,5489.0,499.0,0
2024-09-28,SKU01,10.0,4990.0,499.0,0
2024-09-29,SKU01,7.0,3493.0,499.0,0
2024-09-30,SKU01,6.0,2994.0,499.0,0
2024-10-01,SKU01,7.0,3493.0,499.0,0
2024-10-02,SKU01,10.0,4990.0,499.0,0
2024-10-03,SKU01,6.0,2994.0,499.0,0
2024-10-04,SKU01,9.0,4491.0,499.0,0
2024-10-05,SKU01,7.0,3493.0,499.0,0
2024-10-06,SKU01,19.0,9481.0,499.0,0
2024-10-07,SKU01,16.0,7984.0,499.0,0
2024-10-08,SKU01,7.0,3493.0,499.0,0
2024-10-09,SKU01,8.0,3992.0,499.0,0
2024-10-10,SKU01,7.0,3493.0,499.0,0
2024-10-11,SKU01,11.0,5489.0,499.0,0
2024-10-12,SKU01,7.0,3493.0,499.0,0
2024-10-13,SKU01,10.0,4990.0,499.0,0
2024-10-14,SKU01,8.0,3992.0,499.0,0
2024-10-15,SKU01,7.0,3493.0,499.0,0
2024-10-16,SKU01,15.0,7485.0,499.0,0
2024-10-17,SKU01,8.0,3992.0,499.0,0
2024-10-18,SKU01,8.0,3992.0,499.0,0
2024-10-19,SKU01,8.0,3992.0,499.0,0
2024-10-20,SKU01,11.0,5489.0,499.0,0
2024-10-21,SKU01,6.0,2994.0,499.0,0
2024-10-22,SKU01,9.0,4041.0,449.0,1
2024-10-23,SKU01,18.0,8082.0,449.0,1
2024-10-24,SKU01,15.0,6735.0,449.0,1
2024-10-25,SKU01,6.0,2694.0,449.0,1
2024-10-26,SKU01,14.0,6286.0,449.0,1
2024-10-27,SKU01,13.0,5837.0,449.0,1
2024-10-28,SKU01,12.0,5388.0,449.0,1
2024-10-29,SKU01,6.0,2694.0,449.0,1
2024-10-30,SKU01,16.0,7184.0,449.0,1
2024-10-31,SKU01,10.0,4490.0,449.0,1
2024-11-01,SKU01,12.0,5388.0,449.0,1
2024-11-02,SKU01,8.0,3992.0,499.0,0
2024-11-03,SKU01,10.0,4990.0,499.0,0
2024-11-04,SKU01,8.0,3992.0,499.0,0
2024-11-05,SKU01,6.0,2994.0,499.0,0
2024-11-06,SKU01,8.0,3992.0,499.0,0
2024-11-07,SKU01,10.0,4990.0,499.0,0
2024-11-08,SKU01,8.0,3992.0,499.0,0
2024-11-09,SKU01,7.0,3493.0,499.0,0
2024-11-10,SKU01,12.0,5988.0,499.0,0
2024-11-11,SKU01,11.0,5489.0,499.0,0
2024-11-12,SKU01,10.0,4990.0,499.0,0
2024-11-13,SKU01,12.0,5988.0,499.0,0
2024-11-14,SKU01,10.0,4990.0,499.0,0
2024-11-15,SKU01,7.0,3493.0,499.0,0
2024-11-16,SKU01,11.0,5489.0,499.0,0
2024-11-17,SKU01,10.0,4990.0,499.0,0
2024-11-18,SKU01,10.0,4990.0,499.0,0
2024-11-19,SKU01,4.0,1996.0,499.0,0
2024-11-20,SKU01,11.0,5489.0,499.0,0
2024-11-21,SKU01,6.0,2994.0,499.0,0
2024-11-22,SKU01,8.0,3992.0,499.0,0
2024-11-23,SKU01,10.0,4990.0,499.0,0
2024-11-24,SKU01,9.0,4491.0,499.0,0
2024-11-25,SKU01,9.0,4491.0,499.0,0
2024-11-26,SKU01,8.0,3992.0,499.0,0
2024-11-27,SKU01,0.0,0.0,499.0,0
2024-11-28,SKU01,7.0,3493.0,499.0,0
2024-11-29,SKU01,11.0,5489.0,499.0,0
2024-11-30,SKU01,13.0,6487.0,499.0,0
2024-12-01,SKU01,14.0,6986.0,499.0,0
2024-12-02,SKU01,7.0,3493.0,499.0,0
2024-12-03,SKU01,5.0,2495.0,499.0,0
2024-12-04,SKU01,5.0,2495.0,499.0,0
2024-12-05,SKU01,4.0,1996.0,499.0,0
2024-12-06,SKU01,9.0,4491.0,499.0,0
2024-12-07,SKU01,7.0,3493.0,499.0,0
2024-12-08,SKU01,10.0,4990.0,499.0,0
2024-12-09,SKU01,8.0,3992.0,499.0,0
2024-12-10,SKU01,8.0,3992.0,499.0,0
2024-12-11,SKU01,8.0,3992.0,499.0,0
2024-12-12,SKU01,9.0,4491.0,499.0,0
2024-12-13,SKU01,12.0,5988.0,499.0,0
2024-12-14,SKU01,7.0,3493.0,499.0,0
2024-12-15,SKU01,11.0,5489.0,499.0,0
2024-12-16,SKU01,4.0,1996.0,499.0,0
2024-12-17,SKU01,6.0,2994.0,499.0,0
2024-12-18,SKU01,4.0,1996.0,499.0,0
2024-12-19,SKU01,5.0,2495.0,499.0,0
2024-12-20,SKU01,11.0,4939.0,449.0,1
2024-12-21,SKU01,17.0,7633.0,449.0,1
2024-12-22,SKU01,18.0,8082.0,449.0,1
2024-12-23,SKU01,12.0,5388.0,449.0,1
2024-12-24,SKU01,15.0,6735.0,449.0,1
2024-12-25,SKU01,13.0,5837.0,449.0,1
2024-12-26,SKU01,9.0,4041.0,449.0,1
2024-12-27,SKU01,6.0,2694.0,449.0,1
2024-12-28,SKU01,22.0,9878.0,449.0,1
2024-12-29,SKU01,26.0,11674.0,449.0,1
2024-12-30,SKU01,12.0,5388.0,449.0,1
2024-12-31,SKU01,11.0,4939.0,449.0,1
2025-01-01,SKU01,8.0,3992.0,499.0,0
2025-01-02,SKU01,8.0,3992.0,499.0,0
2025-01-03,SKU01,7.0,3493.0,499.0,0
2025-01-04,SKU01,13.0,6487.0,499.0,0
2025-01-05,SKU01,5.0,2495.0,499.0,0
2025-01-06,SKU01,4.0,1996.0,499.0,0
2025-01-07,SKU01,5.0,2495.0,499.0,0
2025-01-08,SKU01,16.0,7984.0,499.0,0
2025-01-09,SKU01,9.0,4491.0,499.0,0
2025-01-10,SKU01,5.0,2495.0,499.0,0
2025-01-11,SKU01,9.0,4491.0,499.0,0
2025-01-12,SKU01,8.0,3992.0,499.0,0
2025-01-13,SKU01,7.0,3493.0,499.0,0
2025-01-14,SKU01,12.0,5988.0,499.0,0
2025-01-15,SKU01,8.0,3992.0,499.0,0
2025-01-16,SKU01,9.0,4491.0,499.0,0
2025-01-17,SKU01,8.0,3992.0,499.0,0
2025-01-18,SKU01,17.0,8483.0,499.0,0
2025-01-19,SKU01,9.0,4491.0,499.0,0
2025-01-20,SKU01,12.0,5388.0,449.0,1
2025-01-21,SKU01,18.0,8082.0,449.0,1
2025-01-22,SKU01,15.0,6735.0,449.0,1
2025-01-23,SKU01,11.0,4939.0,449.0,1
2025-01-24,SKU01,8.0,3592.0,449.0,1
2025-01-25,SKU01,14.0,6286.0,449.0,1
2025-01-26,SKU01,17.0,7633.0,449.0,1
2025-01-27,SKU01,7.0,3493.0,499.0,0
2025-01-28,SKU01,13.0,6487.0,499.0,0
2025-01-29,SKU01,11.0,5489.0,499.0,0
2025-01-30,SKU01,9.0,4491.0,499.0,0
2025-01-31,SKU01,9.0,4491.0,499.0,0
2025-02-01,SKU01,13.0,6487.0,499.0,0
2025-02-02,SKU01,18.0,8982.0,499.0,0
2025-02-03,SKU01,10.0,4990.0,499.0,0
2025-02-04,SKU01,7.0,3493.0,499.0,0
2025-02-05,SKU01,5.0,2495.0,499.0,0
2025-02-06,SKU01,11.0,5489.0,499.0,0
2025-02-07,SKU01,6.0,2994.0,499.0,0
2025-02-08,SKU01,6.0,2994.0,499.0,0
2025-02-09,SKU01,9.0,4491.0,499.0,0
2025-02-10,SKU01,12.0,5988.0,499.0,0
2025-02-11,SKU01,8.0,3992.0,499.0,0
2025-02-12,SKU01,7.0,3493.0,499.0,0
2025-02-13,SKU01,6.0,2994.0,499.0,0
2025-02-14,SKU01,7.0,3493.0,499.0,0
2025-02-15,SKU01,12.0,5988.0,499.0,0
2025-02-16,SKU01,9.0,4491.0,499.0,0
2025-02-17,SKU01,11.0,5489.0,499.0,0
2025-02-18,SKU01,8.0,3992.0,499.0,0
2025-02-19,SKU01,16.0,7984.0,499.0,0
2025-02-20,SKU01,12.0,5988.0,499.0,0
2025-02-21,SKU01,12.0,5988.0,499.0,0
2025-02-22,SKU01,12.0,5988.0,499.0,0
2025-02-23,SKU01,5.0,2495.0,499.0,0
2025-02-24,SKU01,11.0,5489.0,499.0,0
2025-02-25,SKU01,11.0,5489.0,499.0,0
2025-02-26,SKU01,12.0,5988.0,499.0,0
2025-02-27,SKU01,6.0,2994.0,499.0,0
2025-02-28,SKU01,10.0,4990.0,499.0,0
2025-03-01,SKU01,8.0,3992.0,499.0,0
2025-03-02,SKU01,11.0,5489.0,499.0,0
2025-03-03,SKU01,15.0,7485.0,499.0,0
2025-03-04,SKU01,15.0,7485.0,499.0,0
2025-03-05,SKU01,14.0,6986.0,499.0,0
2025-03-06,SKU01,11.0,5489.0,499.0,0
2025-03-07,SKU01,12.0,5988.0,499.0,0
2025-03-08,SKU01,22.0,10978.0,499.0,0
2025-03-09,SKU01,16.0,7984.0,499.0,0
2025-03-10,SKU01,11.0,5489.0,499.0,0
2025-03-11,SKU01,9.0,4491.0,499.0,0
2025-03-12,SKU01,11.0,5489.0,499.0,0
2025-03-13,SKU01,20.0,9980.0,499.0,0
2025-03-14,SKU01,11.0,5489.0,499.0,0
2025-03-15,SKU01,14.0,6986.0,499.0,0
2025-03-16,SKU01,11.0,5489.0,499.0,0
2025-03-17,SKU01,10.0,4990.0,499.0,0
2025-03-18,SKU01,12.0,5988.0,499.0,0
2025-03-19,SKU01,13.0,6487.0,499.0,0
2025-03-20,SKU01,12.0,5988.0,499.0,0
2025-03-21,SKU01,3.0,1497.0,499.0,0
2025-03-22,SKU01,14.0,6986.0,499.0,0
2025-03-23,SKU01,7.0,3493.0,499.0,0
2025-03-24,SKU01,9.0,4491.0,499.0,0
2025-03-25,SKU01,11.0,5489.0,499.0,0
2025-03-26,SKU01,13.0,6487.0,499.0,0
2025-03-27,SKU01,6.0,2994.0,499.0,0
2025-03-28,SKU01,10.0,4990.0,499.0,0
2025-03-29,SKU01,14.0,6986.0,499.0,0
2025-03-30,SKU01,15.0,7485.0,499.0,0
2025-03-31,SKU01,13.0,6487.0,499.0,0
2025-04-01,SKU01,11.0,5489.0,499.0,0
2025-04-02,SKU01,9.0,4491.0,499.0,0
2025-04-03,SKU01,12.0,5988.0,499.0,0
2025-04-04,SKU01,12.0,5988.0,499.0,0
2025-04-05,SKU01,12.0,5988.0,499.0,0
2025-04-06,SKU01,8.0,3992.0,499.0,0
2025-04-07,SKU01,12.0,5988.0,499.0,0
2025-04-08,SKU01,11.0,5489.0,499.0,0
2025-04-09,SKU01,15.0,7485.0,499.0,0
2025-04-10,SKU01,14.0,6986.0,499.0,0
2025-04-11,SKU01,14.0,6986.0,499.0,0
2025-04-12,SKU01,14.0,6986.0,499.0,0
2025-04-13,SKU01,14.0,6986.0,499.0,0
2025-04-14,SKU01,7.0,3493.0,499.0,0
2025-04-15,SKU01,16.0,7984.0,499.0,0
2025-04-16,SKU01,11.0,5489.0,499.0,0
2025-04-17,SKU01,12.0,5988.0,499.0,0
2025-04-18,SKU01,17.0,8483.0,499.0,0
2025-04-19,SKU01,16.0,7984.0,499.0,0
2025-04-20,SKU01,16.0,7984.0,499.0,0
2025-04-21,SKU01,11.0,5489.0,499.0,0
2025-04-22,SKU01,13.0,6487.0,499.0,0
2025-04-23,SKU01,12.0,5988.0,499.0,0
2025-04-24,SKU01,15.0,7485.0,499.0,0
2025-04-25,SKU01,8.0,3992.0,499.0,0
2025-04-26,SKU01,13.0,6487.0,499.0,0
2025-04-27,SKU01,12.0,5988.0,499.0,0
2025-04-28,SKU01,10.0,4990.0,499.0,0
2025-04-29,SKU01,20.0,9980.0,499.0,0
2025-04-30,SKU01,17.0,8483.0,499.0,0
2025-05-01,SKU01,16.0,7984.0,499.0,0
2025-05-02,SKU01,11.0,5489.0,499.0,0
2025-05-03,SKU01,18.0,8982.0,499.0,0
2025-05-04,SKU01,14.0,6986.0,499.0,0
2025-05-05,SKU01,15.0,7485.0,499.0,0
2025-05-06,SKU01,18.0,8982.0,499.0,0
2025-05-07,SKU01,9.0,4491.0,499.0,0
2025-05-08,SKU01,24.0,11976.0,499.0,0
2025-05-09,SKU01,10.0,4990.0,499.0,0
2025-05-10,SKU01,30.0,13470.0,449.0,1
2025-05-11,SKU01,24.0,10776.0,449.0,1
2025-05-12,SKU01,17.0,7633.0,449.0,1
2025-05-13,SKU01,14.0,6286.0,449.0,1
2025-05-14,SKU01,23.0,10327.0,449.0,1
2025-05-15,SKU01,18.0,8082.0,449.0,1
2025-05-16,SKU01,20.0,8980.0,449.0,1
2025-05-17,SKU01,20.0,8980.0,449.0,1
2025-05-18,SKU01,19.0,8531.0,449.0,1
2025-05-19,SKU01,22.0,9878.0,449.0,1
2025-05-20,SKU01,14.0,6286.0,449.0,1
2025-05-21,SKU01,11.0,5489.0,499.0,0
2025-05-22,SKU01,9.0,4491.0,499.0,0
2025-05-23,SKU01,13.0,6487.0,499.0,0
2025-05-24,SKU01,12.0,5988.0,499.0,0
2025-05-25,SKU01,21.0,10479.0,499.0,0
2025-05-26,SKU01,15.0,7485.0,499.0,0
2025-05-27,SKU01,7.0,3493.0,499.0,0
2025-05-28,SKU01,12.0,5988.0,499.0,0
2025-05-29,SKU01,9.0,4491.0,499.0,0
2025-05-30,SKU01,18.0,8982.0,499.0,0
2025-05-31,SKU01,19.0,9481.0,499.0,0
2025-06-01,SKU01,18.0,8982.0,499.0,0
2025-06-02,SKU01,10.0,4990.0,499.0,0
2025-06-03,SKU01,8.0,3992.0,499.0,0
2025-06-04,SKU01,14.0,6986.0,499.0,0
2025-06-05,SKU01,9.0,4491.0,499.0,0
2025-06-06,SKU01,15.0,7485.0,499.0,0
2025-06-07,SKU01,24.0,11976.0,499.0,0
2025-06-08,SKU01,21.0,10479.0,499.0,0
2025-06-09,SKU01,17.0,8483.0,499.0,0
2025-06-10,SKU01,14.0,6986.0,499.0,0
2025-06-11,SKU01,15.0,7485.0,499.0,0
2025-06-12,SKU01,6.0,2994.0,499.0,0
2025-06-13,SKU01,8.0,3992.0,499.0,0
2025-06-14,SKU01,14.0,6986.0,499.0,0
2025-06-15,SKU01,12.0,5988.0,499.0,0
2025-06-16,SKU01,15.0,7485.0,499.0,0
2025-06-17,SKU01,10.0,4990.0,499.0,0
2025-06-18,SKU01,12.0,5988.0,499.0,0
2025-06-19,SKU01,10.0,4990.0,499.0,0
2025-06-20,SKU01,12.0,5988.0,499.0,0
2025-06-21,SKU01,12.0,5988.0,499.0,0
2025-06-22,SKU01,15.0,7485.0,499.0,0
2025-06-23,SKU01,15.0,7485.0,499.0,0
2025-06-24,SKU01,14.0,6986.0,499.0,0
2025-06-25,SKU01,11.0,5489.0,499.0,0
2025-06-26,SKU01,16.0,7984.0,499.0,0
2025-06-27,SKU01,12.0,5988.0,499.0,0
2025-06-28,SKU01,12.0,5988.0,499.0,0
2025-06-29,SKU01,12.0,5988.0,499.0,0
2025-06-30,SKU01,16.0,7984.0,499.0,0
2025-07-01,SKU01,11.0,5489.0,499.0,0
2025-07-02,SKU01,16.0,7984.0,499.0,0
2025-07-03,SKU01,14.0,6986.0,499.0,0
2025-07-04,SKU01,15.0,7485.0,499.0,0
2025-07-05,SKU01,14.0,6986.0,499.0,0
2025-07-06,SKU01,13.0,6487.0,499.0,0
2025-07-07,SKU01,11.0,5489.0,499.0,0
2025-07-08,SKU01,11.0,5489.0,499.0,0
2025-07-09,SKU01,19.0,9481.0,499.0,0
2025-07-10,SKU01,14.0,6986.0,499.0,0
2025-07-11,SKU01,7.0,3493.0,499.0,0
2025-07-12,SKU01,13.0,6487.0,499.0,0
2025-07-13,SKU01,16.0,7984.0,499.0,0
2025-07-14,SKU01,8.0,3992.0,499.0,0
2025-07-15,SKU01,13.0,6487.0,499.0,0
2025-07-16,SKU01,13.0,6487.0,499.0,0
2025-07-17,SKU01,7.0,3493.0,499.0,0
2025-07-18,SKU01,13.0,6487.0,499.0,0
2025-07-19,SKU01,28.0,13972.0,499.0,0
2025-07-20,SKU01,16.0,7984.0,499.0,0
2025-07-21,SKU01,11.0,5489.0,499.0,0
2025-07-22,SKU01,11.0,5489.0,499.0,0
2025-07-23,SKU01,22.0,10978.0,499.0,0
2025-07-24,SKU01,18.0,8982.0,499.0,0
2025-07-25,SKU01,14.0,6986.0,499.0,0
2025-07-26,SKU01,15.0,7485.0,499.0,0
2025-07-27,SKU01,14.0,6986.0,499.0,0
2025-07-28,SKU01,9.0,4491.0,499.0,0
2025-07-29,SKU01,8.0,3992.0,499.0,0
2025-07-30,SKU01,5.0,2495.0,499.0,0
2025-07-31,SKU01,14.0,6986.0,499.0,0
2025-08-01,SKU01,10.0,4990.0,499.0,0
2025-08-02,SKU01,16.0,7984.0,499.0,0
2025-08-03,SKU01,15.0,7485.0,499.0,0
2025-08-04,SKU01,13.0,6487.0,499.0,0
2025-08-05,SKU01,10.0,4990.0,499.0,0
2025-08-06,SKU01,9.0,4491.0,499.0,0
2025-08-07,SKU01,15.0,7485.0,499.0,0
2025-08-08,SKU01,9.0,4491.0,499.0,0
2025-08-09,SKU01,12.0,5988.0,499.0,0
2025-08-10,SKU01,10.0,4990.0,499.0,0
2025-08-11,SKU01,11.0,5489.0,499.0,0
2025-08-12,SKU01,7.0,3493.0,499.0,0
2025-08-13,SKU01,6.0,2994.0,499.0,0
2025-08-14,SKU01,8.0,3992.0,499.0,0
2025-08-15,SKU01,11.0,5489.0,499.0,0
2025-08-16,SKU01,15.0,7485.0,499.0,0
2025-08-17,SKU01,13.0,6487.0,499.0,0
2025-08-18,SKU01,11.0,5489.0,499.0,0
2025-08-19,SKU01,12.0,5988.0,499.0,0
2025-08-20,SKU01,12.0,5988.0,499.0,0
2025-08-21,SKU01,6.0,2994.0,499.0,0
2025-08-22,SKU01,4.0,1996.0,499.0,0
2025-08-23,SKU01,6.0,2994.0,499.0,0
2025-08-24,SKU01,9.0,4491.0,499.0,0
2025-08-25,SKU01,9.0,4491.0,499.0,0
2025-08-26,SKU01,11.0,5489.0,499.0,0
2025-08-27,SKU01,12.0,5988.0,499.0,0
2025-08-28,SKU01,23.0,11477.0,499.0,0
2025-08-29,SKU01,14.0,6986.0,499.0,0
2025-08-30,SKU01,10.0,4990.0,499.0,0
2025-08-31,SKU01,7.0,3493.0,499.0,0
2025-09-01,SKU01,11.0,5489.0,499.0,0
2025-09-02,SKU01,5.0,2495.0,499.0,0
2025-09-03,SKU01,13.0,6487.0,499.0,0
2025-09-04,SKU01,8.0,3992.0,499.0,0
2025-09-05,SKU01,17.0,8483.0,499.0,0
2025-09-06,SKU01,11.0,5489.0,499.0,0
2025-09-07,SKU01,11.0,5489.0,499.0,0
2025-09-08,SKU01,10.0,4990.0,499.0,0
2025-09-09,SKU01,8.0,3992.0,499.0,0
2025-09-10,SKU01,11.0,5489.0,499.0,0
2025-09-11,SKU01,14.0,6986.0,499.0,0
2025-09-12,SKU01,11.0,5489.0,499.0,0
2025-09-13,SKU01,12.0,5988.0,499.0,0
2025-09-14,SKU01,12.0,5988.0,499.0,0
2025-09-15,SKU01,14.0,6986.0,499.0,0
2025-09-16,SKU01,10.0,4990.0,499.0,0
2025-09-17,SKU01,11.0,5489.0,499.0,0
2025-09-18,SKU01,11.0,5489.0,499.0,0
2025-09-19,SKU01,9.0,4491.0,499.0,0
2025-09-20,SKU01,17.0,8483.0,499.0,0
2025-09-21,SKU01,11.0,5489.0,499.0,0
2025-09-22,SKU01,9.0,4491.0,499.0,0
2025-09-23,SKU01,6.0,2994.0,499.0,0
2025-09-24,SKU01,10.0,4990.0,499.0,0
2025-09-25,SKU01,9.0,4491.0,499.0,0
2025-09-26,SKU01,6.0,2994.0,499.0,0
2025-09-27,SKU01,7.0,3493.0,499.0,0
2025-09-28,SKU01,8.0,3992.0,499.0,0
2025-09-29,SKU01,14.0,6986.0,499.0,0
2025-09-30,SKU01,6.0,2994.0,499.0,0
2025-10-01,SKU01,5.0,2495.0,499.0,0
2025-10-02,SKU01,9.0,4491.0,499.0,0
2025-10-03,SKU01,10.0,4990.0,499.0,0
2025-10-04,SKU01,6.0,2994.0,499.0,0
2025-10-05,SKU01,9.0,4491.0,499.0,0
2025-10-06,SKU01,13.0,6487.0,499.0,0
2025-10-07,SKU01,6.0,2994.0,499.0,0
2025-10-08,SKU01,6.0,2994.0,499.0,0
2025-10-09,SKU01,12.0,5988.0,499.0,0
2025-10-10,SKU01,15.0,6735.0,449.0,1
2025-10-11,SKU01,14.0,6286.0,449.0,1
2025-10-12,SKU01,12.0,5388.0,449.0,1
2025-10-13,SKU01,15.0,6735.0,449.0,1
2025-10-14,SKU01,7.0,3143.0,449.0,1
2025-10-15,SKU01,11.0,4939.0,449.0,1
2025-10-16,SKU01,14.0,6286.0,449.0,1
2025-10-17,SKU01,16.0,7184.0,449.0,1
2025-10-18,SKU01,16.0,7184.0,449.0,1
2025-10-19,SKU01,24.0,10776.0,449.0,1
2025-10-20,SKU01,18.0,8082.0,449.0,1
2025-10-21,SKU01,3.0,1497.0,499.0,0
2025-10-22,SKU01,8.0,3992.0,499.0,0
2025-10-23,SKU01,7.0,3493.0,499.0,0
2025-10-24,SKU01,6.0,2994.0,499.0,0
2025-10-25,SKU01,9.0,4491.0,499.0,0
2025-10-26,SKU01,8.0,3992.0,499.0,0
2025-10-27,SKU01,9.0,4491.0,499.0,0
2025-10-28,SKU01,2.0,998.0,499.0,0
2025-10-29,SKU01,11.0,5489.0,499.0,0
2025-10-30,SKU01,8.0,3992.0,499.0,0
2025-10-31,SKU01,7.0,3493.0,499.0,0
2025-11-01,SKU01,16.0,7984.0,499.0,0
2025-11-02,SKU01,7.0,3493.0,499.0,0
2025-11-03,SKU01,7.0,3493.0,499.0,0
2025-11-04,SKU01,6.0,2994.0,499.0,0
2025-11-05,SKU01,10.0,4990.0,499.0,0
2025-11-06,SKU01,6.0,2994.0,499.0,0
2025-11-07,SKU01,11.0,5489.0,499.0,0
2025-11-08,SKU01,8.0,3992.0,499.0,0
2025-11-09,SKU01,11.0,5489.0,499.0,0
2025-11-10,SKU01,4.0,1996.0,499.0,0
2025-11-11,SKU01,9.0,4491.0,499.0,0
2025-11-12,SKU01,1.0,499.0,499.0,0
2025-11-13,SKU01,8.0,3992.0,499.0,0
2025-11-14,SKU01,11.0,5489.0,499.0,0
2025-11-15,SKU01,9.0,4491.0,499.0,0
2025-11-16,SKU01,11.0,5489.0,499.0,0
2025-11-17,SKU01,10.0,4990.0,499.0,0
2025-11-18,SKU01,10.0,4990.0,499.0,0
2025-11-19,SKU01,17.0,8483.0,499.0,0
2025-11-20,SKU01,6.0,2994.0,499.0,0
2025-11-21,SKU01,4.0,1996.0,499.0,0
2025-11-22,SKU01,13.0,6487.0,499.0,0
2025-11-23,SKU01,11.0,5489.0,499.0,0
2025-11-24,SKU01,9.0,4491.0,499.0,0
2025-11-25,SKU01,14.0,6986.0,499.0,0
2025-11-26,SKU01,11.0,5489.0,499.0,0
2025-11-27,SKU01,11.0,5489.0,499.0,0
2025-11-28,SKU01,6.0,2994.0,499.0,0
2025-11-29,SKU01,9.0,4491.0,499.0,0
2025-11-30,SKU01,6.0,2994.0,499.0,0
2025-12-01,SKU01,3.0,1497.0,499.0,0
2025-12-02,SKU01,9.0,4491.0,499.0,0
2025-12-03,SKU01,12.0,5988.0,499.0,0
2025-12-04,SKU01,7.0,3493.0,499.0,0
2025-12-05,SKU01,6.0,2994.0,499.0,0
2025-12-06,SKU01,13.0,6487.0,499.0,0
2025-12-07,SKU01,9.0,4491.0,499.0,0
2025-12-08,SKU01,6.0,2994.0,499.0,0
2025-12-09,SKU01,8.0,3992.0,499.0,0
2025-12-10,SKU01,7.0,3493.0,499.0,0
2025-12-11,SKU01,8.0,3992.0,499.0,0
2025-12-12,SKU01,7.0,3493.0,499.0,0
2025-12-13,SKU01,5.0,2495.0,499.0,0
2025-12-14,SKU01,13.0,6487.0,499.0,0
2025-12-15,SKU01,3.0,1497.0,499.0,0
2025-12-16,SKU01,6.0,2994.0,499.0,0
2025-12-17,SKU01,21.0,10479.0,499.0,0
2025-12-18,SKU01,12.0,5988.0,499.0,0
2025-12-19,SKU01,8.0,3992.0,499.0,0
2025-12-20,SKU01,16.0,7184.0,449.0,1
2025-12-21,SKU01,19.0,8531.0,449.0,1
2025-12-22,SKU01,11.0,4939.0,449.0,1
2025-12-23,SKU01,11.0,4939.0,449.0,1
2025-12-24,SKU01,10.0,4490.0,449.0,1
2025-12-25,SKU01,19.0,8531.0,449.0,1
2025-12-26,SKU01,11.0,4939.0,449.0,1
2025-12-27,SKU01,16.0,7184.0,449.0,1
2025-12-28,SKU01,9.0,4041.0,449.0,1
2024-01-01,SKU02,28.0,8372.0,299.0,0
2024-01-02,SKU02,11.0,3289.0,299.0,0
2024-01-03,SKU02,9.0,2691.0,299.0,0
2024-01-04,SKU02,16.0,4784.0,299.0,0
2024-01-05,SKU02,12.0,3588.0,299.0,0
2024-01-06,SKU02,13.0,3887.0,299.0,0
2024-01-07,SKU02,19.0,5681.0,299.0,0
2024-01-08,SKU02,17.0,5083.0,299.0,0
2024-01-09,SKU02,11.0,3289.0,299.0,0
2024-01-10,SKU02,10.0,2990.0,299.0,0
2024-01-11,SKU02,10.0,2990.0,299.0,0
2024-01-12,SKU02,9.0,2691.0,299.0,0
2024-01-13,SKU02,21.0,6279.0,299.0,0
2024-01-14,SKU02,12.0,3588.0,299.0,0
2024-01-15,SKU02,6.0,1794.0,299.0,0
2024-01-16,SKU02,13.0,3887.0,299.0,0
2024-01-17,SKU02,11.0,3289.0,299.0,0
2024-01-18,SKU02,15.0,4485.0,299.0,0
2024-01-19,SKU02,14.0,4186.0,299.0,0
2024-01-20,SKU02,23.0,6187.0,269.0,1
2024-01-21,SKU02,28.0,7532.0,269.0,1
2024-01-22,SKU02,22.0,5918.0,269.0,1
2024-01-23,SKU02,20.0,5380.0,269.0,1
2024-01-24,SKU02,20.0,5380.0,269.0,1
2024-01-25,SKU02,17.0,4573.0,269.0,1
2024-01-26,SKU02,27.0,7263.0,269.0,1
2024-01-27,SKU02,17.0,5083.0,299.0,0
2024-01-28,SKU02,20.0,5980.0,299.0,0
2024-01-29,SKU02,11.0,3289.0,299.0,0
2024-01-30,SKU02,11.0,3289.0,299.0,0
2024-01-31,SKU02,12.0,3588.0,299.0,0
2024-02-01,SKU02,10.0,2990.0,299.0,0
2024-02-02,SKU02,13.0,3887.0,299.0,0
2024-02-03,SKU02,10.0,2990.0,299.0,0
2024-02-04,SKU02,15.0,4485.0,299.0,0
2024-02-05,SKU02,11.0,3289.0,299.0,0
2024-02-06,SKU02,10.0,2990.0,299.0,0
2024-02-07,SKU02,13.0,3887.0,299.0,0
2024-02-08,SKU02,10.0,2990.0,299.0,0
2024-02-09,SKU02,12.0,3588.0,299.0,0
2024-02-10,SKU02,26.0,7774.0,299.0,0
2024-02-11,SKU02,15.0,4485.0,299.0,0
2024-02-12,SKU02,19.0,5681.0,299.0,0
2024-02-13,SKU02,10.0,2990.0,299.0,0
2024-02-14,SKU02,15.0,4485.0,299.0,0
2024-02-15,SKU02,14.0,4186.0,299.0,0
2024-02-16,SKU02,12.0,3588.0,299.0,0
2024-02-17,SKU02,12.0,3588.0,299.0,0
2024-02-18,SKU02,20.0,5980.0,299.0,0
2024-02-19,SKU02,13.0,3887.0,299.0,0
2024-02-20,SKU02,18.0,5382.0,299.0,0
2024-02-21,SKU02,17.0,5083.0,299.0,0
2024-02-22,SKU02,12.0,3588.0,299.0,0
2024-02-23,SKU02,11.0,3289.0,299.0,0
2024-02-24,SKU02,13.0,3887.0,299.0,0
2024-02-25,SKU02,16.0,4784.0,299.0,0
2024-02-26,SKU02,12.0,3588.0,299.0,0
2024-02-27,SKU02,17.0,5083.0,299.0,0
2024-02-28,SKU02,19.0,5681.0,299.0,0
2024-02-29,SKU02,13.0,3887.0,299.0,0
2024-03-01,SKU02,16.0,4784.0,299.0,0
2024-03-02,SKU02,22.0,6578.0,299.0,0
2024-03-03,SKU02,16.0,4784.0,299.0,0
2024-03-04,SKU02,10.0,2990.0,299.0,0
2024-03-05,SKU02,14.0,4186.0,299.0,0
2024-03-06,SKU02,7.0,2093.0,299.0,0
2024-03-07,SKU02,8.0,2392.0,299.0,0
2024-03-08,SKU02,13.0,3887.0,299.0,0
2024-03-09,SKU02,21.0,6279.0,299.0,0
2024-03-10,SKU02,9.0,2691.0,299.0,0
2024-03-11,SKU02,10.0,2990.0,299.0,0
2024-03-12,SKU02,14.0,4186.0,299.0,0
2024-03-13,SKU02,19.0,5681.0,299.0,0
2024-03-14,SKU02,11.0,3289.0,299.0,0
2024-03-15,SKU02,7.0,2093.0,299.0,0
2024-03-16,SKU02,12.0,3588.0,299.0,0
2024-03-17,SKU02,8.0,2392.0,299.0,0
2024-03-18,SKU02,8.0,2392.0,299.0,0
2024-03-19,SKU02,7.0,2093.0,299.0,0
2024-03-20,SKU02,8.0,2392.0,299.0,0
2024-03-21,SKU02,8.0,2392.0,299.0,0
2024-03-22,SKU02,7.0,2093.0,299.0,0
2024-03-23,SKU02,16.0,4784.0,299.0,0
2024-03-24,SKU02,14.0,4186.0,299.0,0
2024-03-25,SKU02,11.0,3289.0,299.0,0
2024-03-26,SKU02,5.0,1495.0,299.0,0
2024-03-27,SKU02,11.0,3289.0,299.0,0
2024-03-28,SKU02,9.0,2691.0,299.0,0
2024-03-29,SKU02,11.0,3289.0,299.0,0
2024-03-30,SKU02,10.0,2990.0,299.0,0
2024-03-31,SKU02,12.0,3588.0,299.0,0
2024-04-01,SKU02,8.0,2392.0,299.0,0
2024-04-02,SKU02,8.0,2392.0,299.0,0
2024-04-03,SKU02,7.0,2093.0,299.0,0
2024-04-04,SKU02,12.0,3588.0,299.0,0
2024-04-05,SKU02,12.0,3588.0,299.0,0
2024-04-06,SKU02,13.0,3887.0,299.0,0
2024-04-07,SKU02,16.0,4784.0,299.0,0
2024-04-08,SKU02,8.0,2392.0,299.0,0
2024-04-09,SKU02,18.0,5382.0,299.0,0
2024-04-10,SKU02,13.0,3887.0,299.0,0
2024-04-11,SKU02,16.0,4784.0,299.0,0
2024-04-12,SKU02,9.0,2691.0,299.0,0
2024-04-13,SKU02,14.0,4186.0,299.0,0
2024-04-14,SKU02,12.0,3588.0,299.0,0
2024-04-15,SKU02,15.0,4485.0,299.0,0
2024-04-16,SKU02,14.0,4186.0,299.0,0
2024-04-17,SKU02,13.0,3887.0,299.0,0
2024-04-18,SKU02,16.0,4784.0,299.0,0
2024-04-19,SKU02,8.0,2392.0,299.0,0
2024-04-20,SKU02,11.0,3289.0,299.0,0
2024-04-21,SKU02,15.0,4485.0,299.0,0
2024-04-22,SKU02,10.0,2990.0,299.0,0
2024-04-23,SKU02,14.0,4186.0,299.0,0
2024-04-24,SKU02,18.0,5382.0,299.0,0
2024-04-25,SKU02,13.0,3887.0,299.0,0
2024-04-26,SKU02,11.0,3289.0,299.0,0
2024-04-27,SKU02,16.0,4784.0,299.0,0
2024-04-28,SKU02,9.0,2691.0,299.0,0
2024-04-29,SKU02,12.0,3588.0,299.0,0
2024-04-30,SKU02,7.0,2093.0,299.0,0
2024-05-01,SKU02,9.0,2691.0,299.0,0
2024-05-02,SKU02,11.0,3289.0,299.0,0
2024-05-03,SKU02,10.0,2990.0,299.0,0
2024-05-04,SKU02,,2990.0,299.0,0
2024-05-05,SKU02,11.0,3289.0,299.0,0
2024-05-06,SKU02,16.0,4784.0,299.0,0
2024-05-07,SKU02,11.0,3289.0,299.0,0
2024-05-08,SKU02,7.0,2093.0,299.0,0
2024-05-09,SKU02,7.0,2093.0,299.0,0
2024-05-10,SKU02,13.0,3497.0,269.0,1
2024-05-11,SKU02,21.0,5649.0,269.0,1
2024-05-12,SKU02,26.0,6994.0,269.0,1
2024-05-13,SKU02,17.0,4573.0,269.0,1
2024-05-14,SKU02,13.0,3497.0,269.0,1
2024-05-15,SKU02,9.0,2421.0,269.0,1
2024-05-16,SKU02,15.0,4035.0,269.0,1
2024-05-17,SKU02,19.0,5111.0,269.0,1
2024-05-18,SKU02,19.0,5111.0,269.0,1
2024-05-19,SKU02,16.0,4304.0,269.0,1
2024-05-20,SKU02,20.0,5380.0,269.0,1
2024-05-21,SKU02,6.0,1794.0,299.0,0
2024-05-22,SKU02,10.0,2990.0,299.0,0
2024-05-23,SKU02,15.0,4485.0,299.0,0
2024-05-24,SKU02,11.0,3289.0,299.0,0
2024-05-25,SKU02,13.0,3887.0,299.0,0
2024-05-26,SKU02,16.0,4784.0,299.0,0
2024-05-27,SKU02,10.0,2990.0,299.0,0
2024-05-28,SKU02,9.0,2691.0,299.0,0
2024-05-29,SKU02,7.0,2093.0,299.0,0
2024-05-30,SKU02,12.0,3588.0,299.0,0
2024-05-31,SKU02,9.0,2691.0,299.0,0
2024-06-01,SKU02,13.0,3887.0,299.0,0
2024-06-02,SKU02,12.0,3588.0,299.0,0
2024-06-03,SKU02,4.0,1196.0,299.0,0
2024-06-04,SKU02,7.0,2093.0,299.0,0
2024-06-05,SKU02,8.0,2392.0,299.0,0
2024-06-06,SKU02,9.0,2691.0,299.0,0
2024-06-07,SKU02,7.0,2093.0,299.0,0
2024-06-08,SKU02,11.0,3289.0,299.0,0
2024-06-09,SKU02,10.0,2990.0,299.0,0
2024-06-10,SKU02,10.0,2990.0,299.0,0
2024-06-11,SKU02,6.0,1794.0,299.0,0
2024-06-12,SKU02,13.0,3887.0,299.0,0
2024-06-13,SKU02,6.0,1794.0,299.0,0
2024-06-14,SKU02,10.0,2990.0,299.0,0
2024-06-15,SKU02,15.0,4485.0,299.0,0
2024-06-16,SKU02,17.0,5083.0,299.0,0
2024-06-17,SKU02,10.0,2990.0,299.0,0
2024-06-18,SKU02,15.0,4485.0,299.0,0
2024-06-19,SKU02,5.0,1495.0,299.0,0
2024-06-20,SKU02,13.0,3887.0,299.0,0
2024-06-21,SKU02,11.0,3289.0,299.0,0
2024-06-22,SKU02,16.0,4784.0,299.0,0
2024-06-23,SKU02,6.0,1794.0,299.0,0
2024-06-24,SKU02,7.0,2093.0,299.0,0
2024-06-25,SKU02,9.0,2691.0,299.0,0
2024-06-26,SKU02,6.0,1794.0,299.0,0
2024-06-27,SKU02,7.0,2093.0,299.0,0
2024-06-28,SKU02,12.0,3588.0,299.0,0
2024-06-29,SKU02,8.0,2392.0,299.0,0
2024-06-30,SKU02,18.0,5382.0,299.0,0
2024-07-01,SKU02,7.0,2093.0,299.0,0
2024-07-02,SKU02,13.0,3887.0,299.0,0
2024-07-03,SKU02,7.0,2093.0,299.0,0
2024-07-04,SKU02,15.0,4485.0,299.0,0
2024-07-05,SKU02,12.0,3588.0,299.0,0
2024-07-06,SKU02,17.0,5083.0,299.0,0
2024-07-07,SKU02,13.0,3887.0,299.0,0
2024-07-08,SKU02,8.0,2392.0,299.0,0
2024-07-09,SKU02,14.0,4186.0,299.0,0
2024-07-10,SKU02,6.0,1794.0,299.0,0
2024-07-11,SKU02,11.0,3289.0,299.0,0
2024-07-12,SKU02,5.0,1495.0,299.0,0
2024-07-13,SKU02,18.0,5382.0,299.0,0
2024-07-14,SKU02,17.0,5083.0,299.0,0
2024-07-15,SKU02,11.0,3289.0,299.0,0
2024-07-16,SKU02,10.0,2990.0,299.0,0
2024-07-17,SKU02,15.0,4485.0,299.0,0
2024-07-18,SKU02,15.0,4485.0,299.0,0
2024-07-19,SKU02,13.0,3887.0,299.0,0
2024-07-20,SKU02,12.0,3588.0,299.0,0
2024-07-21,SKU02,9.0,2691.0,299.0,0
2024-07-22,SKU02,12.0,3588.0,299.0,0
2024-07-23,SKU02,5.0,1495.0,299.0,0
2024-07-24,SKU02,12.0,3588.0,299.0,0
2024-07-25,SKU02,10.0,2990.0,299.0,0
2024-07-26,SKU02,12.0,3588.0,299.0,0
2024-07-27,SKU02,16.0,4784.0,299.0,0
2024-07-28,SKU02,12.0,3588.0,299.0,0
2024-07-29,SKU02,7.0,2093.0,299.0,0
2024-07-30,SKU02,10.0,2990.0,299.0,0
2024-07-31,SKU02,12.0,3588.0,299.0,0
2024-08-01,SKU02,15.0,4485.0,299.0,0
2024-08-02,SKU02,15.0,4485.0,299.0,0
2024-08-03,SKU02,13.0,3887.0,299.0,0
2024-08-04,SKU02,15.0,4485.0,299.0,0
2024-08-05,SKU02,5.0,1495.0,299.0,0
2024-08-06,SKU02,12.0,3588.0,299.0,0
2024-08-07,SKU02,17.0,5083.0,299.0,0
2024-08-08,SKU02,18.0,5382.0,299.0,0
2024-08-09,SKU02,11.0,3289.0,299.0,0
2024-08-10,SKU02,7.0,2093.0,299.0,0
2024-08-11,SKU02,19.0,5681.0,299.0,0
2024-08-12,SKU02,7.0,2093.0,299.0,0
2024-08-13,SKU02,9.0,2691.0,299.0,0
2024-08-14,SKU02,19.0,5681.0,299.0,0
2024-08-15,SKU02,19.0,5681.0,299.0,0
2024-08-16,SKU02,16.0,4784.0,299.0,0
2024-08-17,SKU02,8.0,2392.0,299.0,0
2024-08-18,SKU02,13.0,3887.0,299.0,0
2024-08-19,SKU02,15.0,4485.0,299.0,0
2024-08-20,SKU02,12.0,3588.0,299.0,0
2024-08-21,SKU02,7.0,2093.0,299.0,0
2024-08-22,SKU02,13.0,3887.0,299.0,0
2024-08-23,SKU02,11.0,3289.0,299.0,0
2024-08-24,SKU02,10.0,2990.0,299.0,0
2024-08-25,SKU02,11.0,3289.0,299.0,0
2024-08-26,SKU02,8.0,2392.0,299.0,0
2024-08-27,SKU02,10.0,2990.0,299.0,0
2024-08-28,SKU02,12.0,3588.0,299.0,0
2024-08-29,SKU02,18.0,5382.0,299.0,0
2024-08-30,SKU02,8.0,2392.0,299.0,0
2024-08-31,SKU02,17.0,5083.0,299.0,0
2024-09-01,SKU02,19.0,5681.0,299.0,0
2024-09-02,SKU02,14.0,4186.0,299.0,0
2024-09-03,SKU02,12.0,3588.0,299.0,0
2024-09-04,SKU02,16.0,4784.0,299.0,0
2024-09-05,SKU02,16.0,4784.0,299.0,0
2024-09-06,SKU02,10.0,2990.0,299.0,0
2024-09-07,SKU02,17.0,5083.0,299.0,0
2024-09-08,SKU02,15.0,4485.0,299.0,0
2024-09-09,SKU02,9.0,2691.0,299.0,0
2024-09-10,SKU02,9.0,2691.0,299.0,0
2024-09-11,SKU02,16.0,4784.0,299.0,0
2024-09-12,SKU02,13.0,3887.0,299.0,0
2024-09-13,SKU02,9.0,2691.0,299.0,0
2024-09-14,SKU02,13.0,3887.0,299.0,0
2024-09-15,SKU02,15.0,4485.0,299.0,0
2024-09-16,SKU02,9.0,2691.0,299.0,0
2024-09-17,SKU02,12.0,3588.0,299.0,0
2024-09-18,SKU02,14.0,4186.0,299.0,0
2024-09-19,SKU02,10.0,2990.0,299.0,0
2024-09-20,SKU02,11.0,3289.0,299.0,0
2024-09-21,SKU02,15.0,4485.0,299.0,0
2024-09-22,SKU02,24.0,7176.0,299.0,0
2024-09-23,SKU02,13.0,3887.0,299.0,0
2024-09-24,SKU02,14.0,4186.0,299.0,0
2024-09-25,SKU02,16.0,4784.0,299.0,0
2024-09-26,SKU02,12.0,3588.0,299.0,0
2024-09-27,SKU02,15.0,4485.0,299.0,0
2024-09-28,SKU02,22.0,6578.0,299.0,0
2024-09-29,SKU02,16.0,4784.0,299.0,0
2024-09-30,SKU02,25.0,7475.0,299.0,0
2024-10-01,SKU02,9.0,2691.0,299.0,0
2024-10-02,SKU02,14.0,4186.0,299.0,0
2024-10-03,SKU02,16.0,4784.0,299.0,0
2024-10-04,SKU02,11.0,3289.0,299.0,0
2024-10-05,SKU02,30.0,8970.0,299.0,0
2024-10-06,SKU02,19.0,5681.0,299.0,0
2024-10-07,SKU02,12.0,3588.0,299.0,0
2024-10-08,SKU02,9.0,2691.0,299.0,0
2024-10-09,SKU02,15.0,4485.0,299.0,0
2024-10-10,SKU02,9.0,2691.0,299.0,0
2024-10-11,SKU02,13.0,3887.0,299.0,0
2024-10-12,SKU02,18.0,5382.0,299.0,0
2024-10-13,SKU02,22.0,6578.0,299.0,0
2024-10-14,SKU02,14.0,4186.0,299.0,0
2024-10-15,SKU02,14.0,4186.0,299.0,0
2024-10-16,SKU02,13.0,3887.0,299.0,0
2024-10-17,SKU02,11.0,3289.0,299.0,0
2024-10-18,SKU02,13.0,3887.0,299.0,0
2024-10-19,SKU02,19.0,5681.0,299.0,0
2024-10-20,SKU02,13.0,3887.0,299.0,0
2024-10-21,SKU02,12.0,3588.0,299.0,0
2024-10-22,SKU02,19.0,5111.0,269.0,1
2024-10-23,SKU02,18.0,4842.0,269.0,1
2024-10-24,SKU02,21.0,5649.0,269.0,1
2024-10-25,SKU02,28.0,7532.0,269.0,1
2024-10-26,SKU02,29.0,7801.0,269.0,1
2024-10-27,SKU02,31.0,8339.0,269.0,1
2024-10-28,SKU02,23.0,6187.0,269.0,1
2024-10-29,SKU02,20.0,5380.0,269.0,1
2024-10-30,SKU02,22.0,5918.0,269.0,1
2024-10-31,SKU02,15.0,4035.0,269.0,1
2024-11-01,SKU02,34.0,9146.0,269.0,1
2024-11-02,SKU02,17.0,5083.0,299.0,0
2024-11-03,SKU02,19.0,5681.0,299.0,0
2024-11-04,SKU02,12.0,3588.0,299.0,0
2024-11-05,SKU02,13.0,3887.0,299.0,0
2024-11-06,SKU02,17.0,5083.0,299.0,0
2024-11-07,SKU02,17.0,5083.0,299.0,0
2024-11-08,SKU02,18.0,5382.0,299.0,0
2024-11-09,SKU02,22.0,6578.0,299.0,0
2024-11-10,SKU02,16.0,4784.0,299.0,0
2024-11-11,SKU02,19.0,5681.0,299.0,0
2024-11-12,SKU02,17.0,5083.0,299.0,0
2024-11-13,SKU02,16.0,4784.0,299.0,0
2024-11-14,SKU02,21.0,6279.0,299.0,0
2024-11-15,SKU02,14.0,4186.0,299.0,0
2024-11-16,SKU02,15.0,4485.0,299.0,0
2024-11-17,SKU02,12.0,3588.0,299.0,0
2024-11-18,SKU02,19.0,5681.0,299.0,0
2024-11-19,SKU02,22.0,6578.0,299.0,0
2024-11-20,SKU02,21.0,6279.0,299.0,0
2024-11-21,SKU02,16.0,4784.0,299.0,0
2024-11-22,SKU02,12.0,3588.0,299.0,0
2024-11-23,SKU02,15.0,4485.0,299.0,0
2024-11-24,SKU02,18.0,5382.0,299.0,0
2024-11-25,SKU02,17.0,5083.0,299.0,0
2024-11-26,SKU02,13.0,3887.0,299.0,0
2024-11-27,SKU02,12.0,3588.0,299.0,0
2024-11-28,SKU02,13.0,3887.0,299.0,0
2024-11-29,SKU02,15.0,4485.0,299.0,0
2024-11-30,SKU02,17.0,5083.0,299.0,0
2024-12-01,SKU02,20.0,5980.0,299.0,0
2024-12-02,SKU02,16.0,4784.0,299.0,0
2024-12-03,SKU02,24.0,7176.0,299.0,0
2024-12-04,SKU02,22.0,6578.0,299.0,0
2024-12-05,SKU02,17.0,5083.0,299.0,0
2024-12-06,SKU02,14.0,4186.0,299.0,0
2024-12-07,SKU02,16.0,4784.0,299.0,0
2024-12-08,SKU02,19.0,5681.0,299.0,0
2024-12-09,SKU02,13.0,3887.0,299.0,0
2024-12-10,SKU02,7.0,2093.0,299.0,0
2024-12-11,SKU02,18.0,5382.0,299.0,0
2024-12-12,SKU02,12.0,3588.0,299.0,0
2024-12-13,SKU02,6.0,1794.0,299.0,0
2024-12-14,SKU02,16.0,4784.0,299.0,0
2024-12-15,SKU02,19.0,5681.0,299.0,0
2024-12-16,SKU02,20.0,5980.0,299.0,0
2024-12-17,SKU02,10.0,2990.0,299.0,0
2024-12-18,SKU02,10.0,2990.0,299.0,0
2024-12-19,SKU02,11.0,3289.0,299.0,0
2024-12-20,SKU02,32.0,8608.0,269.0,1
2024-12-21,SKU02,20.0,5380.0,269.0,1
2024-12-22,SKU02,28.0,7532.0,269.0,1
2024-12-23,SKU02,21.0,5649.0,269.0,1
2024-12-24,SKU02,20.0,5380.0,269.0,1
2024-12-25,SKU02,25.0,6725.0,269.0,1
2024-12-26,SKU02,20.0,5380.0,269.0,1
2024-12-27,SKU02,17.0,4573.0,269.0,1
2024-12-28,SKU02,22.0,5918.0,269.0,1
2024-12-29,SKU02,27.0,7263.0,269.0,1
2024-12-30,SKU02,23.0,6187.0,269.0,1
2024-12-31,SKU02,27.0,7263.0,269.0,1
2025-01-01,SKU02,15.0,4485.0,299.0,0
2025-01-02,SKU02,20.0,5980.0,299.0,0
2025-01-03,SKU02,18.0,5382.0,299.0,0
2025-01-04,SKU02,19.0,5681.0,299.0,0
2025-01-05,SKU02,19.0,5681.0,299.0,0
2025-01-06,SKU02,14.0,4186.0,299.0,0
2025-01-07,SKU02,13.0,3887.0,299.0,0
2025-01-08,SKU02,15.0,4485.0,299.0,0
2025-01-09,SKU02,14.0,4186.0,299.0,0
2025-01-10,SKU02,12.0,3588.0,299.0,0
2025-01-11,SKU02,26.0,7774.0,299.0,0
2025-01-12,SKU02,15.0,4485.0,299.0,0
2025-01-13,SKU02,16.0,4784.0,299.0,0
2025-01-14,SKU02,10.0,2990.0,299.0,0
2025-01-15,SKU02,16.0,4784.0,299.0,0
2025-01-16,SKU02,17.0,5083.0,299.0,0
2025-01-17,SKU02,13.0,3887.0,299.0,0
2025-01-18,SKU02,16.0,4784.0,299.0,0
2025-01-19,SKU02,18.0,5382.0,299.0,0
2025-01-20,SKU02,31.0,8339.0,269.0,1
2025-01-21,SKU02,19.0,5111.0,269.0,1
2025-01-22,SKU02,26.0,6994.0,269.0,1
2025-01-23,SKU02,12.0,3228.0,269.0,1
2025-01-24,SKU02,24.0,6456.0,269.0,1
2025-01-25,SKU02,23.0,6187.0,269.0,1
2025-01-26,SKU02,30.0,8070.0,269.0,1
2025-01-27,SKU02,16.0,4784.0,299.0,0
2025-01-28,SKU02,9.0,2691.0,299.0,0
2025-01-29,SKU02,15.0,4485.0,299.0,0
2025-01-30,SKU02,15.0,4485.0,299.0,0
2025-01-31,SKU02,15.0,4485.0,299.0,0
2025-02-01,SKU02,27.0,8073.0,299.0,0
2025-02-02,SKU02,18.0,5382.0,299.0,0
2025-02-03,SKU02,15.0,4485.0,299.0,0
2025-02-04,SKU02,12.0,3588.0,299.0,0
2025-02-05,SKU02,15.0,4485.0,299.0,0
2025-02-06,SKU02,17.0,5083.0,299.0,0
2025-02-07,SKU02,13.0,3887.0,299.0,0
2025-02-08,SKU02,17.0,5083.0,299.0,0
2025-02-09,SKU02,10.0,2990.0,299.0,0
2025-02-10,SKU02,8.0,2392.0,299.0,0
2025-02-11,SKU02,16.0,4784.0,299.0,0
2025-02-12,SKU02,19.0,5681.0,299.0,0
2025-02-13,SKU02,17.0,5083.0,299.0,0
2025-02-14,SKU02,16.0,4784.0,299.0,0
2025-02-15,SKU02,28.0,8372.0,299.0,0
2025-02-16,SKU02,13.0,3887.0,299.0,0
2025-02-17,SKU02,14.0,4186.0,299.0,0
2025-02-18,SKU02,17.0,5083.0,299.0,0
2025-02-19,SKU02,10.0,2990.0,299.0,0
2025-02-20,SKU02,14.0,4186.0,299.0,0
2025-02-21,SKU02,17.0,5083.0,299.0,0
2025-02-22,SKU02,19.0,5681.0,299.0,0
2025-02-23,SKU02,18.0,5382.0,299.0,0
2025-02-24,SKU02,16.0,4784.0,299.0,0
2025-02-25,SKU02,21.0,6279.0,299.0,0
2025-02-26,SKU02,14.0,4186.0,299.0,0
2025-02-27,SKU02,14.0,4186.0,299.0,0
2025-02-28,SKU02,11.0,3289.0,299.0,0
2025-03-01,SKU02,20.0,5980.0,299.0,0
2025-03-02,SKU02,16.0,4784.0,299.0,0
2025-03-03,SKU02,13.0,3887.0,299.0,0
2025-03-04,SKU02,19.0,5681.0,299.0,0
2025-03-05,SKU02,11.0,3289.0,299.0,0
2025-03-06,SKU02,16.0,4784.0,299.0,0
2025-03-07,SKU02,17.0,5083.0,299.0,0
2025-03-08,SKU02,16.0,4784.0,299.0,0
2025-03-09,SKU02,16.0,4784.0,299.0,0
2025-03-10,SKU02,11.0,3289.0,299.0,0
2025-03-11,SKU02,15.0,4485.0,299.0,0
2025-03-12,SKU02,16.0,4784.0,299.0,0
2025-03-13,SKU02,8.0,2392.0,299.0,0
2025-03-14,SKU02,24.0,7176.0,299.0,0
2025-03-15,SKU02,18.0,5382.0,299.0,0
2025-03-16,SKU02,13.0,3887.0,299.0,0
2025-03-17,SKU02,18.0,5382.0,299.0,0
2025-03-18,SKU02,16.0,4784.0,299.0,0
2025-03-19,SKU02,8.0,2392.0,299.0,0
2025-03-20,SKU02,10.0,2990.0,299.0,0
2025-03-21,SKU02,14.0,4186.0,299.0,0
2025-03-22,SKU02,13.0,3887.0,299.0,0
2025-03-23,SKU02,17.0,5083.0,299.0,0
2025-03-24,SKU02,13.0,3887.0,299.0,0
2025-03-25,SKU02,15.0,4485.0,299.0,0
2025-03-26,SKU02,11.0,3289.0,299.0,0
2025-03-27,SKU02,14.0,4186.0,299.0,0
2025-03-28,SKU02,11.0,3289.0,299.0,0
2025-03-29,SKU02,20.0,5980.0,299.0,0
2025-03-30,SKU02,18.0,5382.0,299.0,0
2025-03-31,SKU02,10.0,2990.0,299.0,0
2025-04-01,SKU02,10.0,2990.0,299.0,0
2025-04-02,SKU02,12.0,3588.0,299.0,0
2025-04-03,SKU02,12.0,3588.0,299.0,0
2025-04-04,SKU02,16.0,4784.0,299.0,0
2025-04-05,SKU02,13.0,3887.0,299.0,0
2025-04-06,SKU02,16.0,4784.0,299.0,0
2025-04-07,SKU02,7.0,2093.0,299.0,0
2025-04-08,SKU02,9.0,2691.0,299.0,0
2025-04-09,SKU02,12.0,3588.0,299.0,0
2025-04-10,SKU02,19.0,5681.0,299.0,0
2025-04-11,SKU02,11.0,3289.0,299.0,0
2025-04-12,SKU02,10.0,2990.0,299.0,0
2025-04-13,SKU02,20.0,5980.0,299.0,0
2025-04-14,SKU02,10.0,2990.0,299.0,0
2025-04-15,SKU02,12.0,3588.0,299.0,0
2025-04-16,SKU02,9.0,2691.0,299.0,0
2025-04-17,SKU02,13.0,3887.0,299.0,0
2025-04-18,SKU02,9.0,2691.0,299.0,0
2025-04-19,SKU02,10.0,2990.0,299.0,0
2025-04-20,SKU02,17.0,5083.0,299.0,0
2025-04-21,SKU02,15.0,4485.0,299.0,0
2025-04-22,SKU02,15.0,4485.0,299.0,0
2025-04-23,SKU02,14.0,4186.0,299.0,0
2025-04-24,SKU02,14.0,4186.0,299.0,0
2025-04-25,SKU02,9.0,2691.0,299.0,0
2025-04-26,SKU02,11.0,3289.0,299.0,0
2025-04-27,SKU02,17.0,5083.0,299.0,0
2025-04-28,SKU02,7.0,2093.0,299.0,0
2025-04-29,SKU02,9.0,2691.0,299.0,0
2025-04-30,SKU02,9.0,2691.0,299.0,0
2025-05-01,SKU02,13.0,3887.0,299.0,0
2025-05-02,SKU02,5.0,1495.0,299.0,0
2025-05-03,SKU02,19.0,5681.0,299.0,0
2025-05-04,SKU02,13.0,3887.0,299.0,0
2025-05-05,SKU02,8.0,2392.0,299.0,0
2025-05-06,SKU02,8.0,2392.0,299.0,0
2025-05-07,SKU02,7.0,2093.0,299.0,0
2025-05-08,SKU02,9.0,2691.0,299.0,0
2025-05-09,SKU02,6.0,1794.0,299.0,0
2025-05-10,SKU02,19.0,5111.0,269.0,1
2025-05-11,SKU02,17.0,4573.0,269.0,1
2025-05-12,SKU02,16.0,4304.0,269.0,1
2025-05-13,SKU02,18.0,4842.0,269.0,1
2025-05-14,SKU02,19.0,5111.0,269.0,1
2025-05-15,SKU02,12.0,3228.0,269.0,1
2025-05-16,SKU02,16.0,4304.0,269.0,1
2025-05-17,SKU02,23.0,6187.0,269.0,1
2025-05-18,SKU02,19.0,5111.0,269.0,1
2025-05-19,SKU02,17.0,4573.0,269.0,1
2025-05-20,SKU02,19.0,5111.0,269.0,1
2025-05-21,SKU02,9.0,2691.0,299.0,0
2025-05-22,SKU02,11.0,3289.0,299.0,0
2025-05-23,SKU02,10.0,2990.0,299.0,0
2025-05-24,SKU02,15.0,4485.0,299.0,0
2025-05-25,SKU02,15.0,4485.0,299.0,0
2025-05-26,SKU02,9.0,2691.0,299.0,0
2025-05-27,SKU02,15.0,4485.0,299.0,0
2025-05-28,SKU02,11.0,3289.0,299.0,0
2025-05-29,SKU02,8.0,2392.0,299.0,0
2025-05-30,SKU02,14.0,4186.0,299.0,0
2025-05-31,SKU02,9.0,2691.0,299.0,0
2025-06-01,SKU02,12.0,3588.0,299.0,0
2025-06-02,SKU02,15.0,4485.0,299.0,0
2025-06-03,SKU02,10.0,2990.0,299.0,0
2025-06-04,SKU02,9.0,2691.0,299.0,0
2025-06-05,SKU02,11.0,3289.0,299.0,0
2025-06-06,SKU02,4.0,1196.0,299.0,0
2025-06-07,SKU02,9.0,2691.0,299.0,0
2025-06-08,SKU02,14.0,4186.0,299.0,0
2025-06-09,SKU02,9.0,2691.0,299.0,0
2025-06-10,SKU02,11.0,3289.0,299.0,0
2025-06-11,SKU02,9.0,2691.0,299.0,0
2025-06-12,SKU02,8.0,2392.0,299.0,0
2025-06-13,SKU02,7.0,2093.0,299.0,0
2025-06-14,SKU02,16.0,4784.0,299.0,0
2025-06-15,SKU02,15.0,4485.0,299.0,0
2025-06-16,SKU02,10.0,2990.0,299.0,0
2025-06-17,SKU02,9.0,2691.0,299.0,0
2025-06-18,SKU02,14.0,4186.0,299.0,0
2025-06-19,SKU02,12.0,3588.0,299.0,0
2025-06-20,SKU02,12.0,3588.0,299.0,0
2025-06-21,SKU02,19.0,5681.0,299.0,0
2025-06-22,SKU02,11.0,3289.0,299.0,0
2025-06-23,SKU02,12.0,3588.0,299.0,0
2025-06-24,SKU02,11.0,3289.0,299.0,0
2025-06-25,SKU02,9.0,2691.0,299.0,0
2025-06-26,SKU02,15.0,4485.0,299.0,0
2025-06-27,SKU02,12.0,3588.0,299.0,0
2025-06-28,SKU02,21.0,6279.0,299.0,0
2025-06-29,SKU02,21.0,6279.0,299.0,0
2025-06-30,SKU02,14.0,4186.0,299.0,0
2025-07-01,SKU02,11.0,3289.0,299.0,0
2025-07-02,SKU02,9.0,2691.0,299.0,0
2025-07-03,SKU02,12.0,3588.0,299.0,0
2025-07-04,SKU02,8.0,2392.0,299.0,0
2025-07-05,SKU02,14.0,4186.0,299.0,0
2025-07-06,SKU02,14.0,4186.0,299.0,0
2025-07-07,SKU02,3.0,897.0,299.0,0
2025-07-08,SKU02,15.0,4485.0,299.0,0
2025-07-09,SKU02,12.0,3588.0,299.0,0
2025-07-10,SKU02,18.0,5382.0,299.0,0
2025-07-11,SKU02,11.0,3289.0,299.0,0
2025-07-12,SKU02,12.0,3588.0,299.0,0
2025-07-13,SKU02,8.0,2392.0,299.0,0
2025-07-14,SKU02,8.0,2392.0,299.0,0
2025-07-15,SKU02,13.0,3887.0,299.0,0
2025-07-16,SKU02,18.0,5382.0,299.0,0
2025-07-17,SKU02,11.0,3289.0,299.0,0
2025-07-18,SKU02,14.0,4186.0,299.0,0
2025-07-19,SKU02,18.0,5382.0,299.0,0
2025-07-20,SKU02,13.0,3887.0,299.0,0
2025-07-21,SKU02,13.0,3887.0,299.0,0
2025-07-22,SKU02,4.0,1196.0,299.0,0
2025-07-23,SKU02,4.0,1196.0,299.0,0
2025-07-24,SKU02,12.0,3588.0,299.0,0
2025-07-25,SKU02,11.0,3289.0,299.0,0
2025-07-26,SKU02,17.0,5083.0,299.0,0
2025-07-27,SKU02,20.0,5980.0,299.0,0
2025-07-28,SKU02,12.0,3588.0,299.0,0
2025-07-29,SKU02,13.0,3887.0,299.0,0
2025-07-30,SKU02,14.0,4186.0,299.0,0
2025-07-31,SKU02,10.0,2990.0,299.0,0
2025-08-01,SKU02,13.0,3887.0,299.0,0
2025-08-02,SKU02,11.0,3289.0,299.0,0
2025-08-03,SKU02,15.0,4485.0,299.0,0
2025-08-04,SKU02,19.0,5681.0,299.0,0
2025-08-05,SKU02,6.0,1794.0,299.0,0
2025-08-06,SKU02,18.0,5382.0,299.0,0
2025-08-07,SKU02,12.0,3588.0,299.0,0
2025-08-08,SKU02,8.0,2392.0,299.0,0
2025-08-09,SKU02,16.0,4784.0,299.0,0
2025-08-10,SKU02,10.0,2990.0,299.0,0
2025-08-11,SKU02,12.0,3588.0,299.0,0
2025-08-12,SKU02,10.0,2990.0,299.0,0
2025-08-13,SKU02,19.0,5681.0,299.0,0
2025-08-14,SKU02,12.0,3588.0,299.0,0
2025-08-15,SKU02,17.0,5083.0,299.0,0
2025-08-16,SKU02,10.0,2990.0,299.0,0
2025-08-17,SKU02,17.0,5083.0,299.0,0
2025-08-18,SKU02,11.0,3289.0,299.0,0
2025-08-19,SKU02,10.0,2990.0,299.0,0
2025-08-20,SKU02,15.0,4485.0,299.0,0
2025-08-21,SKU02,10.0,2990.0,299.0,0
2025-08-22,SKU02,17.0,5083.0,299.0,0
2025-08-23,SKU02,9.0,2691.0,299.0,0
2025-08-24,SKU02,22.0,6578.0,299.0,0
2025-08-25,SKU02,12.0,3588.0,299.0,0
2025-08-26,SKU02,10.0,2990.0,299.0,0
2025-08-27,SKU02,14.0,4186.0,299.0,0
2025-08-28,SKU02,19.0,5681.0,299.0,0
2025-08-29,SKU02,5.0,1495.0,299.0,0
2025-08-30,SKU02,22.0,6578.0,299.0,0
2025-08-31,SKU02,20.0,5980.0,299.0,0
2025-09-01,SKU02,16.0,4784.0,299.0,0
2025-09-02,SKU02,12.0,3588.0,299.0,0
2025-09-03,SKU02,14.0,4186.0,299.0,0
2025-09-04,SKU02,15.0,4485.0,299.0,0
2025-09-05,SKU02,13.0,3887.0,299.0,0
2025-09-06,SKU02,20.0,5980.0,299.0,0
2025-09-07,SKU02,14.0,4186.0,299.0,0
2025-09-08,SKU02,8.0,2392.0,299.0,0
2025-09-09,SKU02,15.0,4485.0,299.0,0
2025-09-10,SKU02,12.0,3588.0,299.0,0
2025-09-11,SKU02,12.0,3588.0,299.0,0
2025-09-12,SKU02,12.0,3588.0,299.0,0
2025-09-13,SKU02,15.0,4485.0,299.0,0
2025-09-14,SKU02,20.0,5980.0,299.0,0
2025-09-15,SKU02,13.0,3887.0,299.0,0
2025-09-16,SKU02,21.0,6279.0,299.0,0
2025-09-17,SKU02,12.0,3588.0,299.0,0
2025-09-18,SKU02,16.0,4784.0,299.0,0
2025-09-19,SKU02,5.0,1495.0,299.0,0
2025-09-20,SKU02,13.0,3887.0,299.0,0
2025-09-21,SKU02,26.0,7774.0,299.0,0
2025-09-22,SKU02,13.0,3887.0,299.0,0
2025-09-23,SKU02,18.0,5382.0,299.0,0
2025-09-24,SKU02,10.0,2990.0,299.0,0
2025-09-25,SKU02,18.0,5382.0,299.0,0
2025-09-26,SKU02,17.0,5083.0,299.0,0
2025-09-27,SKU02,16.0,4784.0,299.0,0
2025-09-28,SKU02,20.0,5980.0,299.0,0
2025-09-29,SKU02,8.0,2392.0,299.0,0
2025-09-30,SKU02,18.0,5382.0,299.0,0
2025-10-01,SKU02,18.0,5382.0,299.0,0
2025-10-02,SKU02,20.0,5980.0,299.0,0
2025-10-03,SKU02,22.0,6578.0,299.0,0
2025-10-04,SKU02,18.0,5382.0,299.0,0
2025-10-05,SKU02,24.0,7176.0,299.0,0
2025-10-06,SKU02,9.0,2691.0,299.0,0
2025-10-07,SKU02,24.0,7176.0,299.0,0
2025-10-08,SKU02,13.0,3887.0,299.0,0
2025-10-09,SKU02,17.0,5083.0,299.0,0
2025-10-10,SKU02,26.0,6994.0,269.0,1
2025-10-11,SKU02,33.0,8877.0,269.0,1
2025-10-12,SKU02,36.0,9684.0,269.0,1
2025-10-13,SKU02,27.0,7263.0,269.0,1
2025-10-14,SKU02,19.0,5111.0,269.0,1
2025-10-15,SKU02,28.0,7532.0,269.0,1
2025-10-16,SKU02,19.0,5111.0,269.0,1
2025-10-17,SKU02,33.0,8877.0,269.0,1
2025-10-18,SKU02,29.0,7801.0,269.0,1
2025-10-19,SKU02,29.0,7801.0,269.0,1
2025-10-20,SKU02,26.0,6994.0,269.0,1
2025-10-21,SKU02,12.0,3588.0,299.0,0
2025-10-22,SKU02,11.0,3289.0,299.0,0
2025-10-23,SKU02,19.0,5681.0,299.0,0
2025-10-24,SKU02,12.0,3588.0,299.0,0
2025-10-25,SKU02,25.0,7475.0,299.0,0
2025-10-26,SKU02,24.0,7176.0,299.0,0
2025-10-27,SKU02,12.0,3588.0,299.0,0
2025-10-28,SKU02,16.0,4784.0,299.0,0
2025-10-29,SKU02,27.0,8073.0,299.0,0
2025-10-30,SKU02,15.0,4485.0,,0
2025-10-31,SKU02,16.0,4784.0,299.0,0
2025-11-01,SKU02,22.0,6578.0,299.0,0
2025-11-02,SKU02,20.0,5980.0,299.0,0
2025-11-03,SKU02,16.0,4784.0,299.0,0
2025-11-04,SKU02,12.0,3588.0,299.0,0
2025-11-05,SKU02,14.0,4186.0,299.0,0
2025-11-06,SKU02,15.0,4485.0,299.0,0
2025-11-07,SKU02,16.0,4784.0,299.0,0
2025-11-08,SKU02,22.0,6578.0,299.0,0
2025-11-09,SKU02,21.0,6279.0,299.0,0
2025-11-10,SKU02,19.0,5681.0,299.0,0
2025-11-11,SKU02,9.0,2691.0,299.0,0
2025-11-12,SKU02,11.0,3289.0,299.0,0
2025-11-13,SKU02,20.0,5980.0,299.0,0
2025-11-14,SKU02,12.0,3588.0,299.0,0
2025-11-15,SKU02,14.0,4186.0,299.0,0
2025-11-16,SKU02,17.0,5083.0,299.0,0
2025-11-17,SKU02,11.0,3289.0,299.0,0
2025-11-18,SKU02,16.0,4784.0,299.0,0
2025-11-19,SKU02,15.0,4485.0,299.0,0
2025-11-20,SKU02,12.0,3588.0,299.0,0
2025-11-21,SKU02,20.0,5980.0,299.0,0
2025-11-22,SKU02,24.0,7176.0,299.0,0
2025-11-23,SKU02,19.0,5681.0,299.0,0
2025-11-24,SKU02,15.0,4485.0,299.0,0
2025-11-25,SKU02,14.0,4186.0,299.0,0
2025-11-26,SKU02,17.0,5083.0,299.0,0
2025-11-27,SKU02,15.0,4485.0,299.0,0
2025-11-28,SKU02,16.0,4784.0,299.0,0
2025-11-29,SKU02,23.0,6877.0,299.0,0
2025-11-30,SKU02,22.0,6578.0,299.0,0
2025-12-01,SKU02,15.0,4485.0,299.0,0
2025-12-02,SKU02,13.0,3887.0,299.0,0
2025-12-03,SKU02,18.0,5382.0,299.0,0
2025-12-04,SKU02,14.0,4186.0,299.0,0
2025-12-05,SKU02,19.0,5681.0,299.0,0
2025-12-06,SKU02,29.0,8671.0,299.0,0
2025-12-07,SKU02,26.0,7774.0,299.0,0
2025-12-08,SKU02,22.0,6578.0,299.0,0
2025-12-09,SKU02,15.0,4485.0,299.0,0
2025-12-10,SKU02,20.0,5980.0,299.0,0
2025-12-11,SKU02,18.0,5382.0,299.0,0
2025-12-12,SKU02,18.0,5382.0,299.0,0
2025-12-13,SKU02,23.0,6877.0,299.0,0
2025-12-14,SKU02,23.0,6877.0,299.0,0
2025-12-15,SKU02,17.0,5083.0,299.0,0
2025-12-16,SKU02,9.0,2691.0,299.0,0
2025-12-17,SKU02,13.0,3887.0,299.0,0
2025-12-18,SKU02,23.0,6877.0,299.0,0
2025-12-19,SKU02,15.0,4485.0,299.0,0
2025-12-20,SKU02,30.0,8070.0,269.0,1
2025-12-21,SKU02,28.0,7532.0,269.0,1
2025-12-22,SKU02,20.0,5380.0,269.0,1
2025-12-23,SKU02,33.0,8877.0,269.0,1
2025-12-24,SKU02,32.0,8608.0,269.0,1
2025-12-25,SKU02,34.0,9146.0,269.0,1
2025-12-26,SKU02,30.0,8070.0,269.0,1
2025-12-27,SKU02,30.0,8070.0,269.0,1
2025-12-28,SKU02,36.0,9684.0,269.0,1
2024-01-01,SKU03,8.0,7192.0,899.0,0
2024-01-02,SKU03,7.0,6293.0,899.0,0
2024-01-03,SKU03,8.0,7192.0,899.0,0
2024-01-04,SKU03,8.0,7192.0,899.0,0
2024-01-05,SKU03,4.0,3596.0,899.0,0
2024-01-06,SKU03,7.0,6293.0,899.0,0
2024-01-07,SKU03,5.0,4495.0,899.0,0
2024-01-08,SKU03,8.0,7192.0,899.0,0
2024-01-09,SKU03,7.0,6293.0,899.0,0
2024-01-10,SKU03,5.0,4495.0,899.0,0
2024-01-11,SKU03,6.0,5394.0,899.0,0
2024-01-12,SKU03,10.0,8990.0,899.0,0
2024-01-13,SKU03,5.0,4495.0,899.0,0
2024-01-14,SKU03,6.0,5394.0,899.0,0
2024-01-15,SKU03,6.0,5394.0,899.0,0
2024-01-16,SKU03,4.0,3596.0,899.0,0
2024-01-17,SKU03,9.0,8091.0,899.0,0
2024-01-18,SKU03,4.0,3596.0,899.0,0
2024-01-19,SKU03,5.0,4495.0,899.0,0
2024-01-20,SKU03,13.0,10517.0,809.0,1
2024-01-21,SKU03,17.0,13753.0,809.0,1
2024-01-22,SKU03,15.0,12135.0,809.0,1
2024-01-23,SKU03,9.0,7281.0,809.0,1
2024-01-24,SKU03,4.0,3236.0,809.0,1
2024-01-25,SKU03,14.0,11326.0,809.0,1
2024-01-26,SKU03,13.0,10517.0,809.0,1
2024-01-27,SKU03,14.0,12586.0,899.0,0
2024-01-28,SKU03,11.0,9889.0,899.0,0
2024-01-29,SKU03,6.0,5394.0,899.0,0
2024-01-30,SKU03,7.0,6293.0,899.0,0
2024-01-31,SKU03,7.0,6293.0,899.0,0
2024-02-01,SKU03,7.0,6293.0,899.0,0
2024-02-02,SKU03,6.0,5394.0,899.0,0
2024-02-03,SKU03,9.0,8091.0,899.0,0
2024-02-04,SKU03,6.0,5394.0,899.0,0
2024-02-05,SKU03,5.0,4495.0,899.0,0
2024-02-06,SKU03,5.0,4495.0,899.0,0
2024-02-07,SKU03,3.0,2697.0,899.0,0
2024-02-08,SKU03,5.0,4495.0,899.0,0
2024-02-09,SKU03,5.0,4495.0,899.0,0
2024-02-10,SKU03,6.0,5394.0,899.0,0
2024-02-11,SKU03,6.0,5394.0,899.0,0
2024-02-12,SKU03,7.0,6293.0,899.0,0
2024-02-13,SKU03,5.0,4495.0,899.0,0
2024-02-14,SKU03,5.0,4495.0,899.0,0
2024-02-15,SKU03,7.0,6293.0,899.0,0
2024-02-16,SKU03,5.0,4495.0,899.0,0
2024-02-17,SKU03,8.0,7192.0,899.0,0
2024-02-18,SKU03,6.0,5394.0,899.0,0
2024-02-19,SKU03,4.0,3596.0,899.0,0
2024-02-20,SKU03,3.0,2697.0,899.0,0
2024-02-21,SKU03,5.0,4495.0,899.0,0
2024-02-22,SKU03,4.0,3596.0,899.0,0
2024-02-23,SKU03,7.0,6293.0,899.0,0
2024-02-24,SKU03,6.0,5394.0,899.0,0
2024-02-25,SKU03,12.0,10788.0,899.0,0
2024-02-26,SKU03,4.0,3596.0,899.0,0
2024-02-27,SKU03,7.0,6293.0,899.0,0
2024-02-28,SKU03,3.0,2697.0,899.0,0
2024-02-29,SKU03,10.0,8990.0,899.0,0
2024-03-01,SKU03,,3596.0,899.0,0
2024-03-02,SKU03,6.0,5394.0,899.0,0
2024-03-03,SKU03,5.0,4495.0,899.0,0
2024-03-04,SKU03,4.0,3596.0,899.0,0
2024-03-05,SKU03,3.0,2697.0,899.0,0
2024-03-06,SKU03,2.0,1798.0,899.0,0
2024-03-07,SKU03,6.0,5394.0,899.0,0
2024-03-08,SKU03,4.0,3596.0,899.0,0
2024-03-09,SKU03,2.0,1798.0,899.0,0
2024-03-10,SKU03,6.0,5394.0,899.0,0
2024-03-11,SKU03,2.0,1798.0,899.0,0
2024-03-12,SKU03,3.0,2697.0,899.0,0
2024-03-13,SKU03,3.0,2697.0,899.0,0
2024-03-14,SKU03,5.0,4495.0,899.0,0
2024-03-15,SKU03,6.0,5394.0,899.0,0
2024-03-16,SKU03,6.0,5394.0,899.0,0
2024-03-17,SKU03,8.0,7192.0,899.0,0
2024-03-18,SKU03,4.0,3596.0,899.0,0
2024-03-19,SKU03,2.0,1798.0,899.0,0
2024-03-20,SKU03,5.0,4495.0,899.0,0
2024-03-21,SKU03,4.0,3596.0,899.0,0
2024-03-22,SKU03,3.0,2697.0,899.0,0
2024-03-23,SKU03,11.0,9889.0,899.0,0
2024-03-24,SKU03,3.0,2697.0,899.0,0
2024-03-25,SKU03,12.0,10788.0,899.0,0
2024-03-26,SKU03,7.0,6293.0,899.0,0
2024-03-27,SKU03,4.0,3596.0,899.0,0
2024-03-28,SKU03,7.0,6293.0,899.0,0
2024-03-29,SKU03,4.0,3596.0,899.0,0
2024-03-30,SKU03,7.0,6293.0,899.0,0
2024-03-31,SKU03,4.0,3596.0,899.0,0
2024-04-01,SKU03,5.0,4495.0,899.0,0
2024-04-02,SKU03,5.0,4495.0,899.0,0
2024-04-03,SKU03,3.0,2697.0,899.0,0
2024-04-04,SKU03,7.0,6293.0,899.0,0
2024-04-05,SKU03,6.0,5394.0,899.0,0
2024-04-06,SKU03,3.0,2697.0,899.0,0
2024-04-07,SKU03,11.0,9889.0,899.0,0
2024-04-08,SKU03,4.0,3596.0,899.0,0
2024-04-09,SKU03,5.0,4495.0,899.0,0
2024-04-10,SKU03,2.0,1798.0,899.0,0
2024-04-11,SKU03,2.0,1798.0,899.0,0
2024-04-12,SKU03,4.0,3596.0,899.0,0
2024-04-13,SKU03,8.0,7192.0,899.0,0
2024-04-14,SKU03,12.0,10788.0,899.0,0
2024-04-15,SKU03,4.0,3596.0,899.0,0
2024-04-16,SKU03,6.0,5394.0,899.0,0
2024-04-17,SKU03,7.0,6293.0,899.0,0
2024-04-18,SKU03,5.0,4495.0,899.0,0
2024-04-19,SKU03,7.0,6293.0,899.0,0
2024-04-20,SKU03,8.0,7192.0,899.0,0
2024-04-21,SKU03,13.0,11687.0,899.0,0
2024-04-22,SKU03,6.0,5394.0,899.0,0
2024-04-23,SKU03,5.0,4495.0,899.0,0
2024-04-24,SKU03,6.0,5394.0,899.0,0
2024-04-25,SKU03,8.0,7192.0,899.0,0
2024-04-26,SKU03,5.0,4495.0,899.0,0
2024-04-27,SKU03,7.0,6293.0,899.0,0
2024-04-28,SKU03,1.0,899.0,899.0,0
2024-04-29,SKU03,5.0,4495.0,899.0,0
2024-04-30,SKU03,4.0,3596.0,899.0,0
2024-05-01,SKU03,5.0,4495.0,899.0,0
2024-05-02,SKU03,4.0,3596.0,899.0,0
2024-05-03,SKU03,3.0,2697.0,899.0,0
2024-05-04,SKU03,7.0,6293.0,899.0,0
2024-05-05,SKU03,10.0,8990.0,899.0,0
2024-05-06,SKU03,6.0,5394.0,899.0,0
2024-05-07,SKU03,7.0,6293.0,899.0,0
2024-05-08,SKU03,10.0,8990.0,899.0,0
2024-05-09,SKU03,3.0,2697.0,899.0,0
2024-05-10,SKU03,9.0,7281.0,809.0,1
2024-05-11,SKU03,9.0,7281.0,809.0,1
2024-05-12,SKU03,10.0,8090.0,809.0,1
2024-05-13,SKU03,8.0,6472.0,809.0,1
2024-05-14,SKU03,7.0,5663.0,809.0,1
2024-05-15,SKU03,3.0,2427.0,809.0,1
2024-05-16,SKU03,6.0,4854.0,809.0,1
2024-05-17,SKU03,8.0,6472.0,809.0,1
2024-05-18,SKU03,11.0,8899.0,809.0,1
2024-05-19,SKU03,8.0,6472.0,809.0,1
2024-05-20,SKU03,6.0,4854.0,809.0,1
2024-05-21,SKU03,4.0,3596.0,899.0,0
2024-05-22,SKU03,11.0,9889.0,899.0,0
2024-05-23,SKU03,10.0,8990.0,899.0,0
2024-05-24,SKU03,0.0,0.0,899.0,0
2024-05-25,SKU03,,8990.0,899.0,0
2024-05-26,SKU03,2.0,1798.0,899.0,0
2024-05-27,SKU03,3.0,2697.0,899.0,0
2024-05-28,SKU03,3.0,2697.0,899.0,0
2024-05-29,SKU03,2.0,1798.0,899.0,0
2024-05-30,SKU03,4.0,3596.0,899.0,0
2024-05-31,SKU03,5.0,4495.0,899.0,0
2024-06-01,SKU03,5.0,4495.0,899.0,0
2024-06-02,SKU03,7.0,6293.0,899.0,0
2024-06-03,SKU03,5.0,4495.0,899.0,0
2024-06-04,SKU03,3.0,2697.0,899.0,0
2024-06-05,SKU03,5.0,4495.0,899.0,0
2024-06-06,SKU03,9.0,8091.0,899.0,0
2024-06-07,SKU03,7.0,6293.0,899.0,0
2024-06-08,SKU03,7.0,6293.0,899.0,0
2024-06-09,SKU03,12.0,10788.0,899.0,0
2024-06-10,SKU03,6.0,5394.0,899.0,0
2024-06-11,SKU03,6.0,5394.0,899.0,0
2024-06-12,SKU03,4.0,3596.0,899.0,0
2024-06-13,SKU03,10.0,8990.0,899.0,0
2024-06-14,SKU03,4.0,3596.0,899.0,0
2024-06-15,SKU03,9.0,8091.0,899.0,0
2024-06-16,SKU03,6.0,5394.0,899.0,0
2024-06-17,SKU03,3.0,2697.0,899.0,0
2024-06-18,SKU03,3.0,2697.0,899.0,0
2024-06-19,SKU03,7.0,6293.0,899.0,0
2024-06-20,SKU03,6.0,5394.0,899.0,0
2024-06-21,SKU03,8.0,7192.0,899.0,0
2024-06-22,SKU03,7.0,6293.0,899.0,0
2024-06-23,SKU03,13.0,11687.0,899.0,0
2024-06-24,SKU03,7.0,6293.0,899.0,0
2024-06-25,SKU03,6.0,5394.0,899.0,0
2024-06-26,SKU03,4.0,3596.0,899.0,0
2024-06-27,SKU03,5.0,4495.0,899.0,0
2024-06-28,SKU03,4.0,3596.0,899.0,0
2024-06-29,SKU03,7.0,6293.0,899.0,0
2024-06-30,SKU03,10.0,8990.0,899.0,0
2024-07-01,SKU03,7.0,6293.0,899.0,0
2024-07-02,SKU03,3.0,2697.0,899.0,0
2024-07-03,SKU03,5.0,4495.0,899.0,0
2024-07-04,SKU03,6.0,5394.0,899.0,0
2024-07-05,SKU03,3.0,2697.0,899.0,0
2024-07-06,SKU03,5.0,4495.0,899.0,0
2024-07-07,SKU03,9.0,8091.0,899.0,0
2024-07-08,SKU03,4.0,3596.0,899.0,0
2024-07-09,SKU03,11.0,9889.0,899.0,0
2024-07-10,SKU03,12.0,10788.0,899.0,0
2024-07-11,SKU03,5.0,4495.0,899.0,0
2024-07-12,SKU03,9.0,8091.0,899.0,0
2024-07-13,SKU03,13.0,11687.0,899.0,0
2024-07-14,SKU03,9.0,8091.0,899.0,0
2024-07-15,SKU03,4.0,3596.0,899.0,0
2024-07-16,SKU03,7.0,6293.0,899.0,0
2024-07-17,SKU03,11.0,9889.0,899.0,0
2024-07-18,SKU03,1.0,899.0,899.0,0
2024-07-19,SKU03,9.0,8091.0,899.0,0
2024-07-20,SKU03,8.0,7192.0,899.0,0
2024-07-21,SKU03,3.0,2697.0,899.0,0
2024-07-22,SKU03,4.0,3596.0,899.0,0
2024-07-23,SKU03,6.0,5394.0,899.0,0
2024-07-24,SKU03,5.0,4495.0,899.0,0
2024-07-25,SKU03,3.0,2697.0,899.0,0
2024-07-26,SKU03,7.0,6293.0,899.0,0
2024-07-27,SKU03,9.0,8091.0,899.0,0
2024-07-28,SKU03,7.0,6293.0,899.0,0
2024-07-29,SKU03,2.0,1798.0,899.0,0
2024-07-30,SKU03,9.0,8091.0,899.0,0
2024-07-31,SKU03,9.0,8091.0,899.0,0
2024-08-01,SKU03,7.0,6293.0,899.0,0
2024-08-02,SKU03,7.0,6293.0,899.0,0
2024-08-03,SKU03,5.0,4495.0,899.0,0
2024-08-04,SKU03,12.0,10788.0,899.0,0
2024-08-05,SKU03,4.0,3596.0,899.0,0
2024-08-06,SKU03,8.0,7192.0,899.0,0
2024-08-07,SKU03,6.0,5394.0,899.0,0
2024-08-08,SKU03,10.0,8990.0,899.0,0
2024-08-09,SKU03,11.0,9889.0,899.0,0
2024-08-10,SKU03,7.0,6293.0,899.0,0
2024-08-11,SKU03,5.0,4495.0,899.0,0
2024-08-12,SKU03,7.0,6293.0,899.0,0
2024-08-13,SKU03,6.0,5394.0,899.0,0
2024-08-14,SKU03,10.0,8990.0,899.0,0
2024-08-15,SKU03,7.0,6293.0,899.0,0
2024-08-16,SKU03,8.0,7192.0,899.0,0
2024-08-17,SKU03,5.0,4495.0,899.0,0
2024-08-18,SKU03,5.0,4495.0,899.0,0
2024-08-19,SKU03,9.0,8091.0,899.0,0
2024-08-20,SKU03,13.0,11687.0,899.0,0
2024-08-21,SKU03,7.0,6293.0,899.0,0
2024-08-22,SKU03,8.0,7192.0,899.0,0
2024-08-23,SKU03,8.0,7192.0,899.0,0
2024-08-24,SKU03,7.0,6293.0,899.0,0
2024-08-25,SKU03,10.0,8990.0,899.0,0
2024-08-26,SKU03,7.0,6293.0,899.0,0
2024-08-27,SKU03,6.0,5394.0,899.0,0
2024-08-28,SKU03,5.0,4495.0,899.0,0
2024-08-29,SKU03,8.0,7192.0,899.0,0
2024-08-30,SKU03,10.0,8990.0,899.0,0
2024-08-31,SKU03,7.0,6293.0,899.0,0
2024-09-01,SKU03,7.0,6293.0,899.0,0
2024-09-02,SKU03,7.0,6293.0,899.0,0
2024-09-03,SKU03,10.0,8990.0,899.0,0
2024-09-04,SKU03,7.0,6293.0,899.0,0
2024-09-05,SKU03,4.0,3596.0,899.0,0
2024-09-06,SKU03,2.0,1798.0,899.0,0
2024-09-07,SKU03,12.0,10788.0,899.0,0
2024-09-08,SKU03,12.0,10788.0,899.0,0
2024-09-09,SKU03,3.0,2697.0,899.0,0
2024-09-10,SKU03,10.0,8990.0,899.0,0
2024-09-11,SKU03,2.0,1798.0,899.0,0
2024-09-12,SKU03,7.0,6293.0,899.0,0
2024-09-13,SKU03,8.0,7192.0,899.0,0
2024-09-14,SKU03,11.0,9889.0,899.0,0
2024-09-15,SKU03,9.0,8091.0,899.0,0
2024-09-16,SKU03,10.0,8990.0,899.0,0
2024-09-17,SKU03,2.0,1798.0,899.0,0
2024-09-18,SKU03,9.0,8091.0,899.0,0
2024-09-19,SKU03,12.0,10788.0,899.0,0
2024-09-20,SKU03,7.0,6293.0,899.0,0
2024-09-21,SKU03,8.0,7192.0,899.0,0
2024-09-22,SKU03,4.0,3596.0,,0
2024-09-23,SKU03,10.0,8990.0,899.0,0
2024-09-24,SKU03,3.0,2697.0,899.0,0
2024-09-25,SKU03,11.0,9889.0,899.0,0
2024-09-26,SKU03,4.0,3596.0,899.0,0
2024-09-27,SKU03,7.0,6293.0,899.0,0
2024-09-28,SKU03,5.0,4495.0,899.0,0
2024-09-29,SKU03,15.0,13485.0,899.0,0
2024-09-30,SKU03,12.0,10788.0,899.0,0
2024-10-01,SKU03,12.0,10788.0,899.0,0
2024-10-02,SKU03,5.0,4495.0,899.0,0
2024-10-03,SKU03,6.0,5394.0,899.0,0
2024-10-04,SKU03,8.0,7192.0,899.0,0
2024-10-05,SKU03,8.0,7192.0,899.0,0
2024-10-06,SKU03,13.0,11687.0,899.0,0
2024-10-07,SKU03,14.0,12586.0,899.0,0
2024-10-08,SKU03,7.0,6293.0,899.0,0
2024-10-09,SKU03,7.0,6293.0,899.0,0
2024-10-10,SKU03,8.0,7192.0,899.0,0
2024-10-11,SKU03,7.0,6293.0,899.0,0
2024-10-12,SKU03,10.0,8990.0,899.0,0
2024-10-13,SKU03,10.0,8990.0,899.0,0
2024-10-14,SKU03,10.0,8990.0,899.0,0
2024-10-15,SKU03,8.0,7192.0,899.0,0
2024-10-16,SKU03,7.0,6293.0,899.0,0
2024-10-17,SKU03,6.0,5394.0,899.0,0
2024-10-18,SKU03,10.0,8990.0,899.0,0
2024-10-19,SKU03,12.0,10788.0,899.0,0
2024-10-20,SKU03,12.0,10788.0,899.0,0
2024-10-21,SKU03,9.0,8091.0,899.0,0
2024-10-22,SKU03,13.0,10517.0,809.0,1
2024-10-23,SKU03,9.0,7281.0,809.0,1
2024-10-24,SKU03,14.0,11326.0,809.0,1
2024-10-25,SKU03,15.0,12135.0,809.0,1
2024-10-26,SKU03,8.0,6472.0,809.0,1
2024-10-27,SKU03,15.0,12135.0,809.0,1
2024-10-28,SKU03,9.0,7281.0,809.0,1
2024-10-29,SKU03,14.0,11326.0,809.0,1
2024-10-30,SKU03,16.0,12944.0,809.0,1
2024-10-31,SKU03,5.0,4045.0,809.0,1
2024-11-01,SKU03,8.0,6472.0,809.0,1
2024-11-02,SKU03,11.0,9889.0,899.0,0
2024-11-03,SKU03,8.0,7192.0,899.0,0
2024-11-04,SKU03,4.0,3596.0,899.0,0
2024-11-05,SKU03,8.0,7192.0,899.0,0
2024-11-06,SKU03,3.0,2697.0,899.0,0
2024-11-07,SKU03,7.0,6293.0,899.0,0
2024-11-08,SKU03,6.0,5394.0,899.0,0
2024-11-09,SKU03,17.0,15283.0,899.0,0
2024-11-10,SKU03,10.0,8990.0,899.0,0
2024-11-11,SKU03,6.0,5394.0,899.0,0
2024-11-12,SKU03,5.0,4495.0,899.0,0
2024-11-13,SKU03,11.0,9889.0,899.0,0
2024-11-14,SKU03,7.0,6293.0,899.0,0
2024-11-15,SKU03,7.0,6293.0,899.0,0
2024-11-16,SKU03,10.0,8990.0,899.0,0
2024-11-17,SKU03,14.0,12586.0,899.0,0
2024-11-18,SKU03,7.0,6293.0,899.0,0
2024-11-19,SKU03,10.0,8990.0,899.0,0
2024-11-20,SKU03,8.0,7192.0,899.0,0
2024-11-21,SKU03,10.0,8990.0,899.0,0
2024-11-22,SKU03,8.0,7192.0,899.0,0
2024-11-23,SKU03,17.0,15283.0,899.0,0
2024-11-24,SKU03,9.0,8091.0,899.0,0
2024-11-25,SKU03,4.0,3596.0,899.0,0
2024-11-26,SKU03,7.0,6293.0,899.0,0
2024-11-27,SKU03,6.0,5394.0,899.0,0
2024-11-28,SKU03,5.0,4495.0,899.0,0
2024-11-29,SKU03,7.0,6293.0,899.0,0
2024-11-30,SKU03,11.0,9889.0,899.0,0
2024-12-01,SKU03,15.0,13485.0,899.0,0
2024-12-02,SKU03,6.0,5394.0,899.0,0
2024-12-03,SKU03,6.0,5394.0,899.0,0
2024-12-04,SKU03,10.0,8990.0,899.0,0
2024-12-05,SKU03,9.0,8091.0,899.0,0
2024-12-06,SKU03,10.0,8990.0,899.0,0
2024-12-07,SKU03,9.0,8091.0,899.0,0
2024-12-08,SKU03,10.0,8990.0,899.0,0
2024-12-09,SKU03,9.0,8091.0,899.0,0
2024-12-10,SKU03,9.0,8091.0,899.0,0
2024-12-11,SKU03,8.0,7192.0,899.0,0
2024-12-12,SKU03,9.0,8091.0,899.0,0
2024-12-13,SKU03,6.0,5394.0,899.0,0
2024-12-14,SKU03,4.0,3596.0,899.0,0
2024-12-15,SKU03,12.0,10788.0,899.0,0
2024-12-16,SKU03,9.0,8091.0,899.0,0
2024-12-17,SKU03,9.0,8091.0,899.0,0
2024-12-18,SKU03,8.0,7192.0,899.0,0
2024-12-19,SKU03,4.0,3596.0,899.0,0
2024-12-20,SKU03,9.0,7281.0,809.0,1
2024-12-21,SKU03,12.0,9708.0,809.0,1
2024-12-22,SKU03,13.0,10517.0,809.0,1
2024-12-23,SKU03,6.0,4854.0,809.0,1
2024-12-24,SKU03,12.0,9708.0,809.0,1
2024-12-25,SKU03,11.0,8899.0,809.0,1
2024-12-26,SKU03,9.0,7281.0,809.0,1
2024-12-27,SKU03,15.0,12135.0,809.0,1
2024-12-28,SKU03,12.0,9708.0,809.0,1
2024-12-29,SKU03,14.0,11326.0,809.0,1
2024-12-30,SKU03,7.0,5663.0,809.0,1
2024-12-31,SKU03,11.0,8899.0,809.0,1
2025-01-01,SKU03,8.0,7192.0,899.0,0
2025-01-02,SKU03,9.0,8091.0,899.0,0
2025-01-03,SKU03,4.0,3596.0,899.0,0
2025-01-04,SKU03,7.0,6293.0,899.0,0
2025-01-05,SKU03,9.0,8091.0,899.0,0
2025-01-06,SKU03,9.0,8091.0,899.0,0
2025-01-07,SKU03,6.0,5394.0,899.0,0
2025-01-08,SKU03,7.0,6293.0,899.0,0
2025-01-09,SKU03,13.0,11687.0,899.0,0
2025-01-10,SKU03,9.0,8091.0,899.0,0
2025-01-11,SKU03,10.0,8990.0,899.0,0
2025-01-12,SKU03,10.0,8990.0,899.0,0
2025-01-13,SKU03,5.0,4495.0,899.0,0
2025-01-14,SKU03,6.0,5394.0,899.0,0
2025-01-15,SKU03,11.0,9889.0,899.0,0
2025-01-16,SKU03,6.0,5394.0,899.0,0
2025-01-17,SKU03,6.0,5394.0,899.0,0
2025-01-18,SKU03,11.0,9889.0,899.0,0
2025-01-19,SKU03,6.0,5394.0,899.0,0
2025-01-20,SKU03,6.0,4854.0,809.0,1
2025-01-21,SKU03,12.0,9708.0,809.0,1
2025-01-22,SKU03,11.0,8899.0,809.0,1
2025-01-23,SKU03,8.0,6472.0,809.0,1
2025-01-24,SKU03,9.0,7281.0,809.0,1
2025-01-25,SKU03,19.0,15371.0,809.0,1
2025-01-26,SKU03,15.0,12135.0,809.0,1
2025-01-27,SKU03,9.0,8091.0,899.0,0
2025-01-28,SKU03,5.0,4495.0,899.0,0
2025-01-29,SKU03,4.0,3596.0,899.0,0
2025-01-30,SKU03,3.0,2697.0,899.0,0
2025-01-31,SKU03,12.0,10788.0,899.0,0
2025-02-01,SKU03,9.0,8091.0,899.0,0
2025-02-02,SKU03,10.0,8990.0,899.0,0
2025-02-03,SKU03,4.0,3596.0,899.0,0
2025-02-04,SKU03,7.0,6293.0,899.0,0
2025-02-05,SKU03,8.0,7192.0,899.0,0
2025-02-06,SKU03,5.0,4495.0,899.0,0
2025-02-07,SKU03,6.0,5394.0,899.0,0
2025-02-08,SKU03,9.0,8091.0,899.0,0
2025-02-09,SKU03,8.0,7192.0,899.0,0
2025-02-10,SKU03,6.0,5394.0,899.0,0
2025-02-11,SKU03,5.0,4495.0,899.0,0
2025-02-12,SKU03,8.0,7192.0,899.0,0
2025-02-13,SKU03,5.0,4495.0,899.0,0
2025-02-14,SKU03,9.0,8091.0,899.0,0
2025-02-15,SKU03,9.0,8091.0,899.0,0
2025-02-16,SKU03,7.0,6293.0,899.0,0
2025-02-17,SKU03,3.0,2697.0,899.0,0
2025-02-18,SKU03,4.0,3596.0,899.0,0
2025-02-19,SKU03,4.0,3596.0,899.0,0
2025-02-20,SKU03,4.0,3596.0,899.0,0
2025-02-21,SKU03,3.0,2697.0,899.0,0
2025-02-22,SKU03,3.0,2697.0,899.0,0
2025-02-23,SKU03,3.0,2697.0,899.0,0
2025-02-24,SKU03,9.0,8091.0,899.0,0
2025-02-25,SKU03,7.0,6293.0,899.0,0
2025-02-26,SKU03,4.0,3596.0,899.0,0
2025-02-27,SKU03,11.0,9889.0,899.0,0
2025-02-28,SKU03,4.0,3596.0,899.0,0
2025-03-01,SKU03,9.0,8091.0,899.0,0
2025-03-02,SKU03,9.0,8091.0,899.0,0
2025-03-03,SKU03,7.0,6293.0,899.0,0
2025-03-04,SKU03,10.0,8990.0,899.0,0
2025-03-05,SKU03,4.0,3596.0,899.0,0
2025-03-06,SKU03,11.0,9889.0,899.0,0
2025-03-07,SKU03,14.0,12586.0,899.0,0
2025-03-08,SKU03,6.0,5394.0,899.0,0
2025-03-09,SKU03,4.0,3596.0,899.0,0
2025-03-10,SKU03,9.0,8091.0,899.0,0
2025-03-11,SKU03,7.0,6293.0,899.0,0
2025-03-12,SKU03,5.0,4495.0,899.0,0
2025-03-13,SKU03,5.0,4495.0,899.0,0
2025-03-14,SKU03,5.0,4495.0,899.0,0
2025-03-15,SKU03,6.0,5394.0,899.0,0
2025-03-16,SKU03,5.0,4495.0,899.0,0
2025-03-17,SKU03,4.0,3596.0,899.0,0
2025-03-18,SKU03,5.0,4495.0,899.0,0
2025-03-19,SKU03,7.0,6293.0,899.0,0
2025-03-20,SKU03,6.0,5394.0,899.0,0
2025-03-21,SKU03,4.0,3596.0,899.0,0
2025-03-22,SKU03,9.0,8091.0,899.0,0
2025-03-23,SKU03,7.0,6293.0,899.0,0
2025-03-24,SKU03,5.0,4495.0,899.0,0
2025-03-25,SKU03,5.0,4495.0,899.0,0
2025-03-26,SKU03,5.0,4495.0,899.0,0
2025-03-27,SKU03,6.0,5394.0,899.0,0
2025-03-28,SKU03,7.0,6293.0,899.0,0
2025-03-29,SKU03,4.0,3596.0,899.0,0
2025-03-30,SKU03,9.0,8091.0,899.0,0
2025-03-31,SKU03,5.0,4495.0,899.0,0
2025-04-01,SKU03,8.0,7192.0,899.0,0
2025-04-02,SKU03,2.0,1798.0,899.0,0
2025-04-03,SKU03,6.0,5394.0,899.0,0
2025-04-04,SKU03,14.0,12586.0,899.0,0
2025-04-05,SKU03,8.0,7192.0,899.0,0
2025-04-06,SKU03,3.0,2697.0,899.0,0
2025-04-07,SKU03,4.0,3596.0,899.0,0
2025-04-08,SKU03,9.0,8091.0,899.0,0
2025-04-09,SKU03,7.0,6293.0,899.0,0
2025-04-10,SKU03,6.0,5394.0,899.0,0
2025-04-11,SKU03,6.0,5394.0,899.0,0
2025-04-12,SKU03,5.0,4495.0,899.0,0
2025-04-13,SKU03,7.0,6293.0,899.0,0
2025-04-14,SKU03,5.0,4495.0,899.0,0
2025-04-15,SKU03,8.0,7192.0,899.0,0
2025-04-16,SKU03,8.0,7192.0,899.0,0
2025-04-17,SKU03,11.0,9889.0,899.0,0
2025-04-18,SKU03,5.0,4495.0,899.0,0
2025-04-19,SKU03,8.0,7192.0,899.0,0
2025-04-20,SKU03,5.0,4495.0,899.0,0
2025-04-21,SKU03,7.0,6293.0,899.0,0
2025-04-22,SKU03,7.0,6293.0,899.0,0
2025-04-23,SKU03,4.0,3596.0,899.0,0
2025-04-24,SKU03,2.0,1798.0,899.0,0
2025-04-25,SKU03,6.0,5394.0,899.0,0
2025-04-26,SKU03,11.0,9889.0,899.0,0
2025-04-27,SKU03,6.0,5394.0,899.0,0
2025-04-28,SKU03,4.0,3596.0,899.0,0
2025-04-29,SKU03,7.0,6293.0,899.0,0
2025-04-30,SKU03,1.0,899.0,899.0,0
2025-05-01,SKU03,9.0,8091.0,899.0,0
2025-05-02,SKU03,9.0,8091.0,899.0,0
2025-05-03,SKU03,7.0,6293.0,899.0,0
2025-05-04,SKU03,8.0,7192.0,899.0,0
2025-05-05,SKU03,9.0,8091.0,899.0,0
2025-05-06,SKU03,8.0,7192.0,899.0,0
2025-05-07,SKU03,6.0,5394.0,899.0,0
2025-05-08,SKU03,7.0,6293.0,899.0,0
2025-05-09,SKU03,7.0,6293.0,899.0,0
2025-05-10,SKU03,7.0,5663.0,809.0,1
2025-05-11,SKU03,12.0,9708.0,809.0,1
2025-05-12,SKU03,8.0,6472.0,809.0,1
2025-05-13,SKU03,10.0,8090.0,809.0,1
2025-05-14,SKU03,7.0,5663.0,809.0,1
2025-05-15,SKU03,6.0,4854.0,809.0,1
2025-05-16,SKU03,6.0,4854.0,809.0,1
2025-05-17,SKU03,15.0,12135.0,809.0,1
2025-05-18,SKU03,12.0,9708.0,809.0,1
2025-05-19,SKU03,9.0,7281.0,809.0,1
2025-05-20,SKU03,11.0,8899.0,809.0,1
2025-05-21,SKU03,9.0,8091.0,899.0,0
2025-05-22,SKU03,6.0,5394.0,899.0,0
2025-05-23,SKU03,4.0,3596.0,899.0,0
2025-05-24,SKU03,14.0,12586.0,899.0,0
2025-05-25,SKU03,7.0,6293.0,899.0,0
2025-05-26,SKU03,8.0,7192.0,899.0,0
2025-05-27,SKU03,6.0,5394.0,899.0,0
2025-05-28,SKU03,8.0,7192.0,899.0,0
2025-05-29,SKU03,7.0,6293.0,899.0,0
2025-05-30,SKU03,8.0,7192.0,899.0,0
2025-05-31,SKU03,6.0,5394.0,899.0,0
2025-06-01,SKU03,7.0,6293.0,899.0,0
2025-06-02,SKU03,2.0,1798.0,899.0,0
2025-06-03,SKU03,8.0,7192.0,899.0,0
2025-06-04,SKU03,12.0,10788.0,899.0,0
2025-06-05,SKU03,2.0,1798.0,899.0,0
2025-06-06,SKU03,9.0,8091.0,899.0,0
2025-06-07,SKU03,6.0,5394.0,899.0,0
2025-06-08,SKU03,7.0,6293.0,899.0,0
2025-06-09,SKU03,4.0,3596.0,899.0,0
2025-06-10,SKU03,10.0,8990.0,899.0,0
2025-06-11,SKU03,7.0,6293.0,899.0,0
2025-06-12,SKU03,6.0,5394.0,899.0,0
2025-06-13,SKU03,2.0,1798.0,899.0,0
2025-06-14,SKU03,8.0,7192.0,,0
2025-06-15,SKU03,,5394.0,899.0,0
2025-06-16,SKU03,5.0,4495.0,899.0,0
2025-06-17,SKU03,3.0,2697.0,899.0,0
2025-06-18,SKU03,8.0,7192.0,899.0,0
2025-06-19,SKU03,8.0,7192.0,899.0,0
2025-06-20,SKU03,8.0,7192.0,899.0,0
2025-06-21,SKU03,,5394.0,899.0,0
2025-06-22,SKU03,9.0,8091.0,899.0,0
2025-06-23,SKU03,8.0,7192.0,899.0,0
2025-06-24,SKU03,7.0,6293.0,899.0,0
2025-06-25,SKU03,8.0,7192.0,899.0,0
2025-06-26,SKU03,7.0,6293.0,899.0,0
2025-06-27,SKU03,12.0,10788.0,899.0,0
2025-06-28,SKU03,7.0,6293.0,899.0,0
2025-06-29,SKU03,3.0,2697.0,899.0,0
2025-06-30,SKU03,5.0,4495.0,899.0,0
2025-07-01,SKU03,6.0,5394.0,899.0,0
2025-07-02,SKU03,4.0,3596.0,899.0,0
2025-07-03,SKU03,10.0,8990.0,899.0,0
2025-07-04,SKU03,4.0,3596.0,899.0,0
2025-07-05,SKU03,11.0,9889.0,899.0,0
2025-07-06,SKU03,4.0,3596.0,899.0,0
2025-07-07,SKU03,12.0,10788.0,899.0,0
2025-07-08,SKU03,6.0,5394.0,899.0,0
2025-07-09,SKU03,4.0,3596.0,899.0,0
2025-07-10,SKU03,7.0,6293.0,899.0,0
2025-07-11,SKU03,6.0,5394.0,899.0,0
2025-07-12,SKU03,10.0,8990.0,899.0,0
2025-07-13,SKU03,4.0,3596.0,899.0,0
2025-07-14,SKU03,3.0,2697.0,899.0,0
2025-07-15,SKU03,3.0,2697.0,899.0,0
2025-07-16,SKU03,7.0,6293.0,899.0,0
2025-07-17,SKU03,6.0,5394.0,899.0,0
2025-07-18,SKU03,1.0,899.0,899.0,0
2025-07-19,SKU03,11.0,9889.0,899.0,0
2025-07-20,SKU03,6.0,5394.0,899.0,0
2025-07-21,SKU03,8.0,7192.0,899.0,0
2025-07-22,SKU03,5.0,4495.0,899.0,0
2025-07-23,SKU03,3.0,2697.0,899.0,0
2025-07-24,SKU03,6.0,5394.0,899.0,0
2025-07-25,SKU03,3.0,2697.0,899.0,0
2025-07-26,SKU03,7.0,6293.0,899.0,0
2025-07-27,SKU03,8.0,7192.0,899.0,0
2025-07-28,SKU03,8.0,7192.0,899.0,0
2025-07-29,SKU03,12.0,10788.0,899.0,0
2025-07-30,SKU03,8.0,7192.0,899.0,0
2025-07-31,SKU03,6.0,5394.0,899.0,0
2025-08-01,SKU03,5.0,4495.0,899.0,0
2025-08-02,SKU03,9.0,8091.0,899.0,0
2025-08-03,SKU03,9.0,8091.0,899.0,0
2025-08-04,SKU03,5.0,4495.0,899.0,0
2025-08-05,SKU03,8.0,7192.0,899.0,0
2025-08-06,SKU03,2.0,1798.0,899.0,0
2025-08-07,SKU03,7.0,6293.0,,0
2025-08-08,SKU03,5.0,4495.0,899.0,0
2025-08-09,SKU03,9.0,8091.0,899.0,0
2025-08-10,SKU03,7.0,6293.0,899.0,0
2025-08-11,SKU03,5.0,4495.0,899.0,0
2025-08-12,SKU03,7.0,6293.0,899.0,0
2025-08-13,SKU03,3.0,2697.0,899.0,0
2025-08-14,SKU03,8.0,7192.0,899.0,0
2025-08-15,SKU03,13.0,11687.0,899.0,0
2025-08-16,SKU03,8.0,7192.0,899.0,0
2025-08-17,SKU03,3.0,2697.0,899.0,0
2025-08-18,SKU03,4.0,3596.0,899.0,0
2025-08-19,SKU03,11.0,9889.0,899.0,0
2025-08-20,SKU03,8.0,7192.0,899.0,0
2025-08-21,SKU03,10.0,8990.0,899.0,0
2025-08-22,SKU03,7.0,6293.0,899.0,0
2025-08-23,SKU03,14.0,12586.0,899.0,0
2025-08-24,SKU03,8.0,7192.0,899.0,0
2025-08-25,SKU03,3.0,2697.0,899.0,0
2025-08-26,SKU03,3.0,2697.0,899.0,0
2025-08-27,SKU03,9.0,8091.0,899.0,0
2025-08-28,SKU03,1.0,899.0,899.0,0
2025-08-29,SKU03,5.0,4495.0,899.0,0
2025-08-30,SKU03,7.0,6293.0,899.0,0
2025-08-31,SKU03,9.0,8091.0,899.0,0
2025-09-01,SKU03,10.0,8990.0,899.0,0
2025-09-02,SKU03,7.0,6293.0,899.0,0
2025-09-03,SKU03,4.0,3596.0,899.0,0
2025-09-04,SKU03,5.0,4495.0,899.0,0
2025-09-05,SKU03,12.0,10788.0,899.0,0
2025-09-06,SKU03,4.0,3596.0,899.0,0
2025-09-07,SKU03,4.0,3596.0,899.0,0
2025-09-08,SKU03,9.0,8091.0,899.0,0
2025-09-09,SKU03,7.0,6293.0,899.0,0
2025-09-10,SKU03,5.0,4495.0,899.0,0
2025-09-11,SKU03,5.0,4495.0,899.0,0
2025-09-12,SKU03,10.0,8990.0,899.0,0
2025-09-13,SKU03,10.0,8990.0,899.0,0
2025-09-14,SKU03,8.0,7192.0,899.0,0
2025-09-15,SKU03,11.0,9889.0,899.0,0
2025-09-16,SKU03,10.0,8990.0,899.0,0
2025-09-17,SKU03,8.0,7192.0,899.0,0
2025-09-18,SKU03,13.0,11687.0,899.0,0
2025-09-19,SKU03,2.0,1798.0,899.0,0
2025-09-20,SKU03,8.0,7192.0,899.0,0
2025-09-21,SKU03,13.0,11687.0,899.0,0
2025-09-22,SKU03,13.0,11687.0,899.0,0
2025-09-23,SKU03,6.0,5394.0,899.0,0
2025-09-24,SKU03,7.0,6293.0,899.0,0
2025-09-25,SKU03,8.0,7192.0,899.0,0
2025-09-26,SKU03,8.0,7192.0,899.0,0
2025-09-27,SKU03,13.0,11687.0,899.0,0
2025-09-28,SKU03,6.0,5394.0,899.0,0
2025-09-29,SKU03,7.0,6293.0,899.0,0
2025-09-30,SKU03,5.0,4495.0,899.0,0
2025-10-01,SKU03,12.0,10788.0,899.0,0
2025-10-02,SKU03,7.0,6293.0,899.0,0
2025-10-03,SKU03,8.0,7192.0,899.0,0
2025-10-04,SKU03,12.0,10788.0,899.0,0
2025-10-05,SKU03,14.0,12586.0,899.0,0
2025-10-06,SKU03,8.0,7192.0,899.0,0
2025-10-07,SKU03,8.0,7192.0,899.0,0
2025-10-08,SKU03,8.0,7192.0,899.0,0
2025-10-09,SKU03,9.0,8091.0,899.0,0
2025-10-10,SKU03,15.0,12135.0,809.0,1
2025-10-11,SKU03,16.0,12944.0,809.0,1
2025-10-12,SKU03,16.0,12944.0,809.0,1
2025-10-13,SKU03,8.0,6472.0,809.0,1
2025-10-14,SKU03,18.0,14562.0,809.0,1
2025-10-15,SKU03,17.0,13753.0,809.0,1
2025-10-16,SKU03,21.0,16989.0,809.0,1
2025-10-17,SKU03,7.0,5663.0,809.0,1
2025-10-18,SKU03,18.0,14562.0,809.0,1
2025-10-19,SKU03,13.0,10517.0,809.0,1
2025-10-20,SKU03,10.0,8090.0,809.0,1
2025-10-21,SKU03,13.0,11687.0,899.0,0
2025-10-22,SKU03,7.0,6293.0,899.0,0
2025-10-23,SKU03,10.0,8990.0,899.0,0
2025-10-24,SKU03,10.0,8990.0,899.0,0
2025-10-25,SKU03,13.0,11687.0,899.0,0
2025-10-26,SKU03,10.0,8990.0,899.0,0
2025-10-27,SKU03,9.0,8091.0,899.0,0
2025-10-28,SKU03,11.0,9889.0,899.0,0
2025-10-29,SKU03,9.0,8091.0,899.0,0
2025-10-30,SKU03,11.0,9889.0,899.0,0
2025-10-31,SKU03,11.0,9889.0,899.0,0
2025-11-01,SKU03,11.0,9889.0,899.0,0
2025-11-02,SKU03,10.0,8990.0,899.0,0
2025-11-03,SKU03,7.0,6293.0,899.0,0
2025-11-04,SKU03,11.0,9889.0,899.0,0
2025-11-05,SKU03,8.0,7192.0,899.0,0
2025-11-06,SKU03,15.0,13485.0,899.0,0
2025-11-07,SKU03,9.0,8091.0,899.0,0
2025-11-08,SKU03,12.0,10788.0,899.0,0
2025-11-09,SKU03,11.0,9889.0,899.0,0
2025-11-10,SKU03,9.0,8091.0,899.0,0
2025-11-11,SKU03,4.0,3596.0,899.0,0
2025-11-12,SKU03,12.0,10788.0,899.0,0
2025-11-13,SKU03,,9889.0,899.0,0
2025-11-14,SKU03,8.0,7192.0,899.0,0
2025-11-15,SKU03,7.0,6293.0,899.0,0
2025-11-16,SKU03,11.0,9889.0,899.0,0
2025-11-17,SKU03,6.0,5394.0,899.0,0
2025-11-18,SKU03,10.0,8990.0,899.0,0
2025-11-19,SKU03,8.0,7192.0,899.0,0
2025-11-20,SKU03,8.0,7192.0,899.0,0
2025-11-21,SKU03,6.0,5394.0,899.0,0
2025-11-22,SKU03,16.0,14384.0,899.0,0
2025-11-23,SKU03,11.0,9889.0,899.0,0
2025-11-24,SKU03,6.0,5394.0,899.0,0
2025-11-25,SKU03,9.0,8091.0,899.0,0
2025-11-26,SKU03,5.0,4495.0,899.0,0
2025-11-27,SKU03,10.0,8990.0,899.0,0
2025-11-28,SKU03,9.0,8091.0,899.0,0
2025-11-29,SKU03,12.0,10788.0,899.0,0
2025-11-30,SKU03,10.0,8990.0,899.0,0
2025-12-01,SKU03,5.0,4495.0,899.0,0
2025-12-02,SKU03,8.0,7192.0,899.0,0
2025-12-03,SKU03,10.0,8990.0,899.0,0
2025-12-04,SKU03,9.0,8091.0,899.0,0
2025-12-05,SKU03,3.0,2697.0,899.0,0
2025-12-06,SKU03,6.0,5394.0,899.0,0
2025-12-07,SKU03,11.0,9889.0,899.0,0
2025-12-08,SKU03,10.0,8990.0,899.0,0
2025-12-09,SKU03,12.0,10788.0,899.0,0
2025-12-10,SKU03,16.0,14384.0,899.0,0
2025-12-11,SKU03,12.0,10788.0,899.0,0
2025-12-12,SKU03,8.0,7192.0,899.0,0
2025-12-13,SKU03,10.0,8990.0,899.0,0
2025-12-14,SKU03,14.0,12586.0,899.0,0
2025-12-15,SKU03,12.0,10788.0,899.0,0
2025-12-16,SKU03,9.0,8091.0,899.0,0
2025-12-17,SKU03,16.0,14384.0,899.0,0
2025-12-18,SKU03,7.0,6293.0,899.0,0
2025-12-19,SKU03,6.0,5394.0,899.0,0
2025-12-20,SKU03,11.0,8899.0,809.0,1
2025-12-21,SKU03,20.0,16180.0,809.0,1
2025-12-22,SKU03,11.0,8899.0,809.0,1
2025-12-23,SKU03,21.0,16989.0,809.0,1
2025-12-24,SKU03,16.0,12944.0,809.0,1
2025-12-25,SKU03,23.0,18607.0,809.0,1
2025-12-26,SKU03,6.0,4854.0,809.0,1
2025-12-27,SKU03,11.0,8899.0,809.0,1
2025-12-28,SKU03,16.0,12944.0,809.0,1
2024-01-01,SKU04,8.0,9592.0,1199.0,0
2024-01-02,SKU04,11.0,13189.0,1199.0,0
2024-01-03,SKU04,7.0,8393.0,1199.0,0
2024-01-04,SKU04,9.0,10791.0,1199.0,0
2024-01-05,SKU04,11.0,13189.0,1199.0,0
2024-01-06,SKU04,10.0,11990.0,1199.0,0
2024-01-07,SKU04,9.0,10791.0,1199.0,0
2024-01-08,SKU04,11.0,13189.0,1199.0,0
2024-01-09,SKU04,4.0,4796.0,1199.0,0
2024-01-10,SKU04,6.0,7194.0,1199.0,0
2024-01-11,SKU04,10.0,11990.0,1199.0,0
2024-01-12,SKU04,14.0,16786.0,1199.0,0
2024-01-13,SKU04,5.0,5995.0,1199.0,0
2024-01-14,SKU04,18.0,21582.0,1199.0,0
2024-01-15,SKU04,8.0,9592.0,1199.0,0
2024-01-16,SKU04,6.0,7194.0,1199.0,0
2024-01-17,SKU04,9.0,10791.0,1199.0,0
2024-01-18,SKU04,8.0,9592.0,1199.0,0
2024-01-19,SKU04,7.0,8393.0,1199.0,0
2024-01-20,SKU04,18.0,19422.0,1079.0,1
2024-01-21,SKU04,12.0,12948.0,1079.0,1
2024-01-22,SKU04,7.0,7553.0,1079.0,1
2024-01-23,SKU04,15.0,16185.0,1079.0,1
2024-01-24,SKU04,13.0,14027.0,1079.0,1
2024-01-25,SKU04,13.0,14027.0,1079.0,1
2024-01-26,SKU04,17.0,18343.0,1079.0,1
2024-01-27,SKU04,14.0,16786.0,1199.0,0
2024-01-28,SKU04,8.0,9592.0,1199.0,0
2024-01-29,SKU04,8.0,9592.0,1199.0,0
2024-01-30,SKU04,5.0,5995.0,1199.0,0
2024-01-31,SKU04,6.0,7194.0,1199.0,0
2024-02-01,SKU04,6.0,7194.0,1199.0,0
2024-02-02,SKU04,14.0,16786.0,1199.0,0
2024-02-03,SKU04,12.0,14388.0,1199.0,0
2024-02-04,SKU04,12.0,14388.0,1199.0,0
2024-02-05,SKU04,6.0,7194.0,1199.0,0
2024-02-06,SKU04,3.0,3597.0,1199.0,0
2024-02-07,SKU04,9.0,10791.0,1199.0,0
2024-02-08,SKU04,8.0,9592.0,1199.0,0
2024-02-09,SKU04,8.0,9592.0,1199.0,0
2024-02-10,SKU04,13.0,15587.0,1199.0,0
2024-02-11,SKU04,4.0,4796.0,1199.0,0
2024-02-12,SKU04,6.0,7194.0,1199.0,0
2024-02-13,SKU04,11.0,13189.0,1199.0,0
2024-02-14,SKU04,6.0,7194.0,1199.0,0
2024-02-15,SKU04,8.0,9592.0,1199.0,0
2024-02-16,SKU04,11.0,13189.0,1199.0,0
2024-02-17,SKU04,11.0,13189.0,1199.0,0
2024-02-18,SKU04,7.0,8393.0,1199.0,0
2024-02-19,SKU04,6.0,7194.0,1199.0,0
2024-02-20,SKU04,12.0,14388.0,1199.0,0
2024-02-21,SKU04,6.0,7194.0,1199.0,0
2024-02-22,SKU04,10.0,11990.0,1199.0,0
2024-02-23,SKU04,4.0,4796.0,1199.0,0
2024-02-24,SKU04,12.0,14388.0,1199.0,0
2024-02-25,SKU04,9.0,10791.0,1199.0,0
2024-02-26,SKU04,3.0,3597.0,1199.0,0
2024-02-27,SKU04,5.0,5995.0,1199.0,0
2024-02-28,SKU04,9.0,10791.0,1199.0,0
2024-02-29,SKU04,2.0,2398.0,1199.0,0
2024-03-01,SKU04,13.0,15587.0,1199.0,0
2024-03-02,SKU04,4.0,4796.0,1199.0,0
2024-03-03,SKU04,10.0,11990.0,1199.0,0
2024-03-04,SKU04,3.0,3597.0,1199.0,0
2024-03-05,SKU04,8.0,9592.0,1199.0,0
2024-03-06,SKU04,3.0,3597.0,1199.0,0
2024-03-07,SKU04,8.0,9592.0,1199.0,0
2024-03-08,SKU04,8.0,9592.0,1199.0,0
2024-03-09,SKU04,11.0,13189.0,1199.0,0
2024-03-10,SKU04,11.0,13189.0,1199.0,0
2024-03-11,SKU04,,11990.0,1199.0,0
2024-03-12,SKU04,11.0,13189.0,1199.0,0
2024-03-13,SKU04,7.0,8393.0,1199.0,0
2024-03-14,SKU04,7.0,8393.0,1199.0,0
2024-03-15,SKU04,4.0,4796.0,1199.0,0
2024-03-16,SKU04,7.0,8393.0,1199.0,0
2024-03-17,SKU04,10.0,11990.0,1199.0,0
2024-03-18,SKU04,11.0,13189.0,1199.0,0
2024-03-19,SKU04,6.0,7194.0,1199.0,0
2024-03-20,SKU04,9.0,10791.0,1199.0,0
2024-03-21,SKU04,10.0,11990.0,1199.0,0
2024-03-22,SKU04,5.0,5995.0,1199.0,0
2024-03-23,SKU04,12.0,14388.0,1199.0,0
2024-03-24,SKU04,12.0,14388.0,1199.0,0
2024-03-25,SKU04,6.0,7194.0,1199.0,0
2024-03-26,SKU04,5.0,5995.0,1199.0,0
2024-03-27,SKU04,9.0,10791.0,1199.0,0
2024-03-28,SKU04,3.0,3597.0,1199.0,0
2024-03-29,SKU04,10.0,11990.0,1199.0,0
2024-03-30,SKU04,10.0,11990.0,1199.0,0
2024-03-31,SKU04,11.0,13189.0,1199.0,0
2024-04-01,SKU04,3.0,3597.0,1199.0,0
2024-04-02,SKU04,3.0,3597.0,1199.0,0
2024-04-03,SKU04,5.0,5995.0,1199.0,0
2024-04-04,SKU04,1.0,1199.0,1199.0,0
2024-04-05,SKU04,7.0,8393.0,1199.0,0
2024-04-06,SKU04,11.0,13189.0,1199.0,0
2024-04-07,SKU04,10.0,11990.0,1199.0,0
2024-04-08,SKU04,9.0,10791.0,1199.0,0
2024-04-09,SKU04,8.0,9592.0,1199.0,0
2024-04-10,SKU04,3.0,3597.0,1199.0,0
2024-04-11,SKU04,7.0,8393.0,1199.0,0
2024-04-12,SKU04,9.0,10791.0,1199.0,0
2024-04-13,SKU04,6.0,7194.0,1199.0,0
2024-04-14,SKU04,12.0,14388.0,1199.0,0
2024-04-15,SKU04,3.0,3597.0,1199.0,0
2024-04-16,SKU04,4.0,4796.0,1199.0,0
2024-04-17,SKU04,8.0,9592.0,1199.0,0
2024-04-18,SKU04,3.0,3597.0,1199.0,0
2024-04-19,SKU04,4.0,4796.0,1199.0,0
2024-04-20,SKU04,6.0,7194.0,1199.0,0
2024-04-21,SKU04,17.0,20383.0,1199.0,0
2024-04-22,SKU04,10.0,11990.0,1199.0,0
2024-04-23,SKU04,10.0,11990.0,1199.0,0
2024-04-24,SKU04,5.0,5995.0,1199.0,0
2024-04-25,SKU04,7.0,8393.0,1199.0,0
2024-04-26,SKU04,5.0,5995.0,1199.0,0
2024-04-27,SKU04,7.0,8393.0,1199.0,0
2024-04-28,SKU04,4.0,4796.0,1199.0,0
2024-04-29,SKU04,6.0,7194.0,1199.0,0
2024-04-30,SKU04,3.0,3597.0,1199.0,0
2024-05-01,SKU04,8.0,9592.0,1199.0,0
2024-05-02,SKU04,5.0,5995.0,1199.0,0
2024-05-03,SKU04,6.0,7194.0,1199.0,0
2024-05-04,SKU04,5.0,5995.0,1199.0,0
2024-05-05,SKU04,7.0,8393.0,1199.0,0
2024-05-06,SKU04,7.0,8393.0,1199.0,0
2024-05-07,SKU04,7.0,8393.0,1199.0,0
2024-05-08,SKU04,3.0,3597.0,1199.0,0
2024-05-09,SKU04,6.0,7194.0,1199.0,0
2024-05-10,SKU04,8.0,8632.0,1079.0,1
2024-05-11,SKU04,10.0,10790.0,1079.0,1
2024-05-12,SKU04,8.0,8632.0,1079.0,1
2024-05-13,SKU04,10.0,10790.0,1079.0,1
2024-05-14,SKU04,6.0,6474.0,1079.0,1
2024-05-15,SKU04,9.0,9711.0,1079.0,1
2024-05-16,SKU04,5.0,5395.0,1079.0,1
2024-05-17,SKU04,7.0,7553.0,1079.0,1
2024-05-18,SKU04,11.0,11869.0,1079.0,1
2024-05-19,SKU04,12.0,12948.0,1079.0,1
2024-05-20,SKU04,8.0,8632.0,1079.0,1
2024-05-21,SKU04,4.0,4796.0,1199.0,0
2024-05-22,SKU04,3.0,3597.0,1199.0,0
2024-05-23,SKU04,4.0,4796.0,1199.0,0
2024-05-24,SKU04,8.0,9592.0,1199.0,0
2024-05-25,SKU04,7.0,8393.0,1199.0,0
2024-05-26,SKU04,3.0,3597.0,1199.0,0
2024-05-27,SKU04,2.0,2398.0,1199.0,0
2024-05-28,SKU04,2.0,2398.0,1199.0,0
2024-05-29,SKU04,9.0,10791.0,1199.0,0
2024-05-30,SKU04,4.0,4796.0,1199.0,0
2024-05-31,SKU04,5.0,5995.0,1199.0,0
2024-06-01,SKU04,7.0,8393.0,1199.0,0
2024-06-02,SKU04,4.0,4796.0,1199.0,0
2024-06-03,SKU04,5.0,5995.0,1199.0,0
2024-06-04,SKU04,8.0,9592.0,1199.0,0
2024-06-05,SKU04,4.0,4796.0,1199.0,0
2024-06-06,SKU04,2.0,2398.0,1199.0,0
2024-06-07,SKU04,3.0,3597.0,1199.0,0
2024-06-08,SKU04,7.0,8393.0,1199.0,0
2024-06-09,SKU04,3.0,3597.0,1199.0,0
2024-06-10,SKU04,3.0,3597.0,1199.0,0
2024-06-11,SKU04,6.0,7194.0,1199.0,0
2024-06-12,SKU04,8.0,9592.0,1199.0,0
2024-06-13,SKU04,7.0,8393.0,1199.0,0
2024-06-14,SKU04,2.0,2398.0,1199.0,0
2024-06-15,SKU04,9.0,10791.0,1199.0,0
2024-06-16,SKU04,7.0,8393.0,1199.0,0
2024-06-17,SKU04,4.0,4796.0,1199.0,0
2024-06-18,SKU04,3.0,3597.0,1199.0,0
2024-06-19,SKU04,5.0,5995.0,1199.0,0
2024-06-20,SKU04,2.0,2398.0,1199.0,0
2024-06-21,SKU04,7.0,8393.0,1199.0,0
2024-06-22,SKU04,4.0,4796.0,1199.0,0
2024-06-23,SKU04,8.0,9592.0,1199.0,0
2024-06-24,SKU04,3.0,3597.0,1199.0,0
2024-06-25,SKU04,8.0,9592.0,1199.0,0
2024-06-26,SKU04,1.0,1199.0,1199.0,0
2024-06-27,SKU04,2.0,2398.0,1199.0,0
2024-06-28,SKU04,7.0,8393.0,1199.0,0
2024-06-29,SKU04,8.0,9592.0,1199.0,0
2024-06-30,SKU04,3.0,3597.0,1199.0,0
2024-07-01,SKU04,5.0,5995.0,1199.0,0
2024-07-02,SKU04,12.0,14388.0,1199.0,0
2024-07-03,SKU04,0.0,0.0,,0
2024-07-04,SKU04,4.0,4796.0,1199.0,0
2024-07-05,SKU04,1.0,1199.0,1199.0,0
2024-07-06,SKU04,5.0,5995.0,1199.0,0
2024-07-07,SKU04,6.0,7194.0,1199.0,0
2024-07-08,SKU04,6.0,7194.0,1199.0,0
2024-07-09,SKU04,5.0,5995.0,1199.0,0
2024-07-10,SKU04,8.0,9592.0,1199.0,0
2024-07-11,SKU04,3.0,3597.0,1199.0,0
2024-07-12,SKU04,4.0,4796.0,1199.0,0
2024-07-13,SKU04,4.0,4796.0,1199.0,0
2024-07-14,SKU04,10.0,11990.0,1199.0,0
2024-07-15,SKU04,5.0,5995.0,1199.0,0
2024-07-16,SKU04,7.0,8393.0,1199.0,0
2024-07-17,SKU04,3.0,3597.0,1199.0,0
2024-07-18,SKU04,6.0,7194.0,1199.0,0
2024-07-19,SKU04,0.0,0.0,1199.0,0
2024-07-20,SKU04,7.0,8393.0,1199.0,0
2024-07-21,SKU04,6.0,7194.0,1199.0,0
2024-07-22,SKU04,2.0,2398.0,1199.0,0
2024-07-23,SKU04,4.0,4796.0,1199.0,0
2024-07-24,SKU04,7.0,8393.0,1199.0,0
2024-07-25,SKU04,5.0,5995.0,1199.0,0
2024-07-26,SKU04,4.0,4796.0,1199.0,0
2024-07-27,SKU04,6.0,7194.0,1199.0,0
2024-07-28,SKU04,7.0,8393.0,1199.0,0
2024-07-29,SKU04,8.0,9592.0,1199.0,0
2024-07-30,SKU04,4.0,4796.0,1199.0,0
2024-07-31,SKU04,5.0,5995.0,1199.0,0
2024-08-01,SKU04,11.0,13189.0,1199.0,0
2024-08-02,SKU04,8.0,9592.0,1199.0,0
2024-08-03,SKU04,7.0,8393.0,1199.0,0
2024-08-04,SKU04,11.0,13189.0,1199.0,0
2024-08-05,SKU04,7.0,8393.0,1199.0,0
2024-08-06,SKU04,7.0,8393.0,1199.0,0
2024-08-07,SKU04,4.0,4796.0,1199.0,0
2024-08-08,SKU04,4.0,4796.0,1199.0,0
2024-08-09,SKU04,7.0,8393.0,1199.0,0
2024-08-10,SKU04,7.0,8393.0,1199.0,0
2024-08-11,SKU04,5.0,5995.0,1199.0,0
2024-08-12,SKU04,5.0,5995.0,1199.0,0
2024-08-13,SKU04,4.0,4796.0,1199.0,0
2024-08-14,SKU04,6.0,7194.0,1199.0,0
2024-08-15,SKU04,12.0,14388.0,1199.0,0
2024-08-16,SKU04,6.0,7194.0,1199.0,0
2024-08-17,SKU04,6.0,7194.0,1199.0,0
2024-08-18,SKU04,3.0,3597.0,1199.0,0
2024-08-19,SKU04,10.0,11990.0,1199.0,0
2024-08-20,SKU04,8.0,9592.0,1199.0,0
2024-08-21,SKU04,7.0,8393.0,1199.0,0
2024-08-22,SKU04,8.0,9592.0,1199.0,0
2024-08-23,SKU04,4.0,4796.0,1199.0,0
2024-08-24,SKU04,5.0,5995.0,1199.0,0
2024-08-25,SKU04,3.0,3597.0,1199.0,0
2024-08-26,SKU04,7.0,8393.0,1199.0,0
2024-08-27,SKU04,7.0,8393.0,1199.0,0
2024-08-28,SKU04,7.0,8393.0,1199.0,0
2024-08-29,SKU04,7.0,8393.0,1199.0,0
2024-08-30,SKU04,4.0,4796.0,1199.0,0
2024-08-31,SKU04,7.0,8393.0,1199.0,0
2024-09-01,SKU04,9.0,10791.0,1199.0,0
2024-09-02,SKU04,5.0,5995.0,1199.0,0
2024-09-03,SKU04,9.0,10791.0,1199.0,0
2024-09-04,SKU04,7.0,8393.0,1199.0,0
2024-09-05,SKU04,6.0,7194.0,1199.0,0
2024-09-06,SKU04,7.0,8393.0,1199.0,0
2024-09-07,SKU04,7.0,8393.0,1199.0,0
2024-09-08,SKU04,12.0,14388.0,1199.0,0
2024-09-09,SKU04,7.0,8393.0,1199.0,0
2024-09-10,SKU04,8.0,9592.0,1199.0,0
2024-09-11,SKU04,8.0,9592.0,1199.0,0
2024-09-12,SKU04,7.0,8393.0,1199.0,0
2024-09-13,SKU04,5.0,5995.0,1199.0,0
2024-09-14,SKU04,13.0,15587.0,1199.0,0
2024-09-15,SKU04,9.0,10791.0,1199.0,0
2024-09-16,SKU04,11.0,13189.0,1199.0,0
2024-09-17,SKU04,5.0,5995.0,1199.0,0
2024-09-18,SKU04,6.0,7194.0,1199.0,0
2024-09-19,SKU04,7.0,8393.0,1199.0,0
2024-09-20,SKU04,10.0,11990.0,1199.0,0
2024-09-21,SKU04,14.0,16786.0,1199.0,0
2024-09-22,SKU04,8.0,9592.0,1199.0,0
2024-09-23,SKU04,5.0,5995.0,1199.0,0
2024-09-24,SKU04,3.0,3597.0,1199.0,0
2024-09-25,SKU04,12.0,14388.0,1199.0,0
2024-09-26,SKU04,6.0,7194.0,1199.0,0
2024-09-27,SKU04,5.0,5995.0,1199.0,0
2024-09-28,SKU04,7.0,8393.0,1199.0,0
2024-09-29,SKU04,8.0,9592.0,1199.0,0
2024-09-30,SKU04,10.0,11990.0,1199.0,0
2024-10-01,SKU04,8.0,9592.0,1199.0,0
2024-10-02,SKU04,9.0,10791.0,1199.0,0
2024-10-03,SKU04,4.0,4796.0,1199.0,0
2024-10-04,SKU04,7.0,8393.0,1199.0,0
2024-10-05,SKU04,11.0,13189.0,1199.0,0
2024-10-06,SKU04,7.0,8393.0,1199.0,0
2024-10-07,SKU04,9.0,10791.0,1199.0,0
2024-10-08,SKU04,5.0,5995.0,1199.0,0
2024-10-09,SKU04,6.0,7194.0,1199.0,0
2024-10-10,SKU04,10.0,11990.0,1199.0,0
2024-10-11,SKU04,7.0,8393.0,1199.0,0
2024-10-12,SKU04,7.0,8393.0,1199.0,0
2024-10-13,SKU04,10.0,11990.0,1199.0,0
2024-10-14,SKU04,8.0,9592.0,1199.0,0
2024-10-15,SKU04,5.0,5995.0,1199.0,0
2024-10-16,SKU04,8.0,9592.0,1199.0,0
2024-10-17,SKU04,2.0,2398.0,1199.0,0
2024-10-18,SKU04,13.0,15587.0,1199.0,0
2024-10-19,SKU04,17.0,20383.0,1199.0,0
2024-10-20,SKU04,12.0,14388.0,1199.0,0
2024-10-21,SKU04,11.0,13189.0,1199.0,0
2024-10-22,SKU04,15.0,16185.0,1079.0,1
2024-10-23,SKU04,16.0,17264.0,1079.0,1
2024-10-24,SKU04,8.0,8632.0,1079.0,1
2024-10-25,SKU04,10.0,10790.0,1079.0,1
2024-10-26,SKU04,12.0,12948.0,1079.0,1
2024-10-27,SKU04,15.0,16185.0,1079.0,1
2024-10-28,SKU04,24.0,25896.0,1079.0,1
2024-10-29,SKU04,19.0,20501.0,1079.0,1
2024-10-30,SKU04,17.0,18343.0,1079.0,1
2024-10-31,SKU04,13.0,14027.0,1079.0,1
2024-11-01,SKU04,19.0,20501.0,1079.0,1
2024-11-02,SKU04,11.0,13189.0,1199.0,0
2024-11-03,SKU04,10.0,11990.0,1199.0,0
2024-11-04,SKU04,11.0,13189.0,1199.0,0
2024-11-05,SKU04,7.0,8393.0,1199.0,0
2024-11-06,SKU04,12.0,14388.0,1199.0,0
2024-11-07,SKU04,13.0,15587.0,1199.0,0
2024-11-08,SKU04,6.0,7194.0,1199.0,0
2024-11-09,SKU04,10.0,11990.0,1199.0,0
2024-11-10,SKU04,15.0,17985.0,1199.0,0
2024-11-11,SKU04,8.0,9592.0,1199.0,0
2024-11-12,SKU04,10.0,11990.0,1199.0,0
2024-11-13,SKU04,3.0,3597.0,1199.0,0
2024-11-14,SKU04,14.0,16786.0,1199.0,0
2024-11-15,SKU04,5.0,5995.0,1199.0,0
2024-11-16,SKU04,9.0,10791.0,1199.0,0
2024-11-17,SKU04,10.0,11990.0,1199.0,0
2024-11-18,SKU04,7.0,8393.0,1199.0,0
2024-11-19,SKU04,9.0,10791.0,1199.0,0
2024-11-20,SKU04,11.0,13189.0,1199.0,0
2024-11-21,SKU04,7.0,8393.0,1199.0,0
2024-11-22,SKU04,8.0,9592.0,1199.0,0
2024-11-23,SKU04,17.0,20383.0,1199.0,0
2024-11-24,SKU04,10.0,11990.0,1199.0,0
2024-11-25,SKU04,9.0,10791.0,1199.0,0
2024-11-26,SKU04,10.0,11990.0,1199.0,0
2024-11-27,SKU04,18.0,21582.0,1199.0,0
2024-11-28,SKU04,9.0,10791.0,1199.0,0
2024-11-29,SKU04,14.0,16786.0,1199.0,0
2024-11-30,SKU04,11.0,13189.0,1199.0,0
2024-12-01,SKU04,11.0,13189.0,1199.0,0
2024-12-02,SKU04,13.0,15587.0,1199.0,0
2024-12-03,SKU04,9.0,10791.0,1199.0,0
2024-12-04,SKU04,9.0,10791.0,1199.0,0
2024-12-05,SKU04,17.0,20383.0,1199.0,0
2024-12-06,SKU04,15.0,17985.0,1199.0,0
2024-12-07,SKU04,12.0,14388.0,1199.0,0
2024-12-08,SKU04,11.0,13189.0,1199.0,0
2024-12-09,SKU04,7.0,8393.0,1199.0,0
2024-12-10,SKU04,11.0,13189.0,1199.0,0
2024-12-11,SKU04,4.0,4796.0,1199.0,0
2024-12-12,SKU04,11.0,13189.0,1199.0,0
2024-12-13,SKU04,12.0,14388.0,1199.0,0
2024-12-14,SKU04,9.0,10791.0,1199.0,0
2024-12-15,SKU04,8.0,9592.0,1199.0,0
2024-12-16,SKU04,12.0,14388.0,1199.0,0
2024-12-17,SKU04,3.0,3597.0,1199.0,0
2024-12-18,SKU04,10.0,11990.0,1199.0,0
2024-12-19,SKU04,10.0,11990.0,1199.0,0
2024-12-20,SKU04,14.0,15106.0,1079.0,1
2024-12-21,SKU04,16.0,17264.0,1079.0,1
2024-12-22,SKU04,18.0,19422.0,1079.0,1
2024-12-23,SKU04,14.0,15106.0,1079.0,1
2024-12-24,SKU04,20.0,21580.0,1079.0,1
2024-12-25,SKU04,20.0,21580.0,1079.0,1
2024-12-26,SKU04,13.0,14027.0,1079.0,1
2024-12-27,SKU04,20.0,21580.0,1079.0,1
2024-12-28,SKU04,20.0,21580.0,1079.0,1
2024-12-29,SKU04,13.0,14027.0,1079.0,1
2024-12-30,SKU04,13.0,14027.0,1079.0,1
2024-12-31,SKU04,14.0,15106.0,1079.0,1
2025-01-01,SKU04,15.0,17985.0,1199.0,0
2025-01-02,SKU04,9.0,10791.0,1199.0,0
2025-01-03,SKU04,9.0,10791.0,1199.0,0
2025-01-04,SKU04,14.0,16786.0,1199.0,0
2025-01-05,SKU04,13.0,15587.0,1199.0,0
2025-01-06,SKU04,8.0,9592.0,1199.0,0
2025-01-07,SKU04,13.0,15587.0,1199.0,0
2025-01-08,SKU04,11.0,13189.0,1199.0,0
2025-01-09,SKU04,13.0,15587.0,1199.0,0
2025-01-10,SKU04,11.0,13189.0,1199.0,0
2025-01-11,SKU04,9.0,10791.0,1199.0,0
2025-01-12,SKU04,11.0,13189.0,1199.0,0
2025-01-13,SKU04,16.0,19184.0,1199.0,0
2025-01-14,SKU04,13.0,15587.0,1199.0,0
2025-01-15,SKU04,12.0,14388.0,1199.0,0
2025-01-16,SKU04,9.0,10791.0,1199.0,0
2025-01-17,SKU04,9.0,10791.0,1199.0,0
2025-01-18,SKU04,11.0,13189.0,1199.0,0
2025-01-19,SKU04,21.0,25179.0,1199.0,0
2025-01-20,SKU04,16.0,17264.0,1079.0,1
2025-01-21,SKU04,20.0,21580.0,1079.0,1
2025-01-22,SKU04,13.0,14027.0,1079.0,1
2025-01-23,SKU04,17.0,18343.0,1079.0,1
2025-01-24,SKU04,15.0,16185.0,1079.0,1
2025-01-25,SKU04,21.0,22659.0,1079.0,1
2025-01-26,SKU04,24.0,25896.0,1079.0,1
2025-01-27,SKU04,10.0,11990.0,1199.0,0
2025-01-28,SKU04,10.0,11990.0,1199.0,0
2025-01-29,SKU04,8.0,9592.0,1199.0,0
2025-01-30,SKU04,11.0,13189.0,1199.0,0
2025-01-31,SKU04,7.0,8393.0,1199.0,0
2025-02-01,SKU04,16.0,19184.0,1199.0,0
2025-02-02,SKU04,15.0,17985.0,1199.0,0
2025-02-03,SKU04,10.0,11990.0,1199.0,0
2025-02-04,SKU04,17.0,20383.0,1199.0,0
2025-02-05,SKU04,4.0,4796.0,1199.0,0
2025-02-06,SKU04,7.0,8393.0,1199.0,0
2025-02-07,SKU04,6.0,7194.0,1199.0,0
2025-02-08,SKU04,9.0,10791.0,1199.0,0
2025-02-09,SKU04,16.0,19184.0,1199.0,0
2025-02-10,SKU04,7.0,8393.0,1199.0,0
2025-02-11,SKU04,9.0,10791.0,1199.0,0
2025-02-12,SKU04,11.0,13189.0,1199.0,0
2025-02-13,SKU04,17.0,20383.0,1199.0,0
2025-02-14,SKU04,11.0,13189.0,1199.0,0
2025-02-15,SKU04,9.0,10791.0,1199.0,0
2025-02-16,SKU04,13.0,15587.0,1199.0,0
2025-02-17,SKU04,12.0,14388.0,1199.0,0
2025-02-18,SKU04,9.0,10791.0,1199.0,0
2025-02-19,SKU04,9.0,10791.0,1199.0,0
2025-02-20,SKU04,7.0,8393.0,1199.0,0
2025-02-21,SKU04,15.0,17985.0,1199.0,0
2025-02-22,SKU04,15.0,17985.0,1199.0,0
2025-02-23,SKU04,13.0,15587.0,1199.0,0
2025-02-24,SKU04,4.0,4796.0,1199.0,0
2025-02-25,SKU04,13.0,15587.0,1199.0,0
2025-02-26,SKU04,9.0,10791.0,1199.0,0
2025-02-27,SKU04,10.0,11990.0,1199.0,0
2025-02-28,SKU04,10.0,11990.0,1199.0,0
2025-03-01,SKU04,14.0,16786.0,1199.0,0
2025-03-02,SKU04,13.0,15587.0,1199.0,0
2025-03-03,SKU04,14.0,16786.0,1199.0,0
2025-03-04,SKU04,9.0,10791.0,1199.0,0
2025-03-05,SKU04,6.0,7194.0,1199.0,0
2025-03-06,SKU04,12.0,14388.0,1199.0,0
2025-03-07,SKU04,15.0,17985.0,1199.0,0
2025-03-08,SKU04,7.0,8393.0,1199.0,0
2025-03-09,SKU04,10.0,11990.0,1199.0,0
2025-03-10,SKU04,15.0,17985.0,1199.0,0
2025-03-11,SKU04,7.0,8393.0,1199.0,0
2025-03-12,SKU04,14.0,16786.0,1199.0,0
2025-03-13,SKU04,3.0,3597.0,1199.0,0
2025-03-14,SKU04,10.0,11990.0,1199.0,0
2025-03-15,SKU04,11.0,13189.0,1199.0,0
2025-03-16,SKU04,10.0,11990.0,1199.0,0
2025-03-17,SKU04,11.0,13189.0,1199.0,0
2025-03-18,SKU04,12.0,14388.0,1199.0,0
2025-03-19,SKU04,11.0,13189.0,1199.0,0
2025-03-20,SKU04,8.0,9592.0,1199.0,0
2025-03-21,SKU04,6.0,7194.0,1199.0,0
2025-03-22,SKU04,15.0,17985.0,1199.0,0
2025-03-23,SKU04,5.0,5995.0,1199.0,0
2025-03-24,SKU04,7.0,8393.0,1199.0,0
2025-03-25,SKU04,10.0,11990.0,1199.0,0
2025-03-26,SKU04,8.0,9592.0,1199.0,0
2025-03-27,SKU04,6.0,7194.0,1199.0,0
2025-03-28,SKU04,15.0,17985.0,1199.0,0
2025-03-29,SKU04,14.0,16786.0,1199.0,0
2025-03-30,SKU04,17.0,20383.0,1199.0,0
2025-03-31,SKU04,8.0,9592.0,1199.0,0
2025-04-01,SKU04,9.0,10791.0,1199.0,0
2025-04-02,SKU04,14.0,16786.0,1199.0,0
2025-04-03,SKU04,6.0,7194.0,1199.0,0
2025-04-04,SKU04,6.0,7194.0,1199.0,0
2025-04-05,SKU04,9.0,10791.0,1199.0,0
2025-04-06,SKU04,9.0,10791.0,1199.0,0
2025-04-07,SKU04,3.0,3597.0,1199.0,0
2025-04-08,SKU04,4.0,4796.0,1199.0,0
2025-04-09,SKU04,4.0,4796.0,1199.0,0
2025-04-10,SKU04,4.0,4796.0,1199.0,0
2025-04-11,SKU04,9.0,10791.0,1199.0,0
2025-04-12,SKU04,14.0,16786.0,1199.0,0
2025-04-13,SKU04,8.0,9592.0,1199.0,0
2025-04-14,SKU04,6.0,7194.0,1199.0,0
2025-04-15,SKU04,10.0,11990.0,1199.0,0
2025-04-16,SKU04,8.0,9592.0,1199.0,0
2025-04-17,SKU04,9.0,10791.0,1199.0,0
2025-04-18,SKU04,3.0,3597.0,1199.0,0
2025-04-19,SKU04,6.0,7194.0,1199.0,0
2025-04-20,SKU04,5.0,5995.0,1199.0,0
2025-04-21,SKU04,6.0,7194.0,1199.0,0
2025-04-22,SKU04,6.0,7194.0,1199.0,0
2025-04-23,SKU04,12.0,14388.0,1199.0,0
2025-04-24,SKU04,7.0,8393.0,1199.0,0
2025-04-25,SKU04,4.0,4796.0,1199.0,0
2025-04-26,SKU04,8.0,9592.0,1199.0,0
2025-04-27,SKU04,7.0,8393.0,1199.0,0
2025-04-28,SKU04,7.0,8393.0,1199.0,0
2025-04-29,SKU04,6.0,7194.0,1199.0,0
2025-04-30,SKU04,7.0,8393.0,1199.0,0
2025-05-01,SKU04,7.0,8393.0,1199.0,0
2025-05-02,SKU04,7.0,8393.0,1199.0,0
2025-05-03,SKU04,9.0,10791.0,1199.0,0
2025-05-04,SKU04,9.0,10791.0,1199.0,0
2025-05-05,SKU04,5.0,5995.0,1199.0,0
2025-05-06,SKU04,3.0,3597.0,1199.0,0
2025-05-07,SKU04,5.0,5995.0,1199.0,0
2025-05-08,SKU04,9.0,10791.0,1199.0,0
2025-05-09,SKU04,8.0,9592.0,1199.0,0
2025-05-10,SKU04,11.0,11869.0,1079.0,1
2025-05-11,SKU04,11.0,11869.0,1079.0,1
2025-05-12,SKU04,13.0,14027.0,1079.0,1
2025-05-13,SKU04,10.0,10790.0,1079.0,1
2025-05-14,SKU04,7.0,7553.0,1079.0,1
2025-05-15,SKU04,11.0,11869.0,1079.0,1
2025-05-16,SKU04,3.0,3237.0,1079.0,1
2025-05-17,SKU04,14.0,15106.0,1079.0,1
2025-05-18,SKU04,12.0,12948.0,1079.0,1
2025-05-19,SKU04,11.0,11869.0,1079.0,1
2025-05-20,SKU04,8.0,8632.0,1079.0,1
2025-05-21,SKU04,4.0,4796.0,1199.0,0
2025-05-22,SKU04,11.0,13189.0,1199.0,0
2025-05-23,SKU04,10.0,11990.0,1199.0,0
2025-05-24,SKU04,5.0,5995.0,1199.0,0
2025-05-25,SKU04,5.0,5995.0,1199.0,0
2025-05-26,SKU04,7.0,8393.0,1199.0,0
2025-05-27,SKU04,5.0,5995.0,1199.0,0
2025-05-28,SKU04,9.0,10791.0,1199.0,0
2025-05-29,SKU04,9.0,10791.0,1199.0,0
2025-05-30,SKU04,3.0,3597.0,1199.0,0
2025-05-31,SKU04,8.0,9592.0,1199.0,0
2025-06-01,SKU04,4.0,4796.0,1199.0,0
2025-06-02,SKU04,5.0,5995.0,1199.0,0
2025-06-03,SKU04,10.0,11990.0,1199.0,0
2025-06-04,SKU04,6.0,7194.0,1199.0,0
2025-06-05,SKU04,9.0,10791.0,1199.0,0
2025-06-06,SKU04,2.0,2398.0,1199.0,0
2025-06-07,SKU04,8.0,9592.0,1199.0,0
2025-06-08,SKU04,5.0,5995.0,1199.0,0
2025-06-09,SKU04,5.0,5995.0,1199.0,0
2025-06-10,SKU04,7.0,8393.0,1199.0,0
2025-06-11,SKU04,10.0,11990.0,1199.0,0
2025-06-12,SKU04,8.0,9592.0,1199.0,0
2025-06-13,SKU04,3.0,3597.0,1199.0,0
2025-06-14,SKU04,6.0,7194.0,1199.0,0
2025-06-15,SKU04,6.0,7194.0,1199.0,0
2025-06-16,SKU04,5.0,5995.0,1199.0,0
2025-06-17,SKU04,8.0,9592.0,1199.0,0
2025-06-18,SKU04,8.0,9592.0,1199.0,0
2025-06-19,SKU04,5.0,5995.0,1199.0,0
2025-06-20,SKU04,3.0,3597.0,1199.0,0
2025-06-21,SKU04,3.0,3597.0,1199.0,0
2025-06-22,SKU04,2.0,2398.0,1199.0,0
2025-06-23,SKU04,5.0,5995.0,1199.0,0
2025-06-24,SKU04,7.0,8393.0,1199.0,0
2025-06-25,SKU04,8.0,9592.0,1199.0,0
2025-06-26,SKU04,2.0,2398.0,1199.0,0
2025-06-27,SKU04,3.0,3597.0,1199.0,0
2025-06-28,SKU04,4.0,4796.0,1199.0,0
2025-06-29,SKU04,8.0,9592.0,1199.0,0
2025-06-30,SKU04,4.0,4796.0,1199.0,0
2025-07-01,SKU04,3.0,3597.0,1199.0,0
2025-07-02,SKU04,10.0,11990.0,1199.0,0
2025-07-03,SKU04,3.0,3597.0,1199.0,0
2025-07-04,SKU04,8.0,9592.0,1199.0,0
2025-07-05,SKU04,5.0,5995.0,1199.0,0
2025-07-06,SKU04,4.0,4796.0,1199.0,0
2025-07-07,SKU04,5.0,5995.0,1199.0,0
2025-07-08,SKU04,5.0,5995.0,1199.0,0
2025-07-09,SKU04,7.0,8393.0,1199.0,0
2025-07-10,SKU04,5.0,5995.0,1199.0,0
2025-07-11,SKU04,4.0,4796.0,1199.0,0
2025-07-12,SKU04,3.0,3597.0,1199.0,0
2025-07-13,SKU04,8.0,9592.0,1199.0,0
2025-07-14,SKU04,8.0,9592.0,1199.0,0
2025-07-15,SKU04,4.0,4796.0,1199.0,0
2025-07-16,SKU04,3.0,3597.0,1199.0,0
2025-07-17,SKU04,9.0,10791.0,1199.0,0
2025-07-18,SKU04,5.0,5995.0,1199.0,0
2025-07-19,SKU04,11.0,13189.0,1199.0,0
2025-07-20,SKU04,8.0,9592.0,1199.0,0
2025-07-21,SKU04,6.0,7194.0,1199.0,0
2025-07-22,SKU04,7.0,8393.0,1199.0,0
2025-07-23,SKU04,7.0,8393.0,1199.0,0
2025-07-24,SKU04,7.0,8393.0,1199.0,0
2025-07-25,SKU04,2.0,2398.0,1199.0,0
2025-07-26,SKU04,6.0,7194.0,1199.0,0
2025-07-27,SKU04,13.0,15587.0,1199.0,0
2025-07-28,SKU04,6.0,7194.0,1199.0,0
2025-07-29,SKU04,6.0,7194.0,1199.0,0
2025-07-30,SKU04,8.0,9592.0,1199.0,0
2025-07-31,SKU04,6.0,7194.0,1199.0,0
2025-08-01,SKU04,6.0,7194.0,1199.0,0
2025-08-02,SKU04,9.0,10791.0,1199.0,0
2025-08-03,SKU04,10.0,11990.0,1199.0,0
2025-08-04,SKU04,5.0,5995.0,1199.0,0
2025-08-05,SKU04,7.0,8393.0,1199.0,0
2025-08-06,SKU04,7.0,8393.0,1199.0,0
2025-08-07,SKU04,5.0,5995.0,1199.0,0
2025-08-08,SKU04,7.0,8393.0,1199.0,0
2025-08-09,SKU04,9.0,10791.0,1199.0,0
2025-08-10,SKU04,7.0,8393.0,1199.0,0
2025-08-11,SKU04,7.0,8393.0,1199.0,0
2025-08-12,SKU04,5.0,5995.0,1199.0,0
2025-08-13,SKU04,6.0,7194.0,1199.0,0
2025-08-14,SKU04,4.0,4796.0,1199.0,0
2025-08-15,SKU04,6.0,7194.0,1199.0,0
2025-08-16,SKU04,12.0,14388.0,1199.0,0
2025-08-17,SKU04,3.0,3597.0,1199.0,0
2025-08-18,SKU04,7.0,8393.0,1199.0,0
2025-08-19,SKU04,7.0,8393.0,1199.0,0
2025-08-20,SKU04,12.0,14388.0,1199.0,0
2025-08-21,SKU04,6.0,7194.0,1199.0,0
2025-08-22,SKU04,4.0,4796.0,1199.0,0
2025-08-23,SKU04,5.0,5995.0,1199.0,0
2025-08-24,SKU04,3.0,3597.0,1199.0,0
2025-08-25,SKU04,7.0,8393.0,1199.0,0
2025-08-26,SKU04,9.0,10791.0,1199.0,0
2025-08-27,SKU04,8.0,9592.0,1199.0,0
2025-08-28,SKU04,4.0,4796.0,1199.0,0
2025-08-29,SKU04,10.0,11990.0,1199.0,0
2025-08-30,SKU04,9.0,10791.0,1199.0,0
2025-08-31,SKU04,6.0,7194.0,1199.0,0
2025-09-01,SKU04,4.0,4796.0,1199.0,0
2025-09-02,SKU04,5.0,5995.0,1199.0,0
2025-09-03,SKU04,9.0,10791.0,1199.0,0
2025-09-04,SKU04,5.0,5995.0,1199.0,0
2025-09-05,SKU04,12.0,14388.0,1199.0,0
2025-09-06,SKU04,8.0,9592.0,1199.0,0
2025-09-07,SKU04,10.0,11990.0,1199.0,0
2025-09-08,SKU04,10.0,11990.0,1199.0,0
2025-09-09,SKU04,7.0,8393.0,1199.0,0
2025-09-10,SKU04,9.0,10791.0,1199.0,0
2025-09-11,SKU04,4.0,4796.0,1199.0,0
2025-09-12,SKU04,10.0,11990.0,1199.0,0
2025-09-13,SKU04,14.0,16786.0,1199.0,0
2025-09-14,SKU04,13.0,15587.0,1199.0,0
2025-09-15,SKU04,4.0,4796.0,1199.0,0
2025-09-16,SKU04,9.0,10791.0,1199.0,0
2025-09-17,SKU04,5.0,5995.0,1199.0,0
2025-09-18,SKU04,8.0,9592.0,1199.0,0
2025-09-19,SKU04,10.0,11990.0,1199.0,0
2025-09-20,SKU04,12.0,14388.0,1199.0,0
2025-09-21,SKU04,8.0,9592.0,1199.0,0
2025-09-22,SKU04,9.0,10791.0,1199.0,0
2025-09-23,SKU04,11.0,13189.0,1199.0,0
2025-09-24,SKU04,8.0,9592.0,1199.0,0
2025-09-25,SKU04,12.0,14388.0,1199.0,0
2025-09-26,SKU04,8.0,9592.0,1199.0,0
2025-09-27,SKU04,11.0,13189.0,1199.0,0
2025-09-28,SKU04,13.0,15587.0,1199.0,0
2025-09-29,SKU04,4.0,4796.0,1199.0,0
2025-09-30,SKU04,7.0,8393.0,1199.0,0
2025-10-01,SKU04,7.0,8393.0,1199.0,0
2025-10-02,SKU04,14.0,16786.0,1199.0,0
2025-10-03,SKU04,4.0,4796.0,1199.0,0
2025-10-04,SKU04,13.0,15587.0,1199.0,0
2025-10-05,SKU04,9.0,10791.0,1199.0,0
2025-10-06,SKU04,6.0,7194.0,1199.0,0
2025-10-07,SKU04,8.0,9592.0,1199.0,0
2025-10-08,SKU04,7.0,8393.0,1199.0,0
2025-10-09,SKU04,13.0,15587.0,1199.0,0
2025-10-10,SKU04,12.0,12948.0,1079.0,1
2025-10-11,SKU04,22.0,23738.0,1079.0,1
2025-10-12,SKU04,17.0,18343.0,1079.0,1
2025-10-13,SKU04,15.0,16185.0,1079.0,1
2025-10-14,SKU04,15.0,16185.0,1079.0,1
2025-10-15,SKU04,19.0,20501.0,1079.0,1
2025-10-16,SKU04,11.0,11869.0,1079.0,1
2025-10-17,SKU04,16.0,17264.0,1079.0,1
2025-10-18,SKU04,25.0,26975.0,1079.0,1
2025-10-19,SKU04,14.0,15106.0,1079.0,1
2025-10-20,SKU04,22.0,23738.0,1079.0,1
2025-10-21,SKU04,8.0,9592.0,1199.0,0
2025-10-22,SKU04,7.0,8393.0,1199.0,0
2025-10-23,SKU04,8.0,9592.0,1199.0,0
2025-10-24,SKU04,11.0,13189.0,1199.0,0
2025-10-25,SKU04,12.0,14388.0,1199.0,0
2025-10-26,SKU04,13.0,15587.0,1199.0,0
2025-10-27,SKU04,10.0,11990.0,1199.0,0
2025-10-28,SKU04,10.0,11990.0,1199.0,0
2025-10-29,SKU04,13.0,15587.0,1199.0,0
2025-10-30,SKU04,18.0,21582.0,1199.0,0
2025-10-31,SKU04,10.0,11990.0,1199.0,0
2025-11-01,SKU04,13.0,15587.0,1199.0,0
2025-11-02,SKU04,14.0,16786.0,1199.0,0
2025-11-03,SKU04,7.0,8393.0,1199.0,0
2025-11-04,SKU04,12.0,14388.0,1199.0,0
2025-11-05,SKU04,9.0,10791.0,1199.0,0
2025-11-06,SKU04,13.0,15587.0,1199.0,0
2025-11-07,SKU04,11.0,13189.0,1199.0,0
2025-11-08,SKU04,10.0,11990.0,1199.0,0
2025-11-09,SKU04,10.0,11990.0,1199.0,0
2025-11-10,SKU04,11.0,13189.0,1199.0,0
2025-11-11,SKU04,8.0,9592.0,1199.0,0
2025-11-12,SKU04,15.0,17985.0,1199.0,0
2025-11-13,SKU04,6.0,7194.0,1199.0,0
2025-11-14,SKU04,15.0,17985.0,1199.0,0
2025-11-15,SKU04,12.0,14388.0,1199.0,0
2025-11-16,SKU04,14.0,16786.0,1199.0,0
2025-11-17,SKU04,8.0,9592.0,1199.0,0
2025-11-18,SKU04,9.0,10791.0,1199.0,0
2025-11-19,SKU04,7.0,8393.0,1199.0,0
2025-11-20,SKU04,13.0,15587.0,1199.0,0
2025-11-21,SKU04,13.0,15587.0,1199.0,0
2025-11-22,SKU04,14.0,16786.0,1199.0,0
2025-11-23,SKU04,10.0,11990.0,1199.0,0
2025-11-24,SKU04,12.0,14388.0,1199.0,0
2025-11-25,SKU04,21.0,25179.0,1199.0,0
2025-11-26,SKU04,14.0,16786.0,1199.0,0
2025-11-27,SKU04,10.0,11990.0,1199.0,0
2025-11-28,SKU04,13.0,15587.0,1199.0,0
2025-11-29,SKU04,12.0,14388.0,1199.0,0
2025-11-30,SKU04,15.0,17985.0,1199.0,0
2025-12-01,SKU04,12.0,14388.0,1199.0,0
2025-12-02,SKU04,12.0,14388.0,1199.0,0
2025-12-03,SKU04,14.0,16786.0,1199.0,0
2025-12-04,SKU04,13.0,15587.0,1199.0,0
2025-12-05,SKU04,12.0,14388.0,1199.0,0
2025-12-06,SKU04,12.0,14388.0,1199.0,0
2025-12-07,SKU04,22.0,26378.0,1199.0,0
2025-12-08,SKU04,9.0,10791.0,1199.0,0
2025-12-09,SKU04,16.0,19184.0,1199.0,0
2025-12-10,SKU04,6.0,7194.0,1199.0,0
2025-12-11,SKU04,16.0,19184.0,1199.0,0
2025-12-12,SKU04,6.0,7194.0,1199.0,0
2025-12-13,SKU04,6.0,7194.0,1199.0,0
2025-12-14,SKU04,20.0,23980.0,1199.0,0
2025-12-15,SKU04,19.0,22781.0,1199.0,0
2025-12-16,SKU04,14.0,16786.0,1199.0,0
2025-12-17,SKU04,10.0,11990.0,1199.0,0
2025-12-18,SKU04,15.0,17985.0,1199.0,0
2025-12-19,SKU04,6.0,7194.0,1199.0,0
2025-12-20,SKU04,23.0,24817.0,1079.0,1
2025-12-21,SKU04,24.0,25896.0,1079.0,1
2025-12-22,SKU04,21.0,22659.0,1079.0,1
2025-12-23,SKU04,13.0,14027.0,1079.0,1
2025-12-24,SKU04,17.0,18343.0,1079.0,1
2025-12-25,SKU04,18.0,19422.0,1079.0,1
2025-12-26,SKU04,12.0,12948.0,1079.0,1
2025-12-27,SKU04,20.0,21580.0,1079.0,1
2025-12-28,SKU04,23.0,24817.0,1079.0,1
2024-01-01,SKU05,7.0,5593.0,799.0,0
2024-01-02,SKU05,8.0,6392.0,799.0,0
2024-01-03,SKU05,5.0,3995.0,799.0,0
2024-01-04,SKU05,8.0,6392.0,799.0,0
2024-01-05,SKU05,2.0,1598.0,799.0,0
2024-01-06,SKU05,10.0,7990.0,799.0,0
2024-01-07,SKU05,9.0,7191.0,799.0,0
2024-01-08,SKU05,9.0,7191.0,799.0,0
2024-01-09,SKU05,4.0,3196.0,799.0,0
2024-01-10,SKU05,4.0,3196.0,799.0,0
2024-01-11,SKU05,8.0,6392.0,799.0,0
2024-01-12,SKU05,6.0,4794.0,799.0,0
2024-01-13,SKU05,10.0,7990.0,799.0,0
2024-01-14,SKU05,4.0,3196.0,799.0,0
2024-01-15,SKU05,13.0,10387.0,799.0,0
2024-01-16,SKU05,6.0,4794.0,799.0,0
2024-01-17,SKU05,9.0,7191.0,799.0,0
2024-01-18,SKU05,11.0,8789.0,799.0,0
2024-01-19,SKU05,5.0,3995.0,799.0,0
2024-01-20,SKU05,12.0,8628.0,719.0,1
2024-01-21,SKU05,14.0,10066.0,719.0,1
2024-01-22,SKU05,4.0,2876.0,719.0,1
2024-01-23,SKU05,9.0,6471.0,719.0,1
2024-01-24,SKU05,6.0,4314.0,719.0,1
2024-01-25,SKU05,16.0,11504.0,719.0,1
2024-01-26,SKU05,11.0,7909.0,719.0,1
2024-01-27,SKU05,10.0,7990.0,799.0,0
2024-01-28,SKU05,5.0,3995.0,799.0,0
2024-01-29,SKU05,8.0,6392.0,799.0,0
2024-01-30,SKU05,5.0,3995.0,799.0,0
2024-01-31,SKU05,3.0,2397.0,799.0,0
2024-02-01,SKU05,9.0,7191.0,799.0,0
2024-02-02,SKU05,2.0,1598.0,799.0,0
2024-02-03,SKU05,7.0,5593.0,799.0,0
2024-02-04,SKU05,10.0,7990.0,799.0,0
2024-02-05,SKU05,6.0,4794.0,799.0,0
2024-02-06,SKU05,8.0,6392.0,799.0,0
2024-02-07,SKU05,8.0,6392.0,799.0,0
2024-02-08,SKU05,3.0,2397.0,799.0,0
2024-02-09,SKU05,10.0,7990.0,799.0,0
2024-02-10,SKU05,10.0,7990.0,799.0,0
2024-02-11,SKU05,7.0,5593.0,799.0,0
2024-02-12,SKU05,4.0,3196.0,799.0,0
2024-02-13,SKU05,5.0,3995.0,799.0,0
2024-02-14,SKU05,5.0,3995.0,799.0,0
2024-02-15,SKU05,6.0,4794.0,799.0,0
2024-02-16,SKU05,7.0,5593.0,799.0,0
2024-02-17,SKU05,9.0,7191.0,799.0,0
2024-02-18,SKU05,6.0,4794.0,799.0,0
2024-02-19,SKU05,6.0,4794.0,799.0,0
2024-02-20,SKU05,13.0,10387.0,799.0,0
2024-02-21,SKU05,8.0,6392.0,799.0,0
2024-02-22,SKU05,6.0,4794.0,799.0,0
2024-02-23,SKU05,8.0,6392.0,799.0,0
2024-02-24,SKU05,4.0,3196.0,799.0,0
2024-02-25,SKU05,6.0,4794.0,799.0,0
2024-02-26,SKU05,9.0,7191.0,799.0,0
2024-02-27,SKU05,4.0,3196.0,799.0,0
2024-02-28,SKU05,9.0,7191.0,799.0,0
2024-02-29,SKU05,3.0,2397.0,799.0,0
2024-03-01,SKU05,6.0,4794.0,799.0,0
2024-03-02,SKU05,9.0,7191.0,799.0,0
2024-03-03,SKU05,10.0,7990.0,799.0,0
2024-03-04,SKU05,10.0,7990.0,799.0,0
2024-03-05,SKU05,7.0,5593.0,799.0,0
2024-03-06,SKU05,2.0,1598.0,799.0,0
2024-03-07,SKU05,9.0,7191.0,799.0,0
2024-03-08,SKU05,7.0,5593.0,799.0,0
2024-03-09,SKU05,6.0,4794.0,799.0,0
2024-03-10,SKU05,8.0,6392.0,799.0,0
2024-03-11,SKU05,8.0,6392.0,799.0,0
2024-03-12,SKU05,13.0,10387.0,799.0,0
2024-03-13,SKU05,5.0,3995.0,799.0,0
2024-03-14,SKU05,7.0,5593.0,799.0,0
2024-03-15,SKU05,5.0,3995.0,799.0,0
2024-03-16,SKU05,5.0,3995.0,799.0,0
2024-03-17,SKU05,10.0,7990.0,799.0,0
2024-03-18,SKU05,4.0,3196.0,799.0,0
2024-03-19,SKU05,3.0,2397.0,799.0,0
2024-03-20,SKU05,6.0,4794.0,799.0,0
2024-03-21,SKU05,8.0,6392.0,799.0,0
2024-03-22,SKU05,7.0,5593.0,799.0,0
2024-03-23,SKU05,4.0,3196.0,799.0,0
2024-03-24,SKU05,7.0,5593.0,799.0,0
2024-03-25,SKU05,6.0,4794.0,799.0,0
2024-03-26,SKU05,2.0,1598.0,799.0,0
2024-03-27,SKU05,5.0,3995.0,799.0,0
2024-03-28,SKU05,9.0,7191.0,799.0,0
2024-03-29,SKU05,5.0,3995.0,799.0,0
2024-03-30,SKU05,5.0,3995.0,799.0,0
2024-03-31,SKU05,4.0,3196.0,799.0,0
2024-04-01,SKU05,11.0,8789.0,799.0,0
2024-04-02,SKU05,4.0,3196.0,799.0,0
2024-04-03,SKU05,1.0,799.0,799.0,0
2024-04-04,SKU05,1.0,799.0,799.0,0
2024-04-05,SKU05,7.0,5593.0,799.0,0
2024-04-06,SKU05,12.0,9588.0,799.0,0
2024-04-07,SKU05,7.0,5593.0,799.0,0
2024-04-08,SKU05,9.0,7191.0,799.0,0
2024-04-09,SKU05,8.0,6392.0,799.0,0
2024-04-10,SKU05,8.0,6392.0,799.0,0
2024-04-11,SKU05,5.0,3995.0,799.0,0
2024-04-12,SKU05,4.0,3196.0,799.0,0
2024-04-13,SKU05,6.0,4794.0,799.0,0
2024-04-14,SKU05,5.0,3995.0,799.0,0
2024-04-15,SKU05,5.0,3995.0,799.0,0
2024-04-16,SKU05,6.0,4794.0,799.0,0
2024-04-17,SKU05,6.0,4794.0,799.0,0
2024-04-18,SKU05,10.0,7990.0,799.0,0
2024-04-19,SKU05,5.0,3995.0,799.0,0
2024-04-20,SKU05,10.0,7990.0,799.0,0
2024-04-21,SKU05,5.0,3995.0,799.0,0
2024-04-22,SKU05,7.0,5593.0,799.0,0
2024-04-23,SKU05,3.0,2397.0,799.0,0
2024-04-24,SKU05,1.0,799.0,799.0,0
2024-04-25,SKU05,4.0,3196.0,799.0,0
2024-04-26,SKU05,7.0,5593.0,799.0,0
2024-04-27,SKU05,7.0,5593.0,799.0,0
2024-04-28,SKU05,5.0,3995.0,799.0,0
2024-04-29,SKU05,10.0,7990.0,799.0,0
2024-04-30,SKU05,3.0,2397.0,799.0,0
2024-05-01,SKU05,2.0,1598.0,799.0,0
2024-05-02,SKU05,7.0,5593.0,799.0,0
2024-05-03,SKU05,5.0,3995.0,799.0,0
2024-05-04,SKU05,5.0,3995.0,799.0,0
2024-05-05,SKU05,4.0,3196.0,799.0,0
2024-05-06,SKU05,5.0,3995.0,799.0,0
2024-05-07,SKU05,4.0,3196.0,799.0,0
2024-05-08,SKU05,4.0,3196.0,799.0,0
2024-05-09,SKU05,6.0,4794.0,799.0,0
2024-05-10,SKU05,5.0,3595.0,719.0,1
2024-05-11,SKU05,8.0,5752.0,719.0,1
2024-05-12,SKU05,9.0,6471.0,719.0,1
2024-05-13,SKU05,4.0,2876.0,719.0,1
2024-05-14,SKU05,10.0,7190.0,719.0,1
2024-05-15,SKU05,1.0,719.0,719.0,1
2024-05-16,SKU05,9.0,6471.0,719.0,1
2024-05-17,SKU05,6.0,4314.0,719.0,1
2024-05-18,SKU05,12.0,8628.0,719.0,1
2024-05-19,SKU05,10.0,7190.0,719.0,1
2024-05-20,SKU05,8.0,5752.0,719.0,1
2024-05-21,SKU05,6.0,4794.0,799.0,0
2024-05-22,SKU05,5.0,3995.0,799.0,0
2024-05-23,SKU05,1.0,799.0,799.0,0
2024-05-24,SKU05,4.0,3196.0,799.0,0
2024-05-25,SKU05,6.0,4794.0,799.0,0
2024-05-26,SKU05,6.0,4794.0,799.0,0
2024-05-27,SKU05,6.0,4794.0,799.0,0
2024-05-28,SKU05,1.0,799.0,799.0,0
2024-05-29,SKU05,3.0,2397.0,799.0,0
2024-05-30,SKU05,5.0,3995.0,799.0,0
2024-05-31,SKU05,2.0,1598.0,799.0,0
2024-06-01,SKU05,2.0,1598.0,799.0,0
2024-06-02,SKU05,5.0,3995.0,799.0,0
2024-06-03,SKU05,4.0,3196.0,799.0,0
2024-06-04,SKU05,4.0,3196.0,799.0,0
2024-06-05,SKU05,5.0,3995.0,799.0,0
2024-06-06,SKU05,4.0,3196.0,799.0,0
2024-06-07,SKU05,6.0,4794.0,799.0,0
2024-06-08,SKU05,6.0,4794.0,799.0,0
2024-06-09,SKU05,3.0,2397.0,799.0,0
2024-06-10,SKU05,3.0,2397.0,799.0,0
2024-06-11,SKU05,5.0,3995.0,799.0,0
2024-06-12,SKU05,6.0,4794.0,799.0,0
2024-06-13,SKU05,3.0,2397.0,799.0,0
2024-06-14,SKU05,7.0,5593.0,799.0,0
2024-06-15,SKU05,5.0,3995.0,799.0,0
2024-06-16,SKU05,4.0,3196.0,799.0,0
2024-06-17,SKU05,4.0,3196.0,799.0,0
2024-06-18,SKU05,6.0,4794.0,799.0,0
2024-06-19,SKU05,4.0,3196.0,799.0,0
2024-06-20,SKU05,3.0,2397.0,799.0,0
2024-06-21,SKU05,,3196.0,799.0,0
2024-06-22,SKU05,2.0,1598.0,799.0,0
2024-06-23,SKU05,5.0,3995.0,799.0,0
2024-06-24,SKU05,3.0,2397.0,799.0,0
2024-06-25,SKU05,9.0,7191.0,799.0,0
2024-06-26,SKU05,2.0,1598.0,799.0,0
2024-06-27,SKU05,2.0,1598.0,799.0,0
2024-06-28,SKU05,4.0,3196.0,799.0,0
2024-06-29,SKU05,6.0,4794.0,799.0,0
2024-06-30,SKU05,4.0,3196.0,799.0,0
2024-07-01,SKU05,3.0,2397.0,799.0,0
2024-07-02,SKU05,3.0,2397.0,799.0,0
2024-07-03,SKU05,4.0,3196.0,799.0,0
2024-07-04,SKU05,3.0,2397.0,799.0,0
2024-07-05,SKU05,2.0,1598.0,799.0,0
2024-07-06,SKU05,9.0,7191.0,799.0,0
2024-07-07,SKU05,4.0,3196.0,799.0,0
2024-07-08,SKU05,3.0,2397.0,799.0,0
2024-07-09,SKU05,6.0,4794.0,799.0,0
2024-07-10,SKU05,4.0,3196.0,799.0,0
2024-07-11,SKU05,3.0,2397.0,799.0,0
2024-07-12,SKU05,2.0,1598.0,799.0,0
2024-07-13,SKU05,4.0,3196.0,799.0,0
2024-07-14,SKU05,8.0,6392.0,799.0,0
2024-07-15,SKU05,4.0,3196.0,799.0,0
2024-07-16,SKU05,4.0,3196.0,799.0,0
2024-07-17,SKU05,3.0,2397.0,799.0,0
2024-07-18,SKU05,3.0,2397.0,799.0,0
2024-07-19,SKU05,4.0,3196.0,799.0,0
2024-07-20,SKU05,3.0,2397.0,799.0,0
2024-07-21,SKU05,6.0,4794.0,799.0,0
2024-07-22,SKU05,3.0,2397.0,799.0,0
2024-07-23,SKU05,4.0,3196.0,799.0,0
2024-07-24,SKU05,4.0,3196.0,799.0,0
2024-07-25,SKU05,7.0,5593.0,799.0,0
2024-07-26,SKU05,5.0,3995.0,799.0,0
2024-07-27,SKU05,4.0,3196.0,799.0,0
2024-07-28,SKU05,4.0,3196.0,799.0,0
2024-07-29,SKU05,2.0,1598.0,799.0,0
2024-07-30,SKU05,2.0,1598.0,799.0,0
2024-07-31,SKU05,6.0,4794.0,799.0,0
2024-08-01,SKU05,2.0,1598.0,799.0,0
2024-08-02,SKU05,3.0,2397.0,799.0,0
2024-08-03,SKU05,0.0,0.0,799.0,0
2024-08-04,SKU05,4.0,3196.0,799.0,0
2024-08-05,SKU05,6.0,4794.0,799.0,0
2024-08-06,SKU05,2.0,1598.0,799.0,0
2024-08-07,SKU05,2.0,1598.0,799.0,0
2024-08-08,SKU05,5.0,3995.0,799.0,0
2024-08-09,SKU05,10.0,7990.0,799.0,0
2024-08-10,SKU05,5.0,3995.0,799.0,0
2024-08-11,SKU05,2.0,1598.0,799.0,0
2024-08-12,SKU05,2.0,1598.0,799.0,0
2024-08-13,SKU05,6.0,4794.0,799.0,0
2024-08-14,SKU05,3.0,2397.0,799.0,0
2024-08-15,SKU05,4.0,3196.0,799.0,0
2024-08-16,SKU05,3.0,2397.0,799.0,0
2024-08-17,SKU05,4.0,3196.0,799.0,0
2024-08-18,SKU05,1.0,799.0,799.0,0
2024-08-19,SKU05,3.0,2397.0,799.0,0
2024-08-20,SKU05,3.0,2397.0,799.0,0
2024-08-21,SKU05,2.0,1598.0,799.0,0
2024-08-22,SKU05,5.0,3995.0,799.0,0
2024-08-23,SKU05,5.0,3995.0,799.0,0
2024-08-24,SKU05,4.0,3196.0,799.0,0
2024-08-25,SKU05,5.0,3995.0,799.0,0
2024-08-26,SKU05,3.0,2397.0,799.0,0
2024-08-27,SKU05,4.0,3196.0,799.0,0
2024-08-28,SKU05,5.0,3995.0,799.0,0
2024-08-29,SKU05,7.0,5593.0,799.0,0
2024-08-30,SKU05,1.0,799.0,799.0,0
2024-08-31,SKU05,4.0,3196.0,799.0,0
2024-09-01,SKU05,7.0,5593.0,799.0,0
2024-09-02,SKU05,4.0,3196.0,799.0,0
2024-09-03,SKU05,4.0,3196.0,799.0,0
2024-09-04,SKU05,3.0,2397.0,799.0,0
2024-09-05,SKU05,5.0,3995.0,799.0,0
2024-09-06,SKU05,1.0,799.0,799.0,0
2024-09-07,SKU05,10.0,7990.0,799.0,0
2024-09-08,SKU05,5.0,3995.0,799.0,0
2024-09-09,SKU05,6.0,4794.0,799.0,0
2024-09-10,SKU05,3.0,2397.0,799.0,0
2024-09-11,SKU05,4.0,3196.0,799.0,0
2024-09-12,SKU05,3.0,2397.0,799.0,0
2024-09-13,SKU05,3.0,2397.0,799.0,0
2024-09-14,SKU05,7.0,5593.0,799.0,0
2024-09-15,SKU05,4.0,3196.0,799.0,0
2024-09-16,SKU05,5.0,3995.0,799.0,0
2024-09-17,SKU05,5.0,3995.0,799.0,0
2024-09-18,SKU05,3.0,2397.0,799.0,0
2024-09-19,SKU05,4.0,3196.0,799.0,0
2024-09-20,SKU05,3.0,2397.0,799.0,0
2024-09-21,SKU05,5.0,3995.0,799.0,0
2024-09-22,SKU05,4.0,3196.0,799.0,0
2024-09-23,SKU05,3.0,2397.0,799.0,0
2024-09-24,SKU05,5.0,3995.0,799.0,0
2024-09-25,SKU05,3.0,2397.0,799.0,0
2024-09-26,SKU05,10.0,7990.0,799.0,0
2024-09-27,SKU05,9.0,7191.0,799.0,0
2024-09-28,SKU05,5.0,3995.0,799.0,0
2024-09-29,SKU05,4.0,3196.0,799.0,0
2024-09-30,SKU05,5.0,3995.0,799.0,0
2024-10-01,SKU05,3.0,2397.0,799.0,0
2024-10-02,SKU05,5.0,3995.0,799.0,0
2024-10-03,SKU05,5.0,3995.0,799.0,0
2024-10-04,SKU05,9.0,7191.0,799.0,0
2024-10-05,SKU05,4.0,3196.0,799.0,0
2024-10-06,SKU05,5.0,3995.0,799.0,0
2024-10-07,SKU05,6.0,4794.0,799.0,0
2024-10-08,SKU05,9.0,7191.0,799.0,0
2024-10-09,SKU05,7.0,5593.0,799.0,0
2024-10-10,SKU05,7.0,5593.0,799.0,0
2024-10-11,SKU05,3.0,2397.0,799.0,0
2024-10-12,SKU05,8.0,6392.0,799.0,0
2024-10-13,SKU05,10.0,7990.0,799.0,0
2024-10-14,SKU05,5.0,3995.0,799.0,0
2024-10-15,SKU05,6.0,4794.0,799.0,0
2024-10-16,SKU05,7.0,5593.0,799.0,0
2024-10-17,SKU05,3.0,2397.0,799.0,0
2024-10-18,SKU05,6.0,4794.0,799.0,0
2024-10-19,SKU05,5.0,3995.0,799.0,0
2024-10-20,SKU05,6.0,4794.0,799.0,0
2024-10-21,SKU05,7.0,5593.0,799.0,0
2024-10-22,SKU05,12.0,8628.0,719.0,1
2024-10-23,SKU05,11.0,7909.0,719.0,1
2024-10-24,SKU05,6.0,4314.0,719.0,1
2024-10-25,SKU05,8.0,5752.0,719.0,1
2024-10-26,SKU05,5.0,3595.0,719.0,1
2024-10-27,SKU05,10.0,7190.0,719.0,1
2024-10-28,SKU05,10.0,7190.0,719.0,1
2024-10-29,SKU05,11.0,7909.0,719.0,1
2024-10-30,SKU05,6.0,4314.0,719.0,1
2024-10-31,SKU05,5.0,3595.0,719.0,1
2024-11-01,SKU05,14.0,10066.0,719.0,1
2024-11-02,SKU05,7.0,5593.0,799.0,0
2024-11-03,SKU05,7.0,5593.0,799.0,0
2024-11-04,SKU05,11.0,8789.0,799.0,0
2024-11-05,SKU05,10.0,7990.0,799.0,0
2024-11-06,SKU05,5.0,3995.0,799.0,0
2024-11-07,SKU05,6.0,4794.0,799.0,0
2024-11-08,SKU05,1.0,799.0,799.0,0
2024-11-09,SKU05,11.0,8789.0,799.0,0
2024-11-10,SKU05,13.0,10387.0,799.0,0
2024-11-11,SKU05,13.0,10387.0,799.0,0
2024-11-12,SKU05,3.0,2397.0,799.0,0
2024-11-13,SKU05,2.0,1598.0,799.0,0
2024-11-14,SKU05,4.0,3196.0,799.0,0
2024-11-15,SKU05,11.0,8789.0,799.0,0
2024-11-16,SKU05,5.0,3995.0,799.0,0
2024-11-17,SKU05,11.0,8789.0,799.0,0
2024-11-18,SKU05,8.0,6392.0,799.0,0
2024-11-19,SKU05,0.0,0.0,799.0,0
2024-11-20,SKU05,9.0,7191.0,799.0,0
2024-11-21,SKU05,7.0,5593.0,799.0,0
2024-11-22,SKU05,2.0,1598.0,799.0,0
2024-11-23,SKU05,8.0,6392.0,799.0,0
2024-11-24,SKU05,11.0,8789.0,799.0,0
2024-11-25,SKU05,10.0,7990.0,799.0,0
2024-11-26,SKU05,6.0,4794.0,799.0,0
2024-11-27,SKU05,7.0,5593.0,799.0,0
2024-11-28,SKU05,9.0,7191.0,799.0,0
2024-11-29,SKU05,3.0,2397.0,799.0,0
2024-11-30,SKU05,9.0,7191.0,799.0,0
2024-12-01,SKU05,5.0,3995.0,799.0,0
2024-12-02,SKU05,9.0,7191.0,799.0,0
2024-12-03,SKU05,8.0,6392.0,799.0,0
2024-12-04,SKU05,12.0,9588.0,799.0,0
2024-12-05,SKU05,10.0,7990.0,799.0,0
2024-12-06,SKU05,9.0,7191.0,799.0,0
2024-12-07,SKU05,9.0,7191.0,799.0,0
2024-12-08,SKU05,6.0,4794.0,799.0,0
2024-12-09,SKU05,4.0,3196.0,799.0,0
2024-12-10,SKU05,3.0,2397.0,799.0,0
2024-12-11,SKU05,8.0,6392.0,,0
2024-12-12,SKU05,5.0,3995.0,799.0,0
2024-12-13,SKU05,2.0,1598.0,799.0,0
2024-12-14,SKU05,9.0,7191.0,799.0,0
2024-12-15,SKU05,8.0,6392.0,,0
2024-12-16,SKU05,6.0,4794.0,799.0,0
2024-12-17,SKU05,10.0,7990.0,799.0,0
2024-12-18,SKU05,5.0,3995.0,799.0,0
2024-12-19,SKU05,5.0,3995.0,799.0,0
2024-12-20,SKU05,5.0,3595.0,719.0,1
2024-12-21,SKU05,20.0,14380.0,719.0,1
2024-12-22,SKU05,16.0,11504.0,719.0,1
2024-12-23,SKU05,10.0,7190.0,719.0,1
2024-12-24,SKU05,10.0,7190.0,719.0,1
2024-12-25,SKU05,18.0,12942.0,719.0,1
2024-12-26,SKU05,8.0,5752.0,719.0,1
2024-12-27,SKU05,14.0,10066.0,719.0,1
2024-12-28,SKU05,16.0,11504.0,719.0,1
2024-12-29,SKU05,10.0,7190.0,719.0,1
2024-12-30,SKU05,13.0,9347.0,719.0,1
2024-12-31,SKU05,12.0,8628.0,719.0,1
2025-01-01,SKU05,6.0,4794.0,799.0,0
2025-01-02,SKU05,4.0,3196.0,799.0,0
2025-01-03,SKU05,10.0,7990.0,799.0,0
2025-01-04,SKU05,12.0,9588.0,799.0,0
2025-01-05,SKU05,10.0,7990.0,799.0,0
2025-01-06,SKU05,1.0,799.0,799.0,0
2025-01-07,SKU05,5.0,3995.0,799.0,0
2025-01-08,SKU05,5.0,3995.0,799.0,0
2025-01-09,SKU05,5.0,3995.0,799.0,0
2025-01-10,SKU05,7.0,5593.0,799.0,0
2025-01-11,SKU05,9.0,7191.0,799.0,0
2025-01-12,SKU05,10.0,7990.0,799.0,0
2025-01-13,SKU05,9.0,7191.0,799.0,0
2025-01-14,SKU05,5.0,3995.0,799.0,0
2025-01-15,SKU05,5.0,3995.0,799.0,0
2025-01-16,SKU05,12.0,9588.0,799.0,0
2025-01-17,SKU05,6.0,4794.0,799.0,0
2025-01-18,SKU05,11.0,8789.0,799.0,0
2025-01-19,SKU05,9.0,7191.0,799.0,0
2025-01-20,SKU05,15.0,10785.0,719.0,1
2025-01-21,SKU05,10.0,7190.0,719.0,1
2025-01-22,SKU05,15.0,10785.0,719.0,1
2025-01-23,SKU05,12.0,8628.0,719.0,1
2025-01-24,SKU05,17.0,12223.0,719.0,1
2025-01-25,SKU05,16.0,11504.0,719.0,1
2025-01-26,SKU05,18.0,12942.0,719.0,1
2025-01-27,SKU05,8.0,6392.0,799.0,0
2025-01-28,SKU05,5.0,3995.0,799.0,0
2025-01-29,SKU05,11.0,8789.0,799.0,0
2025-01-30,SKU05,12.0,9588.0,799.0,0
2025-01-31,SKU05,6.0,4794.0,799.0,0
2025-02-01,SKU05,6.0,4794.0,799.0,0
2025-02-02,SKU05,13.0,10387.0,799.0,0
2025-02-03,SKU05,9.0,7191.0,799.0,0
2025-02-04,SKU05,3.0,2397.0,799.0,0
2025-02-05,SKU05,12.0,9588.0,799.0,0
2025-02-06,SKU05,7.0,5593.0,799.0,0
2025-02-07,SKU05,2.0,1598.0,799.0,0
2025-02-08,SKU05,3.0,2397.0,799.0,0
2025-02-09,SKU05,4.0,3196.0,799.0,0
2025-02-10,SKU05,5.0,3995.0,799.0,0
2025-02-11,SKU05,11.0,8789.0,799.0,0
2025-02-12,SKU05,4.0,3196.0,799.0,0
2025-02-13,SKU05,4.0,3196.0,799.0,0
2025-02-14,SKU05,6.0,4794.0,799.0,0
2025-02-15,SKU05,9.0,7191.0,799.0,0
2025-02-16,SKU05,11.0,8789.0,799.0,0
2025-02-17,SKU05,7.0,5593.0,799.0,0
2025-02-18,SKU05,11.0,8789.0,799.0,0
2025-02-19,SKU05,7.0,5593.0,799.0,0
2025-02-20,SKU05,4.0,3196.0,799.0,0
2025-02-21,SKU05,6.0,4794.0,799.0,0
2025-02-22,SKU05,10.0,7990.0,799.0,0
2025-02-23,SKU05,9.0,7191.0,799.0,0
2025-02-24,SKU05,9.0,7191.0,799.0,0
2025-02-25,SKU05,10.0,7990.0,799.0,0
2025-02-26,SKU05,5.0,3995.0,799.0,0
2025-02-27,SKU05,7.0,5593.0,799.0,0
2025-02-28,SKU05,4.0,3196.0,799.0,0
2025-03-01,SKU05,6.0,4794.0,799.0,0
2025-03-02,SKU05,11.0,8789.0,799.0,0
2025-03-03,SKU05,4.0,3196.0,799.0,0
2025-03-04,SKU05,5.0,3995.0,799.0,0
2025-03-05,SKU05,2.0,1598.0,799.0,0
2025-03-06,SKU05,12.0,9588.0,799.0,0
2025-03-07,SKU05,4.0,3196.0,799.0,0
2025-03-08,SKU05,8.0,6392.0,799.0,0
2025-03-09,SKU05,11.0,8789.0,799.0,0
2025-03-10,SKU05,9.0,7191.0,799.0,0
2025-03-11,SKU05,6.0,4794.0,799.0,0
2025-03-12,SKU05,8.0,6392.0,799.0,0
2025-03-13,SKU05,12.0,9588.0,799.0,0
2025-03-14,SKU05,5.0,3995.0,799.0,0
2025-03-15,SKU05,5.0,3995.0,799.0,0
2025-03-16,SKU05,10.0,7990.0,799.0,0
2025-03-17,SKU05,6.0,4794.0,799.0,0
2025-03-18,SKU05,10.0,7990.0,799.0,0
2025-03-19,SKU05,4.0,3196.0,799.0,0
2025-03-20,SKU05,6.0,4794.0,799.0,0
2025-03-21,SKU05,5.0,3995.0,799.0,0
2025-03-22,SKU05,13.0,10387.0,799.0,0
2025-03-23,SKU05,9.0,7191.0,799.0,0
2025-03-24,SKU05,8.0,6392.0,799.0,0
2025-03-25,SKU05,5.0,3995.0,799.0,0
2025-03-26,SKU05,7.0,5593.0,799.0,0
2025-03-27,SKU05,3.0,2397.0,799.0,0
2025-03-28,SKU05,6.0,4794.0,799.0,0
2025-03-29,SKU05,0.0,0.0,799.0,0
2025-03-30,SKU05,6.0,4794.0,799.0,0
2025-03-31,SKU05,9.0,7191.0,799.0,0
2025-04-01,SKU05,7.0,5593.0,799.0,0
2025-04-02,SKU05,6.0,4794.0,799.0,0
2025-04-03,SKU05,6.0,4794.0,799.0,0
2025-04-04,SKU05,5.0,3995.0,799.0,0
2025-04-05,SKU05,12.0,9588.0,799.0,0
2025-04-06,SKU05,9.0,7191.0,799.0,0
2025-04-07,SKU05,2.0,1598.0,799.0,0
2025-04-08,SKU05,7.0,5593.0,799.0,0
2025-04-09,SKU05,12.0,9588.0,799.0,0
2025-04-10,SKU05,5.0,3995.0,799.0,0
2025-04-11,SKU05,7.0,5593.0,799.0,0
2025-04-12,SKU05,7.0,5593.0,799.0,0
2025-04-13,SKU05,2.0,1598.0,799.0,0
2025-04-14,SKU05,4.0,3196.0,799.0,0
2025-04-15,SKU05,5.0,3995.0,799.0,0
2025-04-16,SKU05,3.0,2397.0,799.0,0
2025-04-17,SKU05,5.0,3995.0,799.0,0
2025-04-18,SKU05,2.0,1598.0,799.0,0
2025-04-19,SKU05,9.0,7191.0,799.0,0
2025-04-20,SKU05,13.0,10387.0,799.0,0
2025-04-21,SKU05,6.0,4794.0,799.0,0
2025-04-22,SKU05,7.0,5593.0,799.0,0
2025-04-23,SKU05,9.0,7191.0,799.0,0
2025-04-24,SKU05,5.0,3995.0,799.0,0
2025-04-25,SKU05,11.0,8789.0,799.0,0
2025-04-26,SKU05,10.0,7990.0,799.0,0
2025-04-27,SKU05,3.0,2397.0,799.0,0
2025-04-28,SKU05,12.0,9588.0,799.0,0
2025-04-29,SKU05,2.0,1598.0,799.0,0
2025-04-30,SKU05,4.0,3196.0,799.0,0
2025-05-01,SKU05,7.0,5593.0,799.0,0
2025-05-02,SKU05,9.0,7191.0,799.0,0
2025-05-03,SKU05,3.0,2397.0,799.0,0
2025-05-04,SKU05,5.0,3995.0,799.0,0
2025-05-05,SKU05,7.0,5593.0,799.0,0
2025-05-06,SKU05,5.0,3995.0,799.0,0
2025-05-07,SKU05,1.0,799.0,799.0,0
2025-05-08,SKU05,3.0,2397.0,799.0,0
2025-05-09,SKU05,2.0,1598.0,799.0,0
2025-05-10,SKU05,11.0,7909.0,719.0,1
2025-05-11,SKU05,7.0,5033.0,719.0,1
2025-05-12,SKU05,11.0,7909.0,719.0,1
2025-05-13,SKU05,8.0,5752.0,719.0,1
2025-05-14,SKU05,5.0,3595.0,719.0,1
2025-05-15,SKU05,2.0,1438.0,719.0,1
2025-05-16,SKU05,16.0,11504.0,719.0,1
2025-05-17,SKU05,7.0,5033.0,719.0,1
2025-05-18,SKU05,3.0,2157.0,719.0,1
2025-05-19,SKU05,11.0,7909.0,719.0,1
2025-05-20,SKU05,10.0,7190.0,719.0,1
2025-05-21,SKU05,5.0,3995.0,799.0,0
2025-05-22,SKU05,4.0,3196.0,799.0,0
2025-05-23,SKU05,5.0,3995.0,799.0,0
2025-05-24,SKU05,13.0,10387.0,799.0,0
2025-05-25,SKU05,6.0,4794.0,799.0,0
2025-05-26,SKU05,9.0,7191.0,799.0,0
2025-05-27,SKU05,4.0,3196.0,799.0,0
2025-05-28,SKU05,6.0,4794.0,799.0,0
2025-05-29,SKU05,3.0,2397.0,799.0,0
2025-05-30,SKU05,6.0,4794.0,799.0,0
2025-05-31,SKU05,8.0,6392.0,799.0,0
2025-06-01,SKU05,3.0,2397.0,799.0,0
2025-06-02,SKU05,7.0,5593.0,799.0,0
2025-06-03,SKU05,3.0,2397.0,799.0,0
2025-06-04,SKU05,4.0,3196.0,799.0,0
2025-06-05,SKU05,8.0,6392.0,799.0,0
2025-06-06,SKU05,5.0,3995.0,799.0,0
2025-06-07,SKU05,8.0,6392.0,799.0,0
2025-06-08,SKU05,6.0,4794.0,799.0,0
2025-06-09,SKU05,3.0,2397.0,799.0,0
2025-06-10,SKU05,5.0,3995.0,799.0,0
2025-06-11,SKU05,7.0,5593.0,799.0,0
2025-06-12,SKU05,7.0,5593.0,799.0,0
2025-06-13,SKU05,3.0,2397.0,799.0,0
2025-06-14,SKU05,6.0,4794.0,799.0,0
2025-06-15,SKU05,3.0,2397.0,799.0,0
2025-06-16,SKU05,2.0,1598.0,799.0,0
2025-06-17,SKU05,3.0,2397.0,799.0,0
2025-06-18,SKU05,1.0,799.0,799.0,0
2025-06-19,SKU05,4.0,3196.0,799.0,0
2025-06-20,SKU05,10.0,7990.0,799.0,0
2025-06-21,SKU05,4.0,3196.0,799.0,0
2025-06-22,SKU05,4.0,3196.0,799.0,0
2025-06-23,SKU05,3.0,2397.0,799.0,0
2025-06-24,SKU05,5.0,3995.0,799.0,0
2025-06-25,SKU05,5.0,3995.0,799.0,0
2025-06-26,SKU05,5.0,3995.0,799.0,0
2025-06-27,SKU05,4.0,3196.0,799.0,0
2025-06-28,SKU05,7.0,5593.0,799.0,0
2025-06-29,SKU05,0.0,0.0,799.0,0
2025-06-30,SKU05,3.0,2397.0,799.0,0
2025-07-01,SKU05,9.0,7191.0,799.0,0
2025-07-02,SKU05,4.0,3196.0,799.0,0
2025-07-03,SKU05,3.0,2397.0,799.0,0
2025-07-04,SKU05,1.0,799.0,799.0,0
2025-07-05,SKU05,7.0,5593.0,799.0,0
2025-07-06,SKU05,5.0,3995.0,799.0,0
2025-07-07,SKU05,4.0,3196.0,799.0,0
2025-07-08,SKU05,1.0,799.0,799.0,0
2025-07-09,SKU05,4.0,3196.0,799.0,0
2025-07-10,SKU05,4.0,3196.0,799.0,0
2025-07-11,SKU05,4.0,3196.0,799.0,0
2025-07-12,SKU05,6.0,4794.0,799.0,0
2025-07-13,SKU05,4.0,3196.0,799.0,0
2025-07-14,SKU05,2.0,1598.0,799.0,0
2025-07-15,SKU05,3.0,2397.0,799.0,0
2025-07-16,SKU05,6.0,4794.0,799.0,0
2025-07-17,SKU05,3.0,2397.0,799.0,0
2025-07-18,SKU05,7.0,5593.0,799.0,0
2025-07-19,SKU05,4.0,3196.0,799.0,0
2025-07-20,SKU05,9.0,7191.0,799.0,0
2025-07-21,SKU05,3.0,2397.0,799.0,0
2025-07-22,SKU05,4.0,3196.0,799.0,0
2025-07-23,SKU05,2.0,1598.0,799.0,0
2025-07-24,SKU05,5.0,3995.0,799.0,0
2025-07-25,SKU05,7.0,5593.0,799.0,0
2025-07-26,SKU05,4.0,3196.0,799.0,0
2025-07-27,SKU05,3.0,2397.0,799.0,0
2025-07-28,SKU05,0.0,0.0,799.0,0
2025-07-29,SKU05,2.0,1598.0,799.0,0
2025-07-30,SKU05,1.0,799.0,799.0,0
2025-07-31,SKU05,4.0,3196.0,799.0,0
2025-08-01,SKU05,5.0,3995.0,799.0,0
2025-08-02,SKU05,5.0,3995.0,799.0,0
2025-08-03,SKU05,5.0,3995.0,799.0,0
2025-08-04,SKU05,3.0,2397.0,799.0,0
2025-08-05,SKU05,3.0,2397.0,799.0,0
2025-08-06,SKU05,4.0,3196.0,799.0,0
2025-08-07,SKU05,5.0,3995.0,799.0,0
2025-08-08,SKU05,2.0,1598.0,799.0,0
2025-08-09,SKU05,8.0,6392.0,799.0,0
2025-08-10,SKU05,11.0,8789.0,799.0,0
2025-08-11,SKU05,8.0,6392.0,799.0,0
2025-08-12,SKU05,5.0,3995.0,799.0,0
2025-08-13,SKU05,9.0,7191.0,799.0,0
2025-08-14,SKU05,3.0,2397.0,799.0,0
2025-08-15,SKU05,5.0,3995.0,799.0,0
2025-08-16,SKU05,2.0,1598.0,799.0,0
2025-08-17,SKU05,4.0,3196.0,799.0,0
2025-08-18,SKU05,6.0,4794.0,799.0,0
2025-08-19,SKU05,3.0,2397.0,799.0,0
2025-08-20,SKU05,4.0,3196.0,799.0,0
2025-08-21,SKU05,5.0,3995.0,799.0,0
2025-08-22,SKU05,5.0,3995.0,799.0,0
2025-08-23,SKU05,3.0,2397.0,799.0,0
2025-08-24,SKU05,6.0,4794.0,799.0,0
2025-08-25,SKU05,5.0,3995.0,799.0,0
2025-08-26,SKU05,4.0,3196.0,799.0,0
2025-08-27,SKU05,4.0,3196.0,799.0,0
2025-08-28,SKU05,3.0,2397.0,799.0,0
2025-08-29,SKU05,8.0,6392.0,799.0,0
2025-08-30,SKU05,4.0,3196.0,799.0,0
2025-08-31,SKU05,5.0,3995.0,799.0,0
2025-09-01,SKU05,7.0,5593.0,799.0,0
2025-09-02,SKU05,4.0,3196.0,799.0,0
2025-09-03,SKU05,8.0,6392.0,799.0,0
2025-09-04,SKU05,3.0,2397.0,799.0,0
2025-09-05,SKU05,8.0,6392.0,799.0,0
2025-09-06,SKU05,6.0,4794.0,799.0,0
2025-09-07,SKU05,4.0,3196.0,799.0,0
2025-09-08,SKU05,7.0,5593.0,799.0,0
2025-09-09,SKU05,2.0,1598.0,799.0,0
2025-09-10,SKU05,4.0,3196.0,799.0,0
2025-09-11,SKU05,6.0,4794.0,799.0,0
2025-09-12,SKU05,3.0,2397.0,799.0,0
2025-09-13,SKU05,6.0,4794.0,799.0,0
2025-09-14,SKU05,6.0,4794.0,799.0,0
2025-09-15,SKU05,6.0,4794.0,799.0,0
2025-09-16,SKU05,2.0,1598.0,799.0,0
2025-09-17,SKU05,3.0,2397.0,799.0,0
2025-09-18,SKU05,4.0,3196.0,799.0,0
2025-09-19,SKU05,3.0,2397.0,799.0,0
2025-09-20,SKU05,8.0,6392.0,799.0,0
2025-09-21,SKU05,5.0,3995.0,799.0,0
2025-09-22,SKU05,3.0,2397.0,799.0,0
2025-09-23,SKU05,2.0,1598.0,799.0,0
2025-09-24,SKU05,8.0,6392.0,799.0,0
2025-09-25,SKU05,6.0,4794.0,799.0,0
2025-09-26,SKU05,2.0,1598.0,799.0,0
2025-09-27,SKU05,8.0,6392.0,799.0,0
2025-09-28,SKU05,6.0,4794.0,799.0,0
2025-09-29,SKU05,1.0,799.0,799.0,0
2025-09-30,SKU05,3.0,2397.0,799.0,0
2025-10-01,SKU05,6.0,4794.0,799.0,0
2025-10-02,SKU05,11.0,8789.0,799.0,0
2025-10-03,SKU05,5.0,3995.0,799.0,0
2025-10-04,SKU05,11.0,8789.0,799.0,0
2025-10-05,SKU05,7.0,5593.0,799.0,0
2025-10-06,SKU05,9.0,7191.0,799.0,0
2025-10-07,SKU05,4.0,3196.0,799.0,0
2025-10-08,SKU05,10.0,7990.0,799.0,0
2025-10-09,SKU05,9.0,7191.0,799.0,0
2025-10-10,SKU05,13.0,9347.0,719.0,1
2025-10-11,SKU05,11.0,7909.0,719.0,1
2025-10-12,SKU05,7.0,5033.0,719.0,1
2025-10-13,SKU05,5.0,3595.0,719.0,1
2025-10-14,SKU05,5.0,3595.0,719.0,1
2025-10-15,SKU05,7.0,5033.0,719.0,1
2025-10-16,SKU05,9.0,6471.0,719.0,1
2025-10-17,SKU05,5.0,3595.0,719.0,1
2025-10-18,SKU05,15.0,10785.0,719.0,1
2025-10-19,SKU05,11.0,7909.0,719.0,1
2025-10-20,SKU05,9.0,6471.0,719.0,1
2025-10-21,SKU05,7.0,5593.0,799.0,0
2025-10-22,SKU05,9.0,7191.0,799.0,0
2025-10-23,SKU05,5.0,3995.0,799.0,0
2025-10-24,SKU05,8.0,6392.0,799.0,0
2025-10-25,SKU05,10.0,7990.0,799.0,0
2025-10-26,SKU05,6.0,4794.0,799.0,0
2025-10-27,SKU05,6.0,4794.0,799.0,0
2025-10-28,SKU05,7.0,5593.0,799.0,0
2025-10-29,SKU05,2.0,1598.0,799.0,0
2025-10-30,SKU05,4.0,3196.0,799.0,0
2025-10-31,SKU05,5.0,3995.0,799.0,0
2025-11-01,SKU05,5.0,3995.0,799.0,0
2025-11-02,SKU05,12.0,9588.0,799.0,0
2025-11-03,SKU05,6.0,4794.0,799.0,0
2025-11-04,SKU05,5.0,3995.0,799.0,0
2025-11-05,SKU05,4.0,3196.0,799.0,0
2025-11-06,SKU05,6.0,4794.0,799.0,0
2025-11-07,SKU05,9.0,7191.0,799.0,0
2025-11-08,SKU05,9.0,7191.0,799.0,0
2025-11-09,SKU05,11.0,8789.0,799.0,0
2025-11-10,SKU05,5.0,3995.0,799.0,0
2025-11-11,SKU05,5.0,3995.0,799.0,0
2025-11-12,SKU05,12.0,9588.0,799.0,0
2025-11-13,SKU05,11.0,8789.0,799.0,0
2025-11-14,SKU05,7.0,5593.0,799.0,0
2025-11-15,SKU05,11.0,8789.0,799.0,0
2025-11-16,SKU05,9.0,7191.0,799.0,0
2025-11-17,SKU05,3.0,2397.0,799.0,0
2025-11-18,SKU05,9.0,7191.0,799.0,0
2025-11-19,SKU05,4.0,3196.0,799.0,0
2025-11-20,SKU05,8.0,6392.0,799.0,0
2025-11-21,SKU05,2.0,1598.0,799.0,0
2025-11-22,SKU05,10.0,7990.0,799.0,0
2025-11-23,SKU05,10.0,7990.0,799.0,0
2025-11-24,SKU05,8.0,6392.0,799.0,0
2025-11-25,SKU05,5.0,3995.0,799.0,0
2025-11-26,SKU05,4.0,3196.0,799.0,0
2025-11-27,SKU05,,3995.0,799.0,0
2025-11-28,SKU05,6.0,4794.0,799.0,0
2025-11-29,SKU05,6.0,4794.0,799.0,0
2025-11-30,SKU05,10.0,7990.0,799.0,0
2025-12-01,SKU05,10.0,7990.0,799.0,0
2025-12-02,SKU05,5.0,3995.0,799.0,0
2025-12-03,SKU05,6.0,4794.0,799.0,0
2025-12-04,SKU05,9.0,7191.0,799.0,0
2025-12-05,SKU05,5.0,3995.0,799.0,0
2025-12-06,SKU05,9.0,7191.0,799.0,0
2025-12-07,SKU05,9.0,7191.0,799.0,0
2025-12-08,SKU05,10.0,7990.0,799.0,0
2025-12-09,SKU05,10.0,7990.0,799.0,0
2025-12-10,SKU05,15.0,11985.0,799.0,0
2025-12-11,SKU05,7.0,5593.0,799.0,0
2025-12-12,SKU05,4.0,3196.0,799.0,0
2025-12-13,SKU05,14.0,11186.0,799.0,0
2025-12-14,SKU05,7.0,5593.0,799.0,0
2025-12-15,SKU05,10.0,7990.0,799.0,0
2025-12-16,SKU05,5.0,3995.0,799.0,0
2025-12-17,SKU05,5.0,3995.0,799.0,0
2025-12-18,SKU05,15.0,11985.0,799.0,0
2025-12-19,SKU05,10.0,7990.0,799.0,0
2025-12-20,SKU05,14.0,10066.0,719.0,1
2025-12-21,SKU05,21.0,15099.0,719.0,1
2025-12-22,SKU05,3.0,2157.0,719.0,1
2025-12-23,SKU05,8.0,5752.0,719.0,1
2025-12-24,SKU05,11.0,7909.0,719.0,1
2025-12-25,SKU05,16.0,11504.0,719.0,1
2025-12-26,SKU05,11.0,7909.0,719.0,1
2025-12-27,SKU05,13.0,9347.0,719.0,1
2025-12-28,SKU05,13.0,9347.0,719.0,1
2024-01-01,SKU06,5.0,9995.0,1999.0,0
2024-01-02,SKU06,5.0,9995.0,1999.0,0
2024-01-03,SKU06,5.0,9995.0,1999.0,0
2024-01-04,SKU06,6.0,11994.0,1999.0,0
2024-01-05,SKU06,2.0,3998.0,1999.0,0
2024-01-06,SKU06,4.0,7996.0,1999.0,0
2024-01-07,SKU06,2.0,3998.0,1999.0,0
2024-01-08,SKU06,5.0,9995.0,1999.0,0
2024-01-09,SKU06,7.0,13993.0,1999.0,0
2024-01-10,SKU06,3.0,5997.0,1999.0,0
2024-01-11,SKU06,5.0,9995.0,1999.0,0
2024-01-12,SKU06,4.0,7996.0,1999.0,0
2024-01-13,SKU06,4.0,7996.0,1999.0,0
2024-01-14,SKU06,3.0,5997.0,1999.0,0
2024-01-15,SKU06,4.0,7996.0,1999.0,0
2024-01-16,SKU06,6.0,11994.0,1999.0,0
2024-01-17,SKU06,3.0,5997.0,1999.0,0
2024-01-18,SKU06,7.0,13993.0,1999.0,0
2024-01-19,SKU06,9.0,17991.0,1999.0,0
2024-01-20,SKU06,13.0,23387.0,1799.0,1
2024-01-21,SKU06,9.0,16191.0,1799.0,1
2024-01-22,SKU06,8.0,14392.0,1799.0,1
2024-01-23,SKU06,13.0,23387.0,1799.0,1
2024-01-24,SKU06,5.0,8995.0,1799.0,1
2024-01-25,SKU06,13.0,23387.0,1799.0,1
2024-01-26,SKU06,15.0,26985.0,1799.0,1
2024-01-27,SKU06,10.0,19990.0,1999.0,0
2024-01-28,SKU06,6.0,11994.0,1999.0,0
2024-01-29,SKU06,7.0,13993.0,1999.0,0
2024-01-30,SKU06,5.0,9995.0,1999.0,0
2024-01-31,SKU06,4.0,7996.0,1999.0,0
2024-02-01,SKU06,6.0,11994.0,1999.0,0
2024-02-02,SKU06,4.0,7996.0,1999.0,0
2024-02-03,SKU06,5.0,9995.0,1999.0,0
2024-02-04,SKU06,9.0,17991.0,1999.0,0
2024-02-05,SKU06,9.0,17991.0,1999.0,0
2024-02-06,SKU06,4.0,7996.0,1999.0,0
2024-02-07,SKU06,2.0,3998.0,1999.0,0
2024-02-08,SKU06,4.0,7996.0,1999.0,0
2024-02-09,SKU06,5.0,9995.0,1999.0,0
2024-02-10,SKU06,3.0,5997.0,1999.0,0
2024-02-11,SKU06,8.0,15992.0,1999.0,0
2024-02-12,SKU06,6.0,11994.0,1999.0,0
2024-02-13,SKU06,8.0,15992.0,1999.0,0
2024-02-14,SKU06,3.0,5997.0,1999.0,0
2024-02-15,SKU06,6.0,11994.0,1999.0,0
2024-02-16,SKU06,5.0,9995.0,1999.0,0
2024-02-17,SKU06,3.0,5997.0,1999.0,0
2024-02-18,SKU06,7.0,13993.0,1999.0,0
2024-02-19,SKU06,3.0,5997.0,1999.0,0
2024-02-20,SKU06,2.0,3998.0,1999.0,0
2024-02-21,SKU06,5.0,9995.0,1999.0,0
2024-02-22,SKU06,6.0,11994.0,1999.0,0
2024-02-23,SKU06,5.0,9995.0,1999.0,0
2024-02-24,SKU06,0.0,0.0,1999.0,0
2024-02-25,SKU06,7.0,13993.0,1999.0,0
2024-02-26,SKU06,3.0,5997.0,1999.0,0
2024-02-27,SKU06,6.0,11994.0,1999.0,0
2024-02-28,SKU06,4.0,7996.0,1999.0,0
2024-02-29,SKU06,2.0,3998.0,1999.0,0
2024-03-01,SKU06,2.0,3998.0,1999.0,0
2024-03-02,SKU06,6.0,11994.0,1999.0,0
2024-03-03,SKU06,4.0,7996.0,1999.0,0
2024-03-04,SKU06,6.0,11994.0,1999.0,0
2024-03-05,SKU06,4.0,7996.0,1999.0,0
2024-03-06,SKU06,2.0,3998.0,1999.0,0
2024-03-07,SKU06,3.0,5997.0,1999.0,0
2024-03-08,SKU06,4.0,7996.0,1999.0,0
2024-03-09,SKU06,8.0,15992.0,1999.0,0
2024-03-10,SKU06,6.0,11994.0,1999.0,0
2024-03-11,SKU06,4.0,7996.0,1999.0,0
2024-03-12,SKU06,3.0,5997.0,1999.0,0
2024-03-13,SKU06,3.0,5997.0,1999.0,0
2024-03-14,SKU06,3.0,5997.0,1999.0,0
2024-03-15,SKU06,6.0,11994.0,1999.0,0
2024-03-16,SKU06,7.0,13993.0,1999.0,0
2024-03-17,SKU06,7.0,13993.0,1999.0,0
2024-03-18,SKU06,7.0,13993.0,1999.0,0
2024-03-19,SKU06,9.0,17991.0,1999.0,0
2024-03-20,SKU06,7.0,13993.0,1999.0,0
2024-03-21,SKU06,3.0,5997.0,1999.0,0
2024-03-22,SKU06,1.0,1999.0,1999.0,0
2024-03-23,SKU06,3.0,5997.0,1999.0,0
2024-03-24,SKU06,7.0,13993.0,1999.0,0
2024-03-25,SKU06,6.0,11994.0,1999.0,0
2024-03-26,SKU06,6.0,11994.0,1999.0,0
2024-03-27,SKU06,2.0,3998.0,1999.0,0
2024-03-28,SKU06,4.0,7996.0,1999.0,0
2024-03-29,SKU06,3.0,5997.0,1999.0,0
2024-03-30,SKU06,2.0,3998.0,1999.0,0
2024-03-31,SKU06,3.0,5997.0,1999.0,0
2024-04-01,SKU06,,5997.0,1999.0,0
2024-04-02,SKU06,1.0,1999.0,1999.0,0
2024-04-03,SKU06,8.0,15992.0,1999.0,0
2024-04-04,SKU06,6.0,11994.0,1999.0,0
2024-04-05,SKU06,3.0,5997.0,1999.0,0
2024-04-06,SKU06,5.0,9995.0,1999.0,0
2024-04-07,SKU06,4.0,7996.0,1999.0,0
2024-04-08,SKU06,2.0,3998.0,1999.0,0
2024-04-09,SKU06,1.0,1999.0,1999.0,0
2024-04-10,SKU06,5.0,9995.0,1999.0,0
2024-04-11,SKU06,2.0,3998.0,1999.0,0
2024-04-12,SKU06,7.0,13993.0,1999.0,0
2024-04-13,SKU06,2.0,3998.0,1999.0,0
2024-04-14,SKU06,2.0,3998.0,1999.0,0
2024-04-15,SKU06,4.0,7996.0,1999.0,0
2024-04-16,SKU06,4.0,7996.0,1999.0,0
2024-04-17,SKU06,3.0,5997.0,1999.0,0
2024-04-18,SKU06,3.0,5997.0,1999.0,0
2024-04-19,SKU06,4.0,7996.0,1999.0,0
2024-04-20,SKU06,5.0,9995.0,1999.0,0
2024-04-21,SKU06,4.0,7996.0,1999.0,0
2024-04-22,SKU06,3.0,5997.0,1999.0,0
2024-04-23,SKU06,1.0,1999.0,1999.0,0
2024-04-24,SKU06,6.0,11994.0,1999.0,0
2024-04-25,SKU06,3.0,5997.0,1999.0,0
2024-04-26,SKU06,5.0,9995.0,1999.0,0
2024-04-27,SKU06,8.0,15992.0,1999.0,0
2024-04-28,SKU06,3.0,5997.0,1999.0,0
2024-04-29,SKU06,2.0,3998.0,1999.0,0
2024-04-30,SKU06,0.0,0.0,1999.0,0
2024-05-01,SKU06,2.0,3998.0,1999.0,0
2024-05-02,SKU06,0.0,0.0,1999.0,0
2024-05-03,SKU06,1.0,1999.0,1999.0,0
2024-05-04,SKU06,4.0,7996.0,1999.0,0
2024-05-05,SKU06,3.0,5997.0,1999.0,0
2024-05-06,SKU06,1.0,1999.0,1999.0,0
2024-05-07,SKU06,1.0,1999.0,1999.0,0
2024-05-08,SKU06,2.0,3998.0,1999.0,0
2024-05-09,SKU06,0.0,0.0,1999.0,0
2024-05-10,SKU06,5.0,8995.0,1799.0,1
2024-05-11,SKU06,6.0,10794.0,1799.0,1
2024-05-12,SKU06,3.0,5397.0,1799.0,1
2024-05-13,SKU06,4.0,7196.0,1799.0,1
2024-05-14,SKU06,2.0,3598.0,1799.0,1
2024-05-15,SKU06,4.0,7196.0,1799.0,1
2024-05-16,SKU06,3.0,5397.0,1799.0,1
2024-05-17,SKU06,4.0,7196.0,1799.0,1
2024-05-18,SKU06,6.0,10794.0,1799.0,1
2024-05-19,SKU06,1.0,1799.0,1799.0,1
2024-05-20,SKU06,2.0,3598.0,1799.0,1
2024-05-21,SKU06,1.0,1999.0,1999.0,0
2024-05-22,SKU06,0.0,0.0,1999.0,0
2024-05-23,SKU06,2.0,3998.0,1999.0,0
2024-05-24,SKU06,1.0,1999.0,1999.0,0
2024-05-25,SKU06,0.0,0.0,1999.0,0
2024-05-26,SKU06,4.0,7996.0,1999.0,0
2024-05-27,SKU06,1.0,1999.0,1999.0,0
2024-05-28,SKU06,0.0,0.0,1999.0,0
2024-05-29,SKU06,0.0,0.0,1999.0,0
2024-05-30,SKU06,2.0,3998.0,1999.0,0
2024-05-31,SKU06,0.0,0.0,1999.0,0
2024-06-01,SKU06,0.0,0.0,1999.0,0
2024-06-02,SKU06,4.0,7996.0,1999.0,0
2024-06-03,SKU06,2.0,3998.0,1999.0,0
2024-06-04,SKU06,2.0,3998.0,1999.0,0
2024-06-05,SKU06,3.0,5997.0,1999.0,0
2024-06-06,SKU06,0.0,0.0,1999.0,0
2024-06-07,SKU06,1.0,1999.0,1999.0,0
2024-06-08,SKU06,1.0,1999.0,1999.0,0
2024-06-09,SKU06,3.0,5997.0,1999.0,0
2024-06-10,SKU06,3.0,5997.0,1999.0,0
2024-06-11,SKU06,0.0,0.0,1999.0,0
2024-06-12,SKU06,2.0,3998.0,1999.0,0
2024-06-13,SKU06,1.0,1999.0,1999.0,0
2024-06-14,SKU06,1.0,1999.0,1999.0,0
2024-06-15,SKU06,0.0,0.0,1999.0,0
2024-06-16,SKU06,2.0,3998.0,1999.0,0
2024-06-17,SKU06,0.0,0.0,1999.0,0
2024-06-18,SKU06,0.0,0.0,1999.0,0
2024-06-19,SKU06,1.0,1999.0,1999.0,0
2024-06-20,SKU06,3.0,5997.0,1999.0,0
2024-06-21,SKU06,4.0,7996.0,1999.0,0
2024-06-22,SKU06,0.0,0.0,1999.0,0
2024-06-23,SKU06,3.0,5997.0,1999.0,0
2024-06-24,SKU06,1.0,1999.0,1999.0,0
2024-06-25,SKU06,0.0,0.0,1999.0,0
2024-06-26,SKU06,1.0,1999.0,1999.0,0
2024-06-27,SKU06,0.0,0.0,1999.0,0
2024-06-28,SKU06,2.0,3998.0,1999.0,0
2024-06-29,SKU06,0.0,0.0,1999.0,0
2024-06-30,SKU06,0.0,0.0,1999.0,0
2024-07-01,SKU06,2.0,3998.0,1999.0,0
2024-07-02,SKU06,3.0,5997.0,1999.0,0
2024-07-03,SKU06,0.0,0.0,1999.0,0
2024-07-04,SKU06,1.0,1999.0,1999.0,0
2024-07-05,SKU06,0.0,0.0,1999.0,0
2024-07-06,SKU06,1.0,1999.0,1999.0,0
2024-07-07,SKU06,2.0,3998.0,1999.0,0
2024-07-08,SKU06,0.0,0.0,1999.0,0
2024-07-09,SKU06,1.0,1999.0,1999.0,0
2024-07-10,SKU06,0.0,0.0,1999.0,0
2024-07-11,SKU06,3.0,5997.0,1999.0,0
2024-07-12,SKU06,3.0,5997.0,1999.0,0
2024-07-13,SKU06,2.0,3998.0,1999.0,0
2024-07-14,SKU06,0.0,0.0,1999.0,0
2024-07-15,SKU06,0.0,0.0,1999.0,0
2024-07-16,SKU06,2.0,3998.0,1999.0,0
2024-07-17,SKU06,0.0,0.0,1999.0,0
2024-07-18,SKU06,2.0,3998.0,1999.0,0
2024-07-19,SKU06,2.0,3998.0,1999.0,0
2024-07-20,SKU06,2.0,3998.0,1999.0,0
2024-07-21,SKU06,1.0,1999.0,1999.0,0
2024-07-22,SKU06,3.0,5997.0,1999.0,0
2024-07-23,SKU06,2.0,3998.0,1999.0,0
2024-07-24,SKU06,1.0,1999.0,1999.0,0
2024-07-25,SKU06,0.0,0.0,1999.0,0
2024-07-26,SKU06,1.0,1999.0,1999.0,0
2024-07-27,SKU06,1.0,1999.0,1999.0,0
2024-07-28,SKU06,3.0,5997.0,1999.0,0
2024-07-29,SKU06,1.0,1999.0,1999.0,0
2024-07-30,SKU06,1.0,1999.0,1999.0,0
2024-07-31,SKU06,0.0,0.0,1999.0,0
2024-08-01,SKU06,2.0,3998.0,1999.0,0
2024-08-02,SKU06,1.0,1999.0,1999.0,0
2024-08-03,SKU06,4.0,7996.0,1999.0,0
2024-08-04,SKU06,3.0,5997.0,1999.0,0
2024-08-05,SKU06,3.0,5997.0,1999.0,0
2024-08-06,SKU06,0.0,0.0,1999.0,0
2024-08-07,SKU06,2.0,3998.0,1999.0,0
2024-08-08,SKU06,1.0,1999.0,1999.0,0
2024-08-09,SKU06,2.0,3998.0,1999.0,0
2024-08-10,SKU06,1.0,1999.0,1999.0,0
2024-08-11,SKU06,0.0,0.0,1999.0,0
2024-08-12,SKU06,1.0,1999.0,1999.0,0
2024-08-13,SKU06,2.0,3998.0,1999.0,0
2024-08-14,SKU06,2.0,3998.0,1999.0,0
2024-08-15,SKU06,1.0,1999.0,1999.0,0
2024-08-16,SKU06,1.0,1999.0,1999.0,0
2024-08-17,SKU06,1.0,1999.0,1999.0,0
2024-08-18,SKU06,1.0,1999.0,1999.0,0
2024-08-19,SKU06,1.0,1999.0,1999.0,0
2024-08-20,SKU06,0.0,0.0,1999.0,0
2024-08-21,SKU06,0.0,0.0,1999.0,0
2024-08-22,SKU06,0.0,0.0,1999.0,0
2024-08-23,SKU06,2.0,3998.0,1999.0,0
2024-08-24,SKU06,3.0,5997.0,1999.0,0
2024-08-25,SKU06,5.0,9995.0,1999.0,0
2024-08-26,SKU06,5.0,9995.0,1999.0,0
2024-08-27,SKU06,0.0,0.0,1999.0,0
2024-08-28,SKU06,1.0,1999.0,1999.0,0
2024-08-29,SKU06,2.0,3998.0,1999.0,0
2024-08-30,SKU06,1.0,1999.0,1999.0,0
2024-08-31,SKU06,3.0,5997.0,1999.0,0
2024-09-01,SKU06,4.0,7996.0,1999.0,0
2024-09-02,SKU06,1.0,1999.0,1999.0,0
2024-09-03,SKU06,3.0,5997.0,1999.0,0
2024-09-04,SKU06,4.0,7996.0,1999.0,0
2024-09-05,SKU06,2.0,3998.0,1999.0,0
2024-09-06,SKU06,3.0,5997.0,1999.0,0
2024-09-07,SKU06,3.0,5997.0,1999.0,0
2024-09-08,SKU06,4.0,7996.0,1999.0,0
2024-09-09,SKU06,2.0,3998.0,1999.0,0
2024-09-10,SKU06,5.0,9995.0,1999.0,0
2024-09-11,SKU06,1.0,1999.0,1999.0,0
2024-09-12,SKU06,3.0,5997.0,1999.0,0
2024-09-13,SKU06,1.0,1999.0,1999.0,0
2024-09-14,SKU06,1.0,1999.0,1999.0,0
2024-09-15,SKU06,4.0,7996.0,1999.0,0
2024-09-16,SKU06,0.0,0.0,1999.0,0
2024-09-17,SKU06,2.0,3998.0,1999.0,0
2024-09-18,SKU06,2.0,3998.0,1999.0,0
2024-09-19,SKU06,3.0,5997.0,1999.0,0
2024-09-20,SKU06,1.0,1999.0,1999.0,0
2024-09-21,SKU06,5.0,9995.0,1999.0,0
2024-09-22,SKU06,2.0,3998.0,1999.0,0
2024-09-23,SKU06,1.0,1999.0,1999.0,0
2024-09-24,SKU06,4.0,7996.0,1999.0,0
2024-09-25,SKU06,4.0,7996.0,1999.0,0
2024-09-26,SKU06,2.0,3998.0,1999.0,0
2024-09-27,SKU06,2.0,3998.0,1999.0,0
2024-09-28,SKU06,4.0,7996.0,1999.0,0
2024-09-29,SKU06,3.0,5997.0,1999.0,0
2024-09-30,SKU06,3.0,5997.0,1999.0,0
2024-10-01,SKU06,2.0,3998.0,1999.0,0
2024-10-02,SKU06,2.0,3998.0,1999.0,0
2024-10-03,SKU06,3.0,5997.0,1999.0,0
2024-10-04,SKU06,0.0,0.0,1999.0,0
2024-10-05,SKU06,5.0,9995.0,1999.0,0
2024-10-06,SKU06,1.0,1999.0,1999.0,0
2024-10-07,SKU06,2.0,3998.0,1999.0,0
2024-10-08,SKU06,1.0,1999.0,1999.0,0
2024-10-09,SKU06,1.0,1999.0,1999.0,0
2024-10-10,SKU06,4.0,7996.0,1999.0,0
2024-10-11,SKU06,3.0,5997.0,1999.0,0
2024-10-12,SKU06,2.0,3998.0,1999.0,0
2024-10-13,SKU06,7.0,13993.0,1999.0,0
2024-10-14,SKU06,2.0,3998.0,1999.0,0
2024-10-15,SKU06,3.0,5997.0,1999.0,0
2024-10-16,SKU06,4.0,7996.0,1999.0,0
2024-10-17,SKU06,5.0,9995.0,1999.0,0
2024-10-18,SKU06,6.0,11994.0,1999.0,0
2024-10-19,SKU06,4.0,7996.0,1999.0,0
2024-10-20,SKU06,3.0,5997.0,1999.0,0
2024-10-21,SKU06,5.0,9995.0,1999.0,0
2024-10-22,SKU06,8.0,14392.0,1799.0,1
2024-10-23,SKU06,6.0,10794.0,1799.0,1
2024-10-24,SKU06,10.0,17990.0,1799.0,1
2024-10-25,SKU06,5.0,8995.0,1799.0,1
2024-10-26,SKU06,9.0,16191.0,1799.0,1
2024-10-27,SKU06,7.0,12593.0,1799.0,1
2024-10-28,SKU06,7.0,12593.0,1799.0,1
2024-10-29,SKU06,10.0,17990.0,1799.0,1
2024-10-30,SKU06,3.0,5397.0,1799.0,1
2024-10-31,SKU06,7.0,12593.0,1799.0,1
2024-11-01,SKU06,10.0,17990.0,1799.0,1
2024-11-02,SKU06,3.0,5997.0,1999.0,0
2024-11-03,SKU06,5.0,9995.0,1999.0,0
2024-11-04,SKU06,3.0,5997.0,1999.0,0
2024-11-05,SKU06,4.0,7996.0,1999.0,0
2024-11-06,SKU06,7.0,13993.0,1999.0,0
2024-11-07,SKU06,1.0,1999.0,1999.0,0
2024-11-08,SKU06,3.0,5997.0,1999.0,0
2024-11-09,SKU06,5.0,9995.0,1999.0,0
2024-11-10,SKU06,5.0,9995.0,1999.0,0
2024-11-11,SKU06,0.0,0.0,1999.0,0
2024-11-12,SKU06,1.0,1999.0,1999.0,0
2024-11-13,SKU06,3.0,5997.0,1999.0,0
2024-11-14,SKU06,5.0,9995.0,1999.0,0
2024-11-15,SKU06,3.0,5997.0,1999.0,0
2024-11-16,SKU06,5.0,9995.0,1999.0,0
2024-11-17,SKU06,7.0,13993.0,1999.0,0
2024-11-18,SKU06,2.0,3998.0,1999.0,0
2024-11-19,SKU06,2.0,3998.0,1999.0,0
2024-11-20,SKU06,8.0,15992.0,1999.0,0
2024-11-21,SKU06,4.0,7996.0,1999.0,0
2024-11-22,SKU06,3.0,5997.0,1999.0,0
2024-11-23,SKU06,11.0,21989.0,1999.0,0
2024-11-24,SKU06,9.0,17991.0,1999.0,0
2024-11-25,SKU06,3.0,5997.0,1999.0,0
2024-11-26,SKU06,5.0,9995.0,1999.0,0
2024-11-27,SKU06,8.0,15992.0,1999.0,0
2024-11-28,SKU06,2.0,3998.0,1999.0,0
2024-11-29,SKU06,5.0,9995.0,1999.0,0
2024-11-30,SKU06,5.0,9995.0,1999.0,0
2024-12-01,SKU06,10.0,19990.0,1999.0,0
2024-12-02,SKU06,7.0,13993.0,1999.0,0
2024-12-03,SKU06,8.0,15992.0,1999.0,0
2024-12-04,SKU06,6.0,11994.0,1999.0,0
2024-12-05,SKU06,4.0,7996.0,1999.0,0
2024-12-06,SKU06,9.0,17991.0,1999.0,0
2024-12-07,SKU06,11.0,21989.0,1999.0,0
2024-12-08,SKU06,5.0,9995.0,1999.0,0
2024-12-09,SKU06,3.0,5997.0,1999.0,0
2024-12-10,SKU06,7.0,13993.0,1999.0,0
2024-12-11,SKU06,5.0,9995.0,1999.0,0
2024-12-12,SKU06,6.0,11994.0,1999.0,0
2024-12-13,SKU06,8.0,15992.0,1999.0,0
2024-12-14,SKU06,12.0,23988.0,1999.0,0
2024-12-15,SKU06,3.0,5997.0,1999.0,0
2024-12-16,SKU06,12.0,23988.0,1999.0,0
2024-12-17,SKU06,3.0,5997.0,1999.0,0
2024-12-18,SKU06,5.0,9995.0,1999.0,0
2024-12-19,SKU06,5.0,9995.0,1999.0,0
2024-12-20,SKU06,3.0,5397.0,1799.0,1
2024-12-21,SKU06,14.0,25186.0,1799.0,1
2024-12-22,SKU06,8.0,14392.0,1799.0,1
2024-12-23,SKU06,9.0,16191.0,1799.0,1
2024-12-24,SKU06,7.0,12593.0,1799.0,1
2024-12-25,SKU06,14.0,25186.0,1799.0,1
2024-12-26,SKU06,10.0,17990.0,1799.0,1
2024-12-27,SKU06,14.0,25186.0,1799.0,1
2024-12-28,SKU06,8.0,14392.0,1799.0,1
2024-12-29,SKU06,12.0,21588.0,1799.0,1
2024-12-30,SKU06,9.0,16191.0,1799.0,1
2024-12-31,SKU06,12.0,21588.0,1799.0,1
2025-01-01,SKU06,7.0,13993.0,1999.0,0
2025-01-02,SKU06,8.0,15992.0,1999.0,0
2025-01-03,SKU06,3.0,5997.0,1999.0,0
2025-01-04,SKU06,8.0,15992.0,1999.0,0
2025-01-05,SKU06,3.0,5997.0,1999.0,0
2025-01-06,SKU06,6.0,11994.0,1999.0,0
2025-01-07,SKU06,4.0,7996.0,1999.0,0
2025-01-08,SKU06,3.0,5997.0,1999.0,0
2025-01-09,SKU06,9.0,17991.0,1999.0,0
2025-01-10,SKU06,5.0,9995.0,1999.0,0
2025-01-11,SKU06,6.0,11994.0,1999.0,0
2025-01-12,SKU06,2.0,3998.0,1999.0,0
2025-01-13,SKU06,1.0,1999.0,1999.0,0
2025-01-14,SKU06,1.0,1999.0,1999.0,0
2025-01-15,SKU06,6.0,11994.0,1999.0,0
2025-01-16,SKU06,7.0,13993.0,1999.0,0
2025-01-17,SKU06,7.0,13993.0,1999.0,0
2025-01-18,SKU06,8.0,15992.0,1999.0,0
2025-01-19,SKU06,9.0,17991.0,1999.0,0
2025-01-20,SKU06,8.0,14392.0,1799.0,1
2025-01-21,SKU06,11.0,19789.0,1799.0,1
2025-01-22,SKU06,7.0,12593.0,1799.0,1
2025-01-23,SKU06,10.0,17990.0,1799.0,1
2025-01-24,SKU06,9.0,16191.0,1799.0,1
2025-01-25,SKU06,10.0,17990.0,1799.0,1
2025-01-26,SKU06,15.0,26985.0,1799.0,1
2025-01-27,SKU06,7.0,13993.0,1999.0,0
2025-01-28,SKU06,6.0,11994.0,1999.0,0
2025-01-29,SKU06,1.0,1999.0,1999.0,0
2025-01-30,SKU06,9.0,17991.0,1999.0,0
2025-01-31,SKU06,6.0,11994.0,1999.0,0
2025-02-01,SKU06,13.0,25987.0,1999.0,0
2025-02-02,SKU06,2.0,3998.0,1999.0,0
2025-02-03,SKU06,6.0,11994.0,1999.0,0
2025-02-04,SKU06,2.0,3998.0,1999.0,0
2025-02-05,SKU06,8.0,15992.0,1999.0,0
2025-02-06,SKU06,2.0,3998.0,1999.0,0
2025-02-07,SKU06,6.0,11994.0,1999.0,0
2025-02-08,SKU06,12.0,23988.0,1999.0,0
2025-02-09,SKU06,8.0,15992.0,1999.0,0
2025-02-10,SKU06,4.0,7996.0,1999.0,0
2025-02-11,SKU06,5.0,9995.0,1999.0,0
2025-02-12,SKU06,2.0,3998.0,1999.0,0
2025-02-13,SKU06,11.0,21989.0,1999.0,0
2025-02-14,SKU06,5.0,9995.0,1999.0,0
2025-02-15,SKU06,8.0,15992.0,1999.0,0
2025-02-16,SKU06,11.0,21989.0,1999.0,0
2025-02-17,SKU06,6.0,11994.0,1999.0,0
2025-02-18,SKU06,3.0,5997.0,1999.0,0
2025-02-19,SKU06,5.0,9995.0,1999.0,0
2025-02-20,SKU06,3.0,5997.0,1999.0,0
2025-02-21,SKU06,3.0,5997.0,1999.0,0
2025-02-22,SKU06,8.0,15992.0,1999.0,0
2025-02-23,SKU06,5.0,9995.0,1999.0,0
2025-02-24,SKU06,3.0,5997.0,1999.0,0
2025-02-25,SKU06,5.0,9995.0,1999.0,0
2025-02-26,SKU06,4.0,7996.0,1999.0,0
2025-02-27,SKU06,4.0,7996.0,1999.0,0
2025-02-28,SKU06,2.0,3998.0,1999.0,0
2025-03-01,SKU06,4.0,7996.0,1999.0,0
2025-03-02,SKU06,12.0,23988.0,1999.0,0
2025-03-03,SKU06,4.0,7996.0,1999.0,0
2025-03-04,SKU06,4.0,7996.0,1999.0,0
2025-03-05,SKU06,2.0,3998.0,1999.0,0
2025-03-06,SKU06,5.0,9995.0,1999.0,0
2025-03-07,SKU06,1.0,1999.0,1999.0,0
2025-03-08,SKU06,7.0,13993.0,1999.0,0
2025-03-09,SKU06,5.0,9995.0,1999.0,0
2025-03-10,SKU06,2.0,3998.0,1999.0,0
2025-03-11,SKU06,4.0,7996.0,1999.0,0
2025-03-12,SKU06,2.0,3998.0,1999.0,0
2025-03-13,SKU06,6.0,11994.0,1999.0,0
2025-03-14,SKU06,5.0,9995.0,1999.0,0
2025-03-15,SKU06,7.0,13993.0,1999.0,0
2025-03-16,SKU06,6.0,11994.0,1999.0,0
2025-03-17,SKU06,2.0,3998.0,1999.0,0
2025-03-18,SKU06,4.0,7996.0,1999.0,0
2025-03-19,SKU06,5.0,9995.0,1999.0,0
2025-03-20,SKU06,7.0,13993.0,1999.0,0
2025-03-21,SKU06,4.0,7996.0,1999.0,0
2025-03-22,SKU06,7.0,13993.0,1999.0,0
2025-03-23,SKU06,5.0,9995.0,1999.0,0
2025-03-24,SKU06,5.0,9995.0,1999.0,0
2025-03-25,SKU06,3.0,5997.0,1999.0,0
2025-03-26,SKU06,4.0,7996.0,1999.0,0
2025-03-27,SKU06,3.0,5997.0,1999.0,0
2025-03-28,SKU06,4.0,7996.0,1999.0,0
2025-03-29,SKU06,6.0,11994.0,1999.0,0
2025-03-30,SKU06,2.0,3998.0,1999.0,0
2025-03-31,SKU06,1.0,1999.0,1999.0,0
2025-04-01,SKU06,4.0,7996.0,1999.0,0
2025-04-02,SKU06,4.0,7996.0,1999.0,0
2025-04-03,SKU06,3.0,5997.0,1999.0,0
2025-04-04,SKU06,3.0,5997.0,1999.0,0
2025-04-05,SKU06,7.0,13993.0,1999.0,0
2025-04-06,SKU06,3.0,5997.0,1999.0,0
2025-04-07,SKU06,5.0,9995.0,1999.0,0
2025-04-08,SKU06,4.0,7996.0,1999.0,0
2025-04-09,SKU06,5.0,9995.0,1999.0,0
2025-04-10,SKU06,3.0,5997.0,1999.0,0
2025-04-11,SKU06,3.0,5997.0,1999.0,0
2025-04-12,SKU06,3.0,5997.0,1999.0,0
2025-04-13,SKU06,7.0,13993.0,1999.0,0
2025-04-14,SKU06,5.0,9995.0,1999.0,0
2025-04-15,SKU06,3.0,5997.0,1999.0,0
2025-04-16,SKU06,5.0,9995.0,1999.0,0
2025-04-17,SKU06,2.0,3998.0,1999.0,0
2025-04-18,SKU06,3.0,5997.0,1999.0,0
2025-04-19,SKU06,4.0,7996.0,1999.0,0
2025-04-20,SKU06,8.0,15992.0,1999.0,0
2025-04-21,SKU06,5.0,9995.0,1999.0,0
2025-04-22,SKU06,2.0,3998.0,1999.0,0
2025-04-23,SKU06,1.0,1999.0,1999.0,0
2025-04-24,SKU06,2.0,3998.0,1999.0,0
2025-04-25,SKU06,2.0,3998.0,1999.0,0
2025-04-26,SKU06,4.0,7996.0,1999.0,0
2025-04-27,SKU06,8.0,15992.0,1999.0,0
2025-04-28,SKU06,5.0,9995.0,1999.0,0
2025-04-29,SKU06,1.0,1999.0,1999.0,0
2025-04-30,SKU06,1.0,1999.0,1999.0,0
2025-05-01,SKU06,4.0,7996.0,1999.0,0
2025-05-02,SKU06,4.0,7996.0,1999.0,0
2025-05-03,SKU06,1.0,1999.0,1999.0,0
2025-05-04,SKU06,3.0,5997.0,1999.0,0
2025-05-05,SKU06,4.0,7996.0,1999.0,0
2025-05-06,SKU06,4.0,7996.0,1999.0,0
2025-05-07,SKU06,3.0,5997.0,1999.0,0
2025-05-08,SKU06,1.0,1999.0,1999.0,0
2025-05-09,SKU06,1.0,1999.0,1999.0,0
2025-05-10,SKU06,3.0,5397.0,1799.0,1
2025-05-11,SKU06,3.0,5397.0,1799.0,1
2025-05-12,SKU06,5.0,8995.0,1799.0,1
2025-05-13,SKU06,1.0,1799.0,1799.0,1
2025-05-14,SKU06,5.0,8995.0,1799.0,1
2025-05-15,SKU06,4.0,7196.0,1799.0,1
2025-05-16,SKU06,2.0,3598.0,1799.0,1
2025-05-17,SKU06,3.0,5397.0,1799.0,1
2025-05-18,SKU06,4.0,7196.0,1799.0,1
2025-05-19,SKU06,2.0,3598.0,1799.0,1
2025-05-20,SKU06,4.0,7196.0,1799.0,1
2025-05-21,SKU06,1.0,1999.0,1999.0,0
2025-05-22,SKU06,3.0,5997.0,1999.0,0
2025-05-23,SKU06,2.0,3998.0,1999.0,0
2025-05-24,SKU06,3.0,5997.0,1999.0,0
2025-05-25,SKU06,2.0,3998.0,1999.0,0
2025-05-26,SKU06,1.0,1999.0,1999.0,0
2025-05-27,SKU06,1.0,1999.0,1999.0,0
2025-05-28,SKU06,3.0,5997.0,1999.0,0
2025-05-29,SKU06,4.0,7996.0,1999.0,0
2025-05-30,SKU06,4.0,7996.0,1999.0,0
2025-05-31,SKU06,0.0,0.0,1999.0,0
2025-06-01,SKU06,2.0,3998.0,1999.0,0
2025-06-02,SKU06,3.0,5997.0,1999.0,0
2025-06-03,SKU06,2.0,3998.0,1999.0,0
2025-06-04,SKU06,2.0,3998.0,1999.0,0
2025-06-05,SKU06,1.0,1999.0,1999.0,0
2025-06-06,SKU06,1.0,1999.0,1999.0,0
2025-06-07,SKU06,2.0,3998.0,1999.0,0
2025-06-08,SKU06,0.0,0.0,1999.0,0
2025-06-09,SKU06,1.0,1999.0,1999.0,0
2025-06-10,SKU06,1.0,1999.0,1999.0,0
2025-06-11,SKU06,2.0,3998.0,1999.0,0
2025-06-12,SKU06,1.0,1999.0,1999.0,0
2025-06-13,SKU06,1.0,1999.0,1999.0,0
2025-06-14,SKU06,2.0,3998.0,1999.0,0
2025-06-15,SKU06,2.0,3998.0,1999.0,0
2025-06-16,SKU06,3.0,5997.0,1999.0,0
2025-06-17,SKU06,2.0,3998.0,1999.0,0
2025-06-18,SKU06,0.0,0.0,1999.0,0
2025-06-19,SKU06,1.0,1999.0,1999.0,0
2025-06-20,SKU06,1.0,1999.0,1999.0,0
2025-06-21,SKU06,0.0,0.0,1999.0,0
2025-06-22,SKU06,3.0,5997.0,1999.0,0
2025-06-23,SKU06,0.0,0.0,1999.0,0
2025-06-24,SKU06,0.0,0.0,1999.0,0
2025-06-25,SKU06,1.0,1999.0,1999.0,0
2025-06-26,SKU06,1.0,1999.0,1999.0,0
2025-06-27,SKU06,3.0,5997.0,1999.0,0
2025-06-28,SKU06,0.0,0.0,1999.0,0
2025-06-29,SKU06,1.0,1999.0,1999.0,0
2025-06-30,SKU06,1.0,1999.0,1999.0,0
2025-07-01,SKU06,0.0,0.0,1999.0,0
2025-07-02,SKU06,1.0,1999.0,1999.0,0
2025-07-03,SKU06,0.0,0.0,1999.0,0
2025-07-04,SKU06,1.0,1999.0,1999.0,0
2025-07-05,SKU06,1.0,1999.0,1999.0,0
2025-07-06,SKU06,2.0,3998.0,1999.0,0
2025-07-07,SKU06,0.0,0.0,1999.0,0
2025-07-08,SKU06,1.0,1999.0,1999.0,0
2025-07-09,SKU06,0.0,0.0,1999.0,0
2025-07-10,SKU06,1.0,1999.0,1999.0,0
2025-07-11,SKU06,0.0,0.0,1999.0,0
2025-07-12,SKU06,3.0,5997.0,1999.0,0
2025-07-13,SKU06,2.0,3998.0,1999.0,0
2025-07-14,SKU06,2.0,3998.0,1999.0,0
2025-07-15,SKU06,1.0,1999.0,1999.0,0
2025-07-16,SKU06,0.0,0.0,1999.0,0
2025-07-17,SKU06,2.0,3998.0,1999.0,0
2025-07-18,SKU06,0.0,0.0,1999.0,0
2025-07-19,SKU06,0.0,0.0,1999.0,0
2025-07-20,SKU06,0.0,0.0,1999.0,0
2025-07-21,SKU06,0.0,0.0,1999.0,0
2025-07-22,SKU06,1.0,1999.0,1999.0,0
2025-07-23,SKU06,2.0,3998.0,1999.0,0
2025-07-24,SKU06,1.0,1999.0,1999.0,0
2025-07-25,SKU06,0.0,0.0,1999.0,0
2025-07-26,SKU06,2.0,3998.0,1999.0,0
2025-07-27,SKU06,2.0,3998.0,1999.0,0
2025-07-28,SKU06,1.0,1999.0,1999.0,0
2025-07-29,SKU06,0.0,0.0,1999.0,0
2025-07-30,SKU06,0.0,0.0,1999.0,0
2025-07-31,SKU06,1.0,1999.0,1999.0,0
2025-08-01,SKU06,1.0,1999.0,1999.0,0
2025-08-02,SKU06,1.0,1999.0,1999.0,0
2025-08-03,SKU06,3.0,5997.0,1999.0,0
2025-08-04,SKU06,1.0,1999.0,1999.0,0
2025-08-05,SKU06,3.0,5997.0,1999.0,0
2025-08-06,SKU06,0.0,0.0,1999.0,0
2025-08-07,SKU06,0.0,0.0,1999.0,0
2025-08-08,SKU06,0.0,0.0,1999.0,0
2025-08-09,SKU06,1.0,1999.0,1999.0,0
2025-08-10,SKU06,2.0,3998.0,1999.0,0
2025-08-11,SKU06,1.0,1999.0,1999.0,0
2025-08-12,SKU06,2.0,3998.0,1999.0,0
2025-08-13,SKU06,2.0,3998.0,1999.0,0
2025-08-14,SKU06,3.0,5997.0,1999.0,0
2025-08-15,SKU06,3.0,5997.0,1999.0,0
2025-08-16,SKU06,0.0,0.0,1999.0,0
2025-08-17,SKU06,4.0,7996.0,1999.0,0
2025-08-18,SKU06,3.0,5997.0,1999.0,0
2025-08-19,SKU06,2.0,3998.0,1999.0,0
2025-08-20,SKU06,1.0,1999.0,1999.0,0
2025-08-21,SKU06,0.0,0.0,1999.0,0
2025-08-22,SKU06,3.0,5997.0,1999.0,0
2025-08-23,SKU06,1.0,1999.0,1999.0,0
2025-08-24,SKU06,1.0,1999.0,1999.0,0
2025-08-25,SKU06,2.0,3998.0,1999.0,0
2025-08-26,SKU06,1.0,1999.0,1999.0,0
2025-08-27,SKU06,0.0,0.0,1999.0,0
2025-08-28,SKU06,1.0,1999.0,1999.0,0
2025-08-29,SKU06,2.0,3998.0,1999.0,0
2025-08-30,SKU06,2.0,3998.0,1999.0,0
2025-08-31,SKU06,,3998.0,1999.0,0
2025-09-01,SKU06,2.0,3998.0,1999.0,0
2025-09-02,SKU06,1.0,1999.0,1999.0,0
2025-09-03,SKU06,1.0,1999.0,1999.0,0
2025-09-04,SKU06,1.0,1999.0,1999.0,0
2025-09-05,SKU06,2.0,3998.0,1999.0,0
2025-09-06,SKU06,2.0,3998.0,1999.0,0
2025-09-07,SKU06,3.0,5997.0,1999.0,0
2025-09-08,SKU06,4.0,7996.0,1999.0,0
2025-09-09,SKU06,2.0,3998.0,1999.0,0
2025-09-10,SKU06,1.0,1999.0,1999.0,0
2025-09-11,SKU06,4.0,7996.0,1999.0,0
2025-09-12,SKU06,6.0,11994.0,1999.0,0
2025-09-13,SKU06,2.0,3998.0,1999.0,0
2025-09-14,SKU06,4.0,7996.0,1999.0,0
2025-09-15,SKU06,0.0,0.0,1999.0,0
2025-09-16,SKU06,1.0,1999.0,1999.0,0
2025-09-17,SKU06,3.0,5997.0,1999.0,0
2025-09-18,SKU06,2.0,3998.0,1999.0,0
2025-09-19,SKU06,3.0,5997.0,1999.0,0
2025-09-20,SKU06,2.0,3998.0,1999.0,0
2025-09-21,SKU06,4.0,7996.0,1999.0,0
2025-09-22,SKU06,1.0,1999.0,1999.0,0
2025-09-23,SKU06,4.0,7996.0,1999.0,0
2025-09-24,SKU06,5.0,9995.0,1999.0,0
2025-09-25,SKU06,2.0,3998.0,1999.0,0
2025-09-26,SKU06,4.0,7996.0,1999.0,0
2025-09-27,SKU06,1.0,1999.0,1999.0,0
2025-09-28,SKU06,6.0,11994.0,1999.0,0
2025-09-29,SKU06,2.0,3998.0,1999.0,0
2025-09-30,SKU06,3.0,5997.0,1999.0,0
2025-10-01,SKU06,6.0,11994.0,1999.0,0
2025-10-02,SKU06,5.0,9995.0,1999.0,0
2025-10-03,SKU06,2.0,3998.0,1999.0,0
2025-10-04,SKU06,3.0,5997.0,1999.0,0
2025-10-05,SKU06,4.0,7996.0,1999.0,0
2025-10-06,SKU06,4.0,7996.0,1999.0,0
2025-10-07,SKU06,3.0,5997.0,1999.0,0
2025-10-08,SKU06,5.0,9995.0,1999.0,0
2025-10-09,SKU06,2.0,3998.0,1999.0,0
2025-10-10,SKU06,2.0,3598.0,1799.0,1
2025-10-11,SKU06,7.0,12593.0,1799.0,1
2025-10-12,SKU06,7.0,12593.0,1799.0,1
2025-10-13,SKU06,9.0,16191.0,1799.0,1
2025-10-14,SKU06,6.0,10794.0,1799.0,1
2025-10-15,SKU06,6.0,10794.0,1799.0,1
2025-10-16,SKU06,2.0,3598.0,1799.0,1
2025-10-17,SKU06,1.0,1799.0,1799.0,1
2025-10-18,SKU06,5.0,8995.0,1799.0,1
2025-10-19,SKU06,8.0,14392.0,1799.0,1
2025-10-20,SKU06,1.0,1799.0,1799.0,1
2025-10-21,SKU06,4.0,7996.0,1999.0,0
2025-10-22,SKU06,2.0,3998.0,1999.0,0
2025-10-23,SKU06,5.0,9995.0,1999.0,0
2025-10-24,SKU06,2.0,3998.0,1999.0,0
2025-10-25,SKU06,2.0,3998.0,1999.0,0
2025-10-26,SKU06,3.0,5997.0,1999.0,0
2025-10-27,SKU06,5.0,9995.0,1999.0,0
2025-10-28,SKU06,5.0,9995.0,1999.0,0
2025-10-29,SKU06,3.0,5997.0,1999.0,0
2025-10-30,SKU06,5.0,9995.0,1999.0,0
2025-10-31,SKU06,5.0,9995.0,1999.0,0
2025-11-01,SKU06,3.0,5997.0,1999.0,0
2025-11-02,SKU06,0.0,0.0,1999.0,0
2025-11-03,SKU06,3.0,5997.0,1999.0,0
2025-11-04,SKU06,5.0,9995.0,1999.0,0
2025-11-05,SKU06,6.0,11994.0,1999.0,0
2025-11-06,SKU06,6.0,11994.0,1999.0,0
2025-11-07,SKU06,7.0,13993.0,1999.0,0
2025-11-08,SKU06,7.0,13993.0,1999.0,0
2025-11-09,SKU06,8.0,15992.0,1999.0,0
2025-11-10,SKU06,2.0,3998.0,1999.0,0
2025-11-11,SKU06,11.0,21989.0,1999.0,0
2025-11-12,SKU06,5.0,9995.0,1999.0,0
2025-11-13,SKU06,10.0,19990.0,1999.0,0
2025-11-14,SKU06,7.0,13993.0,1999.0,0
2025-11-15,SKU06,4.0,7996.0,1999.0,0
2025-11-16,SKU06,3.0,5997.0,1999.0,0
2025-11-17,SKU06,2.0,3998.0,1999.0,0
2025-11-18,SKU06,7.0,13993.0,1999.0,0
2025-11-19,SKU06,7.0,13993.0,1999.0,0
2025-11-20,SKU06,7.0,13993.0,1999.0,0
2025-11-21,SKU06,4.0,7996.0,1999.0,0
2025-11-22,SKU06,12.0,23988.0,1999.0,0
2025-11-23,SKU06,8.0,15992.0,1999.0,0
2025-11-24,SKU06,3.0,5997.0,1999.0,0
2025-11-25,SKU06,10.0,19990.0,1999.0,0
2025-11-26,SKU06,5.0,9995.0,1999.0,0
2025-11-27,SKU06,6.0,11994.0,1999.0,0
2025-11-28,SKU06,5.0,9995.0,1999.0,0
2025-11-29,SKU06,8.0,15992.0,1999.0,0
2025-11-30,SKU06,6.0,11994.0,1999.0,0
2025-12-01,SKU06,3.0,5997.0,1999.0,0
2025-12-02,SKU06,3.0,5997.0,1999.0,0
2025-12-03,SKU06,6.0,11994.0,1999.0,0
2025-12-04,SKU06,2.0,3998.0,1999.0,0
2025-12-05,SKU06,4.0,7996.0,1999.0,0
2025-12-06,SKU06,7.0,13993.0,1999.0,0
2025-12-07,SKU06,6.0,11994.0,1999.0,0
2025-12-08,SKU06,10.0,19990.0,1999.0,0
2025-12-09,SKU06,7.0,13993.0,1999.0,0
2025-12-10,SKU06,3.0,5997.0,1999.0,0
2025-12-11,SKU06,4.0,7996.0,1999.0,0
2025-12-12,SKU06,3.0,5997.0,1999.0,0
2025-12-13,SKU06,6.0,11994.0,1999.0,0
2025-12-14,SKU06,3.0,5997.0,1999.0,0
2025-12-15,SKU06,9.0,17991.0,1999.0,0
2025-12-16,SKU06,6.0,11994.0,1999.0,0
2025-12-17,SKU06,4.0,7996.0,1999.0,0
2025-12-18,SKU06,6.0,11994.0,1999.0,0
2025-12-19,SKU06,6.0,11994.0,1999.0,0
2025-12-20,SKU06,10.0,17990.0,1799.0,1
2025-12-21,SKU06,12.0,21588.0,1799.0,1
2025-12-22,SKU06,10.0,17990.0,1799.0,1
2025-12-23,SKU06,10.0,17990.0,1799.0,1
2025-12-24,SKU06,7.0,12593.0,1799.0,1
2025-12-25,SKU06,11.0,19789.0,1799.0,1
2025-12-26,SKU06,7.0,12593.0,1799.0,1
2025-12-27,SKU06,10.0,17990.0,1799.0,1
2025-12-28,SKU06,13.0,23387.0,1799.0,1
2024-01-01,SKU07,4.0,5196.0,1299.0,0
2024-01-02,SKU07,6.0,7794.0,1299.0,0
2024-01-03,SKU07,3.0,3897.0,1299.0,0
2024-01-04,SKU07,3.0,3897.0,1299.0,0
2024-01-05,SKU07,6.0,7794.0,1299.0,0
2024-01-06,SKU07,6.0,7794.0,1299.0,0
2024-01-07,SKU07,9.0,11691.0,1299.0,0
2024-01-08,SKU07,4.0,5196.0,1299.0,0
2024-01-09,SKU07,6.0,7794.0,1299.0,0
2024-01-10,SKU07,3.0,3897.0,1299.0,0
2024-01-11,SKU07,5.0,6495.0,1299.0,0
2024-01-12,SKU07,5.0,6495.0,1299.0,0
2024-01-13,SKU07,4.0,5196.0,1299.0,0
2024-01-14,SKU07,1.0,1299.0,1299.0,0
2024-01-15,SKU07,7.0,9093.0,1299.0,0
2024-01-16,SKU07,5.0,6495.0,1299.0,0
2024-01-17,SKU07,4.0,5196.0,1299.0,0
2024-01-18,SKU07,4.0,5196.0,1299.0,0
2024-01-19,SKU07,4.0,5196.0,1299.0,0
2024-01-20,SKU07,10.0,11690.0,1169.0,1
2024-01-21,SKU07,10.0,11690.0,1169.0,1
2024-01-22,SKU07,7.0,8183.0,1169.0,1
2024-01-23,SKU07,6.0,7014.0,1169.0,1
2024-01-24,SKU07,4.0,4676.0,1169.0,1
2024-01-25,SKU07,5.0,5845.0,1169.0,1
2024-01-26,SKU07,6.0,7014.0,1169.0,1
2024-01-27,SKU07,2.0,2598.0,1299.0,0
2024-01-28,SKU07,4.0,5196.0,1299.0,0
2024-01-29,SKU07,0.0,0.0,1299.0,0
2024-01-30,SKU07,3.0,3897.0,1299.0,0
2024-01-31,SKU07,3.0,3897.0,1299.0,0
2024-02-01,SKU07,3.0,3897.0,1299.0,0
2024-02-02,SKU07,7.0,9093.0,1299.0,0
2024-02-03,SKU07,8.0,10392.0,1299.0,0
2024-02-04,SKU07,6.0,7794.0,1299.0,0
2024-02-05,SKU07,3.0,3897.0,1299.0,0
2024-02-06,SKU07,2.0,2598.0,1299.0,0
2024-02-07,SKU07,2.0,2598.0,1299.0,0
2024-02-08,SKU07,9.0,11691.0,1299.0,0
2024-02-09,SKU07,7.0,9093.0,1299.0,0
2024-02-10,SKU07,2.0,2598.0,1299.0,0
2024-02-11,SKU07,4.0,5196.0,1299.0,0
2024-02-12,SKU07,4.0,5196.0,1299.0,0
2024-02-13,SKU07,6.0,7794.0,1299.0,0
2024-02-14,SKU07,3.0,3897.0,1299.0,0
2024-02-15,SKU07,4.0,5196.0,1299.0,0
2024-02-16,SKU07,2.0,2598.0,1299.0,0
2024-02-17,SKU07,4.0,5196.0,1299.0,0
2024-02-18,SKU07,8.0,10392.0,1299.0,0
2024-02-19,SKU07,9.0,11691.0,1299.0,0
2024-02-20,SKU07,3.0,3897.0,1299.0,0
2024-02-21,SKU07,6.0,7794.0,1299.0,0
2024-02-22,SKU07,6.0,7794.0,1299.0,0
2024-02-23,SKU07,4.0,5196.0,1299.0,0
2024-02-24,SKU07,5.0,6495.0,1299.0,0
2024-02-25,SKU07,3.0,3897.0,1299.0,0
2024-02-26,SKU07,2.0,2598.0,1299.0,0
2024-02-27,SKU07,3.0,3897.0,1299.0,0
2024-02-28,SKU07,3.0,3897.0,1299.0,0
2024-02-29,SKU07,3.0,3897.0,1299.0,0
2024-03-01,SKU07,5.0,6495.0,1299.0,0
2024-03-02,SKU07,3.0,3897.0,1299.0,0
2024-03-03,SKU07,5.0,6495.0,1299.0,0
2024-03-04,SKU07,5.0,6495.0,1299.0,0
2024-03-05,SKU07,0.0,0.0,1299.0,0
2024-03-06,SKU07,2.0,2598.0,1299.0,0
2024-03-07,SKU07,7.0,9093.0,1299.0,0
2024-03-08,SKU07,1.0,1299.0,1299.0,0
2024-03-09,SKU07,3.0,3897.0,1299.0,0
2024-03-10,SKU07,3.0,3897.0,1299.0,0
2024-03-11,SKU07,2.0,2598.0,1299.0,0
2024-03-12,SKU07,5.0,6495.0,1299.0,0
2024-03-13,SKU07,2.0,2598.0,1299.0,0
2024-03-14,SKU07,2.0,2598.0,1299.0,0
2024-03-15,SKU07,2.0,2598.0,1299.0,0
2024-03-16,SKU07,1.0,1299.0,1299.0,0
2024-03-17,SKU07,5.0,6495.0,1299.0,0
2024-03-18,SKU07,4.0,5196.0,1299.0,0
2024-03-19,SKU07,5.0,6495.0,1299.0,0
2024-03-20,SKU07,5.0,6495.0,1299.0,0
2024-03-21,SKU07,6.0,7794.0,1299.0,0
2024-03-22,SKU07,3.0,3897.0,1299.0,0
2024-03-23,SKU07,2.0,2598.0,1299.0,0
2024-03-24,SKU07,4.0,5196.0,1299.0,0
2024-03-25,SKU07,4.0,5196.0,1299.0,0
2024-03-26,SKU07,5.0,6495.0,1299.0,0
2024-03-27,SKU07,4.0,5196.0,1299.0,0
2024-03-28,SKU07,4.0,5196.0,1299.0,0
2024-03-29,SKU07,1.0,1299.0,1299.0,0
2024-03-30,SKU07,3.0,3897.0,1299.0,0
2024-03-31,SKU07,3.0,3897.0,1299.0,0
2024-04-01,SKU07,2.0,2598.0,1299.0,0
2024-04-02,SKU07,3.0,3897.0,1299.0,0
2024-04-03,SKU07,7.0,9093.0,1299.0,0
2024-04-04,SKU07,3.0,3897.0,1299.0,0
2024-04-05,SKU07,2.0,2598.0,1299.0,0
2024-04-06,SKU07,3.0,3897.0,1299.0,0
2024-04-07,SKU07,4.0,5196.0,1299.0,0
2024-04-08,SKU07,3.0,3897.0,1299.0,0
2024-04-09,SKU07,3.0,3897.0,1299.0,0
2024-04-10,SKU07,4.0,5196.0,1299.0,0
2024-04-11,SKU07,2.0,2598.0,1299.0,0
2024-04-12,SKU07,1.0,1299.0,1299.0,0
2024-04-13,SKU07,3.0,3897.0,1299.0,0
2024-04-14,SKU07,4.0,5196.0,1299.0,0
2024-04-15,SKU07,1.0,1299.0,1299.0,0
2024-04-16,SKU07,2.0,2598.0,1299.0,0
2024-04-17,SKU07,3.0,3897.0,1299.0,0
2024-04-18,SKU07,2.0,2598.0,1299.0,0
2024-04-19,SKU07,0.0,0.0,1299.0,0
2024-04-20,SKU07,2.0,2598.0,1299.0,0
2024-04-21,SKU07,4.0,5196.0,1299.0,0
2024-04-22,SKU07,4.0,5196.0,1299.0,0
2024-04-23,SKU07,1.0,1299.0,1299.0,0
2024-04-24,SKU07,7.0,9093.0,1299.0,0
2024-04-25,SKU07,2.0,2598.0,1299.0,0
2024-04-26,SKU07,3.0,3897.0,1299.0,0
2024-04-27,SKU07,0.0,0.0,1299.0,0
2024-04-28,SKU07,4.0,5196.0,1299.0,0
2024-04-29,SKU07,3.0,3897.0,1299.0,0
2024-04-30,SKU07,1.0,1299.0,1299.0,0
2024-05-01,SKU07,4.0,5196.0,1299.0,0
2024-05-02,SKU07,2.0,2598.0,1299.0,0
2024-05-03,SKU07,3.0,3897.0,1299.0,0
2024-05-04,SKU07,3.0,3897.0,1299.0,0
2024-05-05,SKU07,2.0,2598.0,1299.0,0
2024-05-06,SKU07,1.0,1299.0,1299.0,0
2024-05-07,SKU07,4.0,5196.0,1299.0,0
2024-05-08,SKU07,5.0,6495.0,1299.0,0
2024-05-09,SKU07,4.0,5196.0,1299.0,0
2024-05-10,SKU07,6.0,7014.0,1169.0,1
2024-05-11,SKU07,7.0,8183.0,1169.0,1
2024-05-12,SKU07,5.0,5845.0,1169.0,1
2024-05-13,SKU07,5.0,5845.0,1169.0,1
2024-05-14,SKU07,8.0,9352.0,1169.0,1
2024-05-15,SKU07,1.0,1169.0,1169.0,1
2024-05-16,SKU07,5.0,5845.0,1169.0,1
2024-05-17,SKU07,4.0,4676.0,1169.0,1
2024-05-18,SKU07,4.0,4676.0,1169.0,1
2024-05-19,SKU07,4.0,4676.0,1169.0,1
2024-05-20,SKU07,5.0,5845.0,1169.0,1
2024-05-21,SKU07,1.0,1299.0,1299.0,0
2024-05-22,SKU07,0.0,0.0,1299.0,0
2024-05-23,SKU07,1.0,1299.0,1299.0,0
2024-05-24,SKU07,3.0,3897.0,1299.0,0
2024-05-25,SKU07,1.0,1299.0,1299.0,0
2024-05-26,SKU07,3.0,3897.0,1299.0,0
2024-05-27,SKU07,8.0,10392.0,1299.0,0
2024-05-28,SKU07,1.0,1299.0,1299.0,0
2024-05-29,SKU07,1.0,1299.0,1299.0,0
2024-05-30,SKU07,1.0,1299.0,1299.0,0
2024-05-31,SKU07,2.0,2598.0,1299.0,0
2024-06-01,SKU07,5.0,6495.0,1299.0,0
2024-06-02,SKU07,2.0,2598.0,1299.0,0
2024-06-03,SKU07,3.0,3897.0,1299.0,0
2024-06-04,SKU07,2.0,2598.0,1299.0,0
2024-06-05,SKU07,4.0,5196.0,1299.0,0
2024-06-06,SKU07,5.0,6495.0,1299.0,0
2024-06-07,SKU07,5.0,6495.0,1299.0,0
2024-06-08,SKU07,5.0,6495.0,1299.0,0
2024-06-09,SKU07,3.0,3897.0,1299.0,0
2024-06-10,SKU07,1.0,1299.0,1299.0,0
2024-06-11,SKU07,2.0,2598.0,1299.0,0
2024-06-12,SKU07,7.0,9093.0,1299.0,0
2024-06-13,SKU07,4.0,5196.0,1299.0,0
2024-06-14,SKU07,2.0,2598.0,1299.0,0
2024-06-15,SKU07,,3897.0,1299.0,0
2024-06-16,SKU07,9.0,11691.0,1299.0,0
2024-06-17,SKU07,2.0,2598.0,1299.0,0
2024-06-18,SKU07,2.0,2598.0,1299.0,0
2024-06-19,SKU07,4.0,5196.0,1299.0,0
2024-06-20,SKU07,2.0,2598.0,1299.0,0
2024-06-21,SKU07,3.0,3897.0,1299.0,0
2024-06-22,SKU07,6.0,7794.0,1299.0,0
2024-06-23,SKU07,0.0,0.0,1299.0,0
2024-06-24,SKU07,3.0,3897.0,1299.0,0
2024-06-25,SKU07,3.0,3897.0,1299.0,0
2024-06-26,SKU07,3.0,3897.0,1299.0,0
2024-06-27,SKU07,3.0,3897.0,1299.0,0
2024-06-28,SKU07,2.0,2598.0,1299.0,0
2024-06-29,SKU07,3.0,3897.0,1299.0,0
2024-06-30,SKU07,3.0,3897.0,1299.0,0
2024-07-01,SKU07,6.0,7794.0,1299.0,0
2024-07-02,SKU07,2.0,2598.0,1299.0,0
2024-07-03,SKU07,5.0,6495.0,1299.0,0
2024-07-04,SKU07,4.0,5196.0,1299.0,0
2024-07-05,SKU07,5.0,6495.0,1299.0,0
2024-07-06,SKU07,6.0,7794.0,,0
2024-07-07,SKU07,4.0,5196.0,1299.0,0
2024-07-08,SKU07,5.0,6495.0,1299.0,0
2024-07-09,SKU07,5.0,6495.0,1299.0,0
2024-07-10,SKU07,8.0,10392.0,1299.0,0
2024-07-11,SKU07,5.0,6495.0,1299.0,0
2024-07-12,SKU07,3.0,3897.0,1299.0,0
2024-07-13,SKU07,4.0,5196.0,1299.0,0
2024-07-14,SKU07,1.0,1299.0,1299.0,0
2024-07-15,SKU07,6.0,7794.0,1299.0,0
2024-07-16,SKU07,4.0,5196.0,1299.0,0
2024-07-17,SKU07,3.0,3897.0,1299.0,0
2024-07-18,SKU07,2.0,2598.0,1299.0,0
2024-07-19,SKU07,3.0,3897.0,1299.0,0
2024-07-20,SKU07,4.0,5196.0,1299.0,0
2024-07-21,SKU07,4.0,5196.0,1299.0,0
2024-07-22,SKU07,6.0,7794.0,1299.0,0
2024-07-23,SKU07,1.0,1299.0,1299.0,0
2024-07-24,SKU07,5.0,6495.0,1299.0,0
2024-07-25,SKU07,6.0,7794.0,1299.0,0
2024-07-26,SKU07,1.0,1299.0,1299.0,0
2024-07-27,SKU07,5.0,6495.0,1299.0,0
2024-07-28,SKU07,7.0,9093.0,1299.0,0
2024-07-29,SKU07,7.0,9093.0,1299.0,0
2024-07-30,SKU07,6.0,7794.0,1299.0,0
2024-07-31,SKU07,8.0,10392.0,1299.0,0
2024-08-01,SKU07,2.0,2598.0,1299.0,0
2024-08-02,SKU07,2.0,2598.0,1299.0,0
2024-08-03,SKU07,2.0,2598.0,1299.0,0
2024-08-04,SKU07,11.0,14289.0,1299.0,0
2024-08-05,SKU07,8.0,10392.0,1299.0,0
2024-08-06,SKU07,4.0,5196.0,1299.0,0
2024-08-07,SKU07,7.0,9093.0,1299.0,0
2024-08-08,SKU07,1.0,1299.0,1299.0,0
2024-08-09,SKU07,4.0,5196.0,1299.0,0
2024-08-10,SKU07,9.0,11691.0,1299.0,0
2024-08-11,SKU07,5.0,6495.0,1299.0,0
2024-08-12,SKU07,6.0,7794.0,1299.0,0
2024-08-13,SKU07,8.0,10392.0,1299.0,0
2024-08-14,SKU07,5.0,6495.0,1299.0,0
2024-08-15,SKU07,2.0,2598.0,1299.0,0
2024-08-16,SKU07,2.0,2598.0,1299.0,0
2024-08-17,SKU07,5.0,6495.0,1299.0,0
2024-08-18,SKU07,7.0,9093.0,1299.0,0
2024-08-19,SKU07,6.0,7794.0,1299.0,0
2024-08-20,SKU07,3.0,3897.0,1299.0,0
2024-08-21,SKU07,3.0,3897.0,1299.0,0
2024-08-22,SKU07,5.0,6495.0,1299.0,0
2024-08-23,SKU07,7.0,9093.0,1299.0,0
2024-08-24,SKU07,7.0,9093.0,1299.0,0
2024-08-25,SKU07,14.0,18186.0,1299.0,0
2024-08-26,SKU07,8.0,10392.0,1299.0,0
2024-08-27,SKU07,4.0,5196.0,1299.0,0
2024-08-28,SKU07,2.0,2598.0,1299.0,0
2024-08-29,SKU07,5.0,6495.0,1299.0,0
2024-08-30,SKU07,3.0,3897.0,1299.0,0
2024-08-31,SKU07,7.0,9093.0,1299.0,0
2024-09-01,SKU07,2.0,2598.0,1299.0,0
2024-09-02,SKU07,2.0,2598.0,1299.0,0
2024-09-03,SKU07,7.0,9093.0,1299.0,0
2024-09-04,SKU07,1.0,1299.0,1299.0,0
2024-09-05,SKU07,7.0,9093.0,1299.0,0
2024-09-06,SKU07,4.0,5196.0,1299.0,0
2024-09-07,SKU07,3.0,3897.0,1299.0,0
2024-09-08,SKU07,2.0,2598.0,1299.0,0
2024-09-09,SKU07,2.0,2598.0,1299.0,0
2024-09-10,SKU07,6.0,7794.0,1299.0,0
2024-09-11,SKU07,1.0,1299.0,1299.0,0
2024-09-12,SKU07,9.0,11691.0,1299.0,0
2024-09-13,SKU07,7.0,9093.0,1299.0,0
2024-09-14,SKU07,5.0,6495.0,1299.0,0
2024-09-15,SKU07,4.0,5196.0,1299.0,0
2024-09-16,SKU07,5.0,6495.0,1299.0,0
2024-09-17,SKU07,3.0,3897.0,1299.0,0
2024-09-18,SKU07,6.0,7794.0,1299.0,0
2024-09-19,SKU07,3.0,3897.0,1299.0,0
2024-09-20,SKU07,3.0,3897.0,1299.0,0
2024-09-21,SKU07,5.0,6495.0,1299.0,0
2024-09-22,SKU07,4.0,5196.0,1299.0,0
2024-09-23,SKU07,4.0,5196.0,1299.0,0
2024-09-24,SKU07,4.0,5196.0,1299.0,0
2024-09-25,SKU07,5.0,6495.0,1299.0,0
2024-09-26,SKU07,6.0,7794.0,1299.0,0
2024-09-27,SKU07,1.0,1299.0,1299.0,0
2024-09-28,SKU07,7.0,9093.0,1299.0,0
2024-09-29,SKU07,6.0,7794.0,1299.0,0
2024-09-30,SKU07,14.0,18186.0,1299.0,0
2024-10-01,SKU07,3.0,3897.0,1299.0,0
2024-10-02,SKU07,4.0,5196.0,1299.0,0
2024-10-03,SKU07,4.0,5196.0,1299.0,0
2024-10-04,SKU07,7.0,9093.0,1299.0,0
2024-10-05,SKU07,8.0,10392.0,1299.0,0
2024-10-06,SKU07,8.0,10392.0,1299.0,0
2024-10-07,SKU07,8.0,10392.0,1299.0,0
2024-10-08,SKU07,6.0,7794.0,1299.0,0
2024-10-09,SKU07,8.0,10392.0,1299.0,0
2024-10-10,SKU07,8.0,10392.0,1299.0,0
2024-10-11,SKU07,7.0,9093.0,1299.0,0
2024-10-12,SKU07,7.0,9093.0,1299.0,0
2024-10-13,SKU07,5.0,6495.0,1299.0,0
2024-10-14,SKU07,5.0,6495.0,1299.0,0
2024-10-15,SKU07,7.0,9093.0,1299.0,0
2024-10-16,SKU07,6.0,7794.0,1299.0,0
2024-10-17,SKU07,5.0,6495.0,1299.0,0
2024-10-18,SKU07,2.0,2598.0,1299.0,0
2024-10-19,SKU07,7.0,9093.0,1299.0,0
2024-10-20,SKU07,7.0,9093.0,1299.0,0
2024-10-21,SKU07,4.0,5196.0,1299.0,0
2024-10-22,SKU07,9.0,10521.0,1169.0,1
2024-10-23,SKU07,8.0,9352.0,1169.0,1
2024-10-24,SKU07,10.0,11690.0,1169.0,1
2024-10-25,SKU07,16.0,18704.0,1169.0,1
2024-10-26,SKU07,14.0,16366.0,1169.0,1
2024-10-27,SKU07,7.0,8183.0,1169.0,1
2024-10-28,SKU07,8.0,9352.0,1169.0,1
2024-10-29,SKU07,11.0,12859.0,1169.0,1
2024-10-30,SKU07,12.0,14028.0,1169.0,1
2024-10-31,SKU07,6.0,7014.0,1169.0,1
2024-11-01,SKU07,8.0,9352.0,1169.0,1
2024-11-02,SKU07,11.0,14289.0,1299.0,0
2024-11-03,SKU07,9.0,11691.0,1299.0,0
2024-11-04,SKU07,4.0,5196.0,1299.0,0
2024-11-05,SKU07,9.0,11691.0,1299.0,0
2024-11-06,SKU07,4.0,5196.0,1299.0,0
2024-11-07,SKU07,5.0,6495.0,1299.0,0
2024-11-08,SKU07,7.0,9093.0,1299.0,0
2024-11-09,SKU07,9.0,11691.0,1299.0,0
2024-11-10,SKU07,4.0,5196.0,1299.0,0
2024-11-11,SKU07,5.0,6495.0,1299.0,0
2024-11-12,SKU07,6.0,7794.0,1299.0,0
2024-11-13,SKU07,5.0,6495.0,1299.0,0
2024-11-14,SKU07,8.0,10392.0,1299.0,0
2024-11-15,SKU07,5.0,6495.0,1299.0,0
2024-11-16,SKU07,8.0,10392.0,1299.0,0
2024-11-17,SKU07,12.0,15588.0,1299.0,0
2024-11-18,SKU07,8.0,10392.0,1299.0,0
2024-11-19,SKU07,4.0,5196.0,1299.0,0
2024-11-20,SKU07,6.0,7794.0,1299.0,0
2024-11-21,SKU07,9.0,11691.0,1299.0,0
2024-11-22,SKU07,4.0,5196.0,1299.0,0
2024-11-23,SKU07,5.0,6495.0,1299.0,0
2024-11-24,SKU07,5.0,6495.0,1299.0,0
2024-11-25,SKU07,2.0,2598.0,1299.0,0
2024-11-26,SKU07,7.0,9093.0,1299.0,0
2024-11-27,SKU07,4.0,5196.0,1299.0,0
2024-11-28,SKU07,4.0,5196.0,1299.0,0
2024-11-29,SKU07,7.0,9093.0,1299.0,0
2024-11-30,SKU07,8.0,10392.0,1299.0,0
2024-12-01,SKU07,6.0,7794.0,1299.0,0
2024-12-02,SKU07,6.0,7794.0,1299.0,0
2024-12-03,SKU07,3.0,3897.0,1299.0,0
2024-12-04,SKU07,8.0,10392.0,1299.0,0
2024-12-05,SKU07,2.0,2598.0,1299.0,0
2024-12-06,SKU07,5.0,6495.0,1299.0,0
2024-12-07,SKU07,6.0,7794.0,1299.0,0
2024-12-08,SKU07,10.0,12990.0,1299.0,0
2024-12-09,SKU07,1.0,1299.0,1299.0,0
2024-12-10,SKU07,7.0,9093.0,1299.0,0
2024-12-11,SKU07,4.0,5196.0,1299.0,0
2024-12-12,SKU07,2.0,2598.0,1299.0,0
2024-12-13,SKU07,2.0,2598.0,1299.0,0
2024-12-14,SKU07,8.0,10392.0,1299.0,0
2024-12-15,SKU07,4.0,5196.0,1299.0,0
2024-12-16,SKU07,9.0,11691.0,1299.0,0
2024-12-17,SKU07,9.0,11691.0,1299.0,0
2024-12-18,SKU07,4.0,5196.0,1299.0,0
2024-12-19,SKU07,6.0,7794.0,1299.0,0
2024-12-20,SKU07,9.0,10521.0,1169.0,1
2024-12-21,SKU07,12.0,14028.0,1169.0,1
2024-12-22,SKU07,11.0,12859.0,1169.0,1
2024-12-23,SKU07,6.0,7014.0,1169.0,1
2024-12-24,SKU07,10.0,11690.0,1169.0,1
2024-12-25,SKU07,6.0,7014.0,1169.0,1
2024-12-26,SKU07,7.0,8183.0,1169.0,1
2024-12-27,SKU07,10.0,11690.0,1169.0,1
2024-12-28,SKU07,11.0,12859.0,1169.0,1
2024-12-29,SKU07,7.0,8183.0,1169.0,1
2024-12-30,SKU07,6.0,7014.0,1169.0,1
2024-12-31,SKU07,2.0,2338.0,1169.0,1
2025-01-01,SKU07,7.0,9093.0,1299.0,0
2025-01-02,SKU07,2.0,2598.0,1299.0,0
2025-01-03,SKU07,4.0,5196.0,1299.0,0
2025-01-04,SKU07,4.0,5196.0,1299.0,0
2025-01-05,SKU07,8.0,10392.0,1299.0,0
2025-01-06,SKU07,9.0,11691.0,1299.0,0
2025-01-07,SKU07,5.0,6495.0,1299.0,0
2025-01-08,SKU07,1.0,1299.0,1299.0,0
2025-01-09,SKU07,4.0,5196.0,1299.0,0
2025-01-10,SKU07,6.0,7794.0,1299.0,0
2025-01-11,SKU07,5.0,6495.0,1299.0,0
2025-01-12,SKU07,2.0,2598.0,1299.0,0
2025-01-13,SKU07,9.0,11691.0,1299.0,0
2025-01-14,SKU07,14.0,18186.0,1299.0,0
2025-01-15,SKU07,10.0,12990.0,1299.0,0
2025-01-16,SKU07,8.0,10392.0,1299.0,0
2025-01-17,SKU07,2.0,2598.0,1299.0,0
2025-01-18,SKU07,6.0,7794.0,1299.0,0
2025-01-19,SKU07,9.0,11691.0,1299.0,0
2025-01-20,SKU07,6.0,7014.0,1169.0,1
2025-01-21,SKU07,9.0,10521.0,1169.0,1
2025-01-22,SKU07,8.0,9352.0,1169.0,1
2025-01-23,SKU07,7.0,8183.0,1169.0,1
2025-01-24,SKU07,12.0,14028.0,1169.0,1
2025-01-25,SKU07,5.0,5845.0,1169.0,1
2025-01-26,SKU07,13.0,15197.0,1169.0,1
2025-01-27,SKU07,8.0,10392.0,1299.0,0
2025-01-28,SKU07,4.0,5196.0,1299.0,0
2025-01-29,SKU07,6.0,7794.0,1299.0,0
2025-01-30,SKU07,4.0,5196.0,1299.0,0
2025-01-31,SKU07,5.0,6495.0,1299.0,0
2025-02-01,SKU07,8.0,10392.0,1299.0,0
2025-02-02,SKU07,8.0,10392.0,1299.0,0
2025-02-03,SKU07,7.0,9093.0,1299.0,0
2025-02-04,SKU07,3.0,3897.0,1299.0,0
2025-02-05,SKU07,3.0,3897.0,1299.0,0
2025-02-06,SKU07,2.0,2598.0,1299.0,0
2025-02-07,SKU07,7.0,9093.0,1299.0,0
2025-02-08,SKU07,2.0,2598.0,1299.0,0
2025-02-09,SKU07,4.0,5196.0,1299.0,0
2025-02-10,SKU07,6.0,7794.0,1299.0,0
2025-02-11,SKU07,7.0,9093.0,1299.0,0
2025-02-12,SKU07,2.0,2598.0,1299.0,0
2025-02-13,SKU07,5.0,6495.0,1299.0,0
2025-02-14,SKU07,2.0,2598.0,1299.0,0
2025-02-15,SKU07,9.0,11691.0,1299.0,0
2025-02-16,SKU07,2.0,2598.0,1299.0,0
2025-02-17,SKU07,5.0,6495.0,1299.0,0
2025-02-18,SKU07,7.0,9093.0,1299.0,0
2025-02-19,SKU07,6.0,7794.0,1299.0,0
2025-02-20,SKU07,3.0,3897.0,1299.0,0
2025-02-21,SKU07,8.0,10392.0,1299.0,0
2025-02-22,SKU07,3.0,3897.0,1299.0,0
2025-02-23,SKU07,5.0,6495.0,1299.0,0
2025-02-24,SKU07,3.0,3897.0,1299.0,0
2025-02-25,SKU07,5.0,6495.0,1299.0,0
2025-02-26,SKU07,5.0,6495.0,1299.0,0
2025-02-27,SKU07,5.0,6495.0,1299.0,0
2025-02-28,SKU07,3.0,3897.0,1299.0,0
2025-03-01,SKU07,2.0,2598.0,1299.0,0
2025-03-02,SKU07,8.0,10392.0,1299.0,0
2025-03-03,SKU07,6.0,7794.0,1299.0,0
2025-03-04,SKU07,3.0,3897.0,1299.0,0
2025-03-05,SKU07,3.0,3897.0,1299.0,0
2025-03-06,SKU07,5.0,6495.0,1299.0,0
2025-03-07,SKU07,7.0,9093.0,1299.0,0
2025-03-08,SKU07,2.0,2598.0,1299.0,0
2025-03-09,SKU07,5.0,6495.0,1299.0,0
2025-03-10,SKU07,4.0,5196.0,1299.0,0
2025-03-11,SKU07,2.0,2598.0,1299.0,0
2025-03-12,SKU07,6.0,7794.0,1299.0,0
2025-03-13,SKU07,4.0,5196.0,1299.0,0
2025-03-14,SKU07,4.0,5196.0,1299.0,0
2025-03-15,SKU07,3.0,3897.0,1299.0,0
2025-03-16,SKU07,2.0,2598.0,1299.0,0
2025-03-17,SKU07,5.0,6495.0,1299.0,0
2025-03-18,SKU07,2.0,2598.0,1299.0,0
2025-03-19,SKU07,4.0,5196.0,1299.0,0
2025-03-20,SKU07,2.0,2598.0,1299.0,0
2025-03-21,SKU07,4.0,5196.0,1299.0,0
2025-03-22,SKU07,2.0,2598.0,1299.0,0
2025-03-23,SKU07,6.0,7794.0,1299.0,0
2025-03-24,SKU07,0.0,0.0,1299.0,0
2025-03-25,SKU07,3.0,3897.0,1299.0,0
2025-03-26,SKU07,2.0,2598.0,1299.0,0
2025-03-27,SKU07,4.0,5196.0,1299.0,0
2025-03-28,SKU07,5.0,6495.0,1299.0,0
2025-03-29,SKU07,1.0,1299.0,1299.0,0
2025-03-30,SKU07,2.0,2598.0,1299.0,0
2025-03-31,SKU07,3.0,3897.0,1299.0,0
2025-04-01,SKU07,5.0,6495.0,1299.0,0
2025-04-02,SKU07,4.0,5196.0,1299.0,0
2025-04-03,SKU07,2.0,2598.0,1299.0,0
2025-04-04,SKU07,2.0,2598.0,1299.0,0
2025-04-05,SKU07,10.0,12990.0,1299.0,0
2025-04-06,SKU07,4.0,5196.0,1299.0,0
2025-04-07,SKU07,4.0,5196.0,1299.0,0
2025-04-08,SKU07,0.0,0.0,1299.0,0
2025-04-09,SKU07,1.0,1299.0,1299.0,0
2025-04-10,SKU07,5.0,6495.0,1299.0,0
2025-04-11,SKU07,3.0,3897.0,1299.0,0
2025-04-12,SKU07,5.0,6495.0,1299.0,0
2025-04-13,SKU07,4.0,5196.0,1299.0,0
2025-04-14,SKU07,1.0,1299.0,1299.0,0
2025-04-15,SKU07,5.0,6495.0,1299.0,0
2025-04-16,SKU07,5.0,6495.0,1299.0,0
2025-04-17,SKU07,4.0,5196.0,1299.0,0
2025-04-18,SKU07,2.0,2598.0,1299.0,0
2025-04-19,SKU07,2.0,2598.0,1299.0,0
2025-04-20,SKU07,6.0,7794.0,1299.0,0
2025-04-21,SKU07,5.0,6495.0,1299.0,0
2025-04-22,SKU07,2.0,2598.0,1299.0,0
2025-04-23,SKU07,5.0,6495.0,1299.0,0
2025-04-24,SKU07,3.0,3897.0,1299.0,0
2025-04-25,SKU07,7.0,9093.0,1299.0,0
2025-04-26,SKU07,5.0,6495.0,1299.0,0
2025-04-27,SKU07,0.0,0.0,1299.0,0
2025-04-28,SKU07,6.0,7794.0,1299.0,0
2025-04-29,SKU07,4.0,5196.0,1299.0,0
2025-04-30,SKU07,1.0,1299.0,1299.0,0
2025-05-01,SKU07,3.0,3897.0,1299.0,0
2025-05-02,SKU07,5.0,6495.0,1299.0,0
2025-05-03,SKU07,5.0,6495.0,1299.0,0
2025-05-04,SKU07,5.0,6495.0,1299.0,0
2025-05-05,SKU07,0.0,0.0,1299.0,0
2025-05-06,SKU07,4.0,5196.0,1299.0,0
2025-05-07,SKU07,2.0,2598.0,1299.0,0
2025-05-08,SKU07,7.0,9093.0,1299.0,0
2025-05-09,SKU07,7.0,9093.0,1299.0,0
2025-05-10,SKU07,8.0,9352.0,1169.0,1
2025-05-11,SKU07,10.0,11690.0,1169.0,1
2025-05-12,SKU07,5.0,5845.0,1169.0,1
2025-05-13,SKU07,1.0,1169.0,1169.0,1
2025-05-14,SKU07,11.0,12859.0,1169.0,1
2025-05-15,SKU07,9.0,10521.0,1169.0,1
2025-05-16,SKU07,3.0,3507.0,1169.0,1
2025-05-17,SKU07,4.0,4676.0,1169.0,1
2025-05-18,SKU07,11.0,12859.0,1169.0,1
2025-05-19,SKU07,5.0,5845.0,1169.0,1
2025-05-20,SKU07,6.0,7014.0,1169.0,1
2025-05-21,SKU07,4.0,5196.0,1299.0,0
2025-05-22,SKU07,5.0,6495.0,1299.0,0
2025-05-23,SKU07,4.0,5196.0,1299.0,0
2025-05-24,SKU07,6.0,7794.0,1299.0,0
2025-05-25,SKU07,1.0,1299.0,1299.0,0
2025-05-26,SKU07,2.0,2598.0,1299.0,0
2025-05-27,SKU07,8.0,10392.0,1299.0,0
2025-05-28,SKU07,6.0,7794.0,1299.0,0
2025-05-29,SKU07,2.0,2598.0,1299.0,0
2025-05-30,SKU07,1.0,1299.0,1299.0,0
2025-05-31,SKU07,3.0,3897.0,1299.0,0
2025-06-01,SKU07,5.0,6495.0,1299.0,0
2025-06-02,SKU07,1.0,1299.0,1299.0,0
2025-06-03,SKU07,1.0,1299.0,1299.0,0
2025-06-04,SKU07,3.0,3897.0,1299.0,0
2025-06-05,SKU07,6.0,7794.0,1299.0,0
2025-06-06,SKU07,2.0,2598.0,1299.0,0
2025-06-07,SKU07,5.0,6495.0,1299.0,0
2025-06-08,SKU07,6.0,7794.0,1299.0,0
2025-06-09,SKU07,2.0,2598.0,1299.0,0
2025-06-10,SKU07,4.0,5196.0,1299.0,0
2025-06-11,SKU07,7.0,9093.0,1299.0,0
2025-06-12,SKU07,0.0,0.0,1299.0,0
2025-06-13,SKU07,4.0,5196.0,1299.0,0
2025-06-14,SKU07,2.0,2598.0,1299.0,0
2025-06-15,SKU07,2.0,2598.0,1299.0,0
2025-06-16,SKU07,5.0,6495.0,1299.0,0
2025-06-17,SKU07,3.0,3897.0,1299.0,0
2025-06-18,SKU07,3.0,3897.0,1299.0,0
2025-06-19,SKU07,2.0,2598.0,1299.0,0
2025-06-20,SKU07,7.0,9093.0,1299.0,0
2025-06-21,SKU07,6.0,7794.0,1299.0,0
2025-06-22,SKU07,3.0,3897.0,1299.0,0
2025-06-23,SKU07,3.0,3897.0,1299.0,0
2025-06-24,SKU07,3.0,3897.0,1299.0,0
2025-06-25,SKU07,2.0,2598.0,1299.0,0
2025-06-26,SKU07,4.0,5196.0,1299.0,0
2025-06-27,SKU07,4.0,5196.0,1299.0,0
2025-06-28,SKU07,3.0,3897.0,1299.0,0
2025-06-29,SKU07,5.0,6495.0,1299.0,0
2025-06-30,SKU07,5.0,6495.0,1299.0,0
2025-07-01,SKU07,2.0,2598.0,1299.0,0
2025-07-02,SKU07,1.0,1299.0,1299.0,0
2025-07-03,SKU07,1.0,1299.0,1299.0,0
2025-07-04,SKU07,7.0,9093.0,1299.0,0
2025-07-05,SKU07,9.0,11691.0,1299.0,0
2025-07-06,SKU07,9.0,11691.0,1299.0,0
2025-07-07,SKU07,11.0,14289.0,1299.0,0
2025-07-08,SKU07,6.0,7794.0,1299.0,0
2025-07-09,SKU07,5.0,6495.0,1299.0,0
2025-07-10,SKU07,6.0,7794.0,1299.0,0
2025-07-11,SKU07,5.0,6495.0,1299.0,0
2025-07-12,SKU07,9.0,11691.0,1299.0,0
2025-07-13,SKU07,4.0,5196.0,1299.0,0
2025-07-14,SKU07,4.0,5196.0,1299.0,0
2025-07-15,SKU07,4.0,5196.0,1299.0,0
2025-07-16,SKU07,4.0,5196.0,1299.0,0
2025-07-17,SKU07,5.0,6495.0,1299.0,0
2025-07-18,SKU07,5.0,6495.0,1299.0,0
2025-07-19,SKU07,6.0,7794.0,1299.0,0
2025-07-20,SKU07,9.0,11691.0,1299.0,0
2025-07-21,SKU07,4.0,5196.0,1299.0,0
2025-07-22,SKU07,4.0,5196.0,1299.0,0
2025-07-23,SKU07,4.0,5196.0,1299.0,0
2025-07-24,SKU07,6.0,7794.0,1299.0,0
2025-07-25,SKU07,3.0,3897.0,1299.0,0
2025-07-26,SKU07,4.0,5196.0,1299.0,0
2025-07-27,SKU07,3.0,3897.0,1299.0,0
2025-07-28,SKU07,4.0,5196.0,1299.0,0
2025-07-29,SKU07,5.0,6495.0,1299.0,0
2025-07-30,SKU07,5.0,6495.0,1299.0,0
2025-07-31,SKU07,6.0,7794.0,1299.0,0
2025-08-01,SKU07,5.0,6495.0,1299.0,0
2025-08-02,SKU07,12.0,15588.0,1299.0,0
2025-08-03,SKU07,7.0,9093.0,1299.0,0
2025-08-04,SKU07,5.0,6495.0,1299.0,0
2025-08-05,SKU07,3.0,3897.0,1299.0,0
2025-08-06,SKU07,3.0,3897.0,1299.0,0
2025-08-07,SKU07,4.0,5196.0,1299.0,0
2025-08-08,SKU07,5.0,6495.0,1299.0,0
2025-08-09,SKU07,2.0,2598.0,1299.0,0
2025-08-10,SKU07,6.0,7794.0,1299.0,0
2025-08-11,SKU07,5.0,6495.0,1299.0,0
2025-08-12,SKU07,3.0,3897.0,1299.0,0
2025-08-13,SKU07,4.0,5196.0,1299.0,0
2025-08-14,SKU07,9.0,11691.0,1299.0,0
2025-08-15,SKU07,6.0,7794.0,1299.0,0
2025-08-16,SKU07,10.0,12990.0,1299.0,0
2025-08-17,SKU07,5.0,6495.0,1299.0,0
2025-08-18,SKU07,2.0,2598.0,1299.0,0
2025-08-19,SKU07,3.0,3897.0,1299.0,0
2025-08-20,SKU07,3.0,3897.0,1299.0,0
2025-08-21,SKU07,3.0,3897.0,1299.0,0
2025-08-22,SKU07,5.0,6495.0,1299.0,0
2025-08-23,SKU07,8.0,10392.0,1299.0,0
2025-08-24,SKU07,12.0,15588.0,1299.0,0
2025-08-25,SKU07,7.0,9093.0,1299.0,0
2025-08-26,SKU07,11.0,14289.0,1299.0,0
2025-08-27,SKU07,8.0,10392.0,1299.0,0
2025-08-28,SKU07,1.0,1299.0,1299.0,0
2025-08-29,SKU07,6.0,7794.0,1299.0,0
2025-08-30,SKU07,9.0,11691.0,1299.0,0
2025-08-31,SKU07,10.0,12990.0,1299.0,0
2025-09-01,SKU07,9.0,11691.0,1299.0,0
2025-09-02,SKU07,4.0,5196.0,1299.0,0
2025-09-03,SKU07,6.0,7794.0,1299.0,0
2025-09-04,SKU07,10.0,12990.0,1299.0,0
2025-09-05,SKU07,5.0,6495.0,1299.0,0
2025-09-06,SKU07,5.0,6495.0,1299.0,0
2025-09-07,SKU07,7.0,9093.0,1299.0,0
2025-09-08,SKU07,6.0,7794.0,1299.0,0
2025-09-09,SKU07,2.0,2598.0,1299.0,0
2025-09-10,SKU07,5.0,6495.0,1299.0,0
2025-09-11,SKU07,4.0,5196.0,1299.0,0
2025-09-12,SKU07,6.0,7794.0,1299.0,0
2025-09-13,SKU07,8.0,10392.0,1299.0,0
2025-09-14,SKU07,11.0,14289.0,1299.0,0
2025-09-15,SKU07,4.0,5196.0,1299.0,0
2025-09-16,SKU07,2.0,2598.0,1299.0,0
2025-09-17,SKU07,8.0,10392.0,1299.0,0
2025-09-18,SKU07,7.0,9093.0,1299.0,0
2025-09-19,SKU07,10.0,12990.0,1299.0,0
2025-09-20,SKU07,9.0,11691.0,1299.0,0
2025-09-21,SKU07,5.0,6495.0,1299.0,0
2025-09-22,SKU07,7.0,9093.0,1299.0,0
2025-09-23,SKU07,8.0,10392.0,1299.0,0
2025-09-24,SKU07,5.0,6495.0,1299.0,0
2025-09-25,SKU07,4.0,5196.0,1299.0,0
2025-09-26,SKU07,8.0,10392.0,1299.0,0
2025-09-27,SKU07,9.0,11691.0,1299.0,0
2025-09-28,SKU07,9.0,11691.0,1299.0,0
2025-09-29,SKU07,6.0,7794.0,1299.0,0
2025-09-30,SKU07,5.0,6495.0,1299.0,0
2025-10-01,SKU07,5.0,6495.0,1299.0,0
2025-10-02,SKU07,5.0,6495.0,1299.0,0
2025-10-03,SKU07,9.0,11691.0,1299.0,0
2025-10-04,SKU07,4.0,5196.0,1299.0,0
2025-10-05,SKU07,5.0,6495.0,1299.0,0
2025-10-06,SKU07,3.0,3897.0,1299.0,0
2025-10-07,SKU07,3.0,3897.0,1299.0,0
2025-10-08,SKU07,10.0,12990.0,1299.0,0
2025-10-09,SKU07,10.0,12990.0,1299.0,0
2025-10-10,SKU07,11.0,12859.0,1169.0,1
2025-10-11,SKU07,13.0,15197.0,1169.0,1
2025-10-12,SKU07,7.0,8183.0,1169.0,1
2025-10-13,SKU07,7.0,8183.0,1169.0,1
2025-10-14,SKU07,6.0,7014.0,1169.0,1
2025-10-15,SKU07,8.0,9352.0,1169.0,1
2025-10-16,SKU07,11.0,12859.0,1169.0,1
2025-10-17,SKU07,7.0,8183.0,1169.0,1
2025-10-18,SKU07,8.0,9352.0,1169.0,1
2025-10-19,SKU07,13.0,15197.0,1169.0,1
2025-10-20,SKU07,11.0,12859.0,1169.0,1
2025-10-21,SKU07,6.0,7794.0,1299.0,0
2025-10-22,SKU07,8.0,10392.0,1299.0,0
2025-10-23,SKU07,10.0,12990.0,1299.0,0
2025-10-24,SKU07,7.0,9093.0,1299.0,0
2025-10-25,SKU07,8.0,10392.0,1299.0,0
2025-10-26,SKU07,6.0,7794.0,1299.0,0
2025-10-27,SKU07,3.0,3897.0,1299.0,0
2025-10-28,SKU07,7.0,9093.0,1299.0,0
2025-10-29,SKU07,8.0,10392.0,1299.0,0
2025-10-30,SKU07,7.0,9093.0,1299.0,0
2025-10-31,SKU07,2.0,2598.0,1299.0,0
2025-11-01,SKU07,8.0,10392.0,1299.0,0
2025-11-02,SKU07,6.0,7794.0,1299.0,0
2025-11-03,SKU07,7.0,9093.0,1299.0,0
2025-11-04,SKU07,5.0,6495.0,1299.0,0
2025-11-05,SKU07,3.0,3897.0,1299.0,0
2025-11-06,SKU07,7.0,9093.0,1299.0,0
2025-11-07,SKU07,8.0,10392.0,1299.0,0
2025-11-08,SKU07,7.0,9093.0,1299.0,0
2025-11-09,SKU07,9.0,11691.0,1299.0,0
2025-11-10,SKU07,9.0,11691.0,1299.0,0
2025-11-11,SKU07,5.0,6495.0,1299.0,0
2025-11-12,SKU07,10.0,12990.0,1299.0,0
2025-11-13,SKU07,6.0,7794.0,1299.0,0
2025-11-14,SKU07,4.0,5196.0,1299.0,0
2025-11-15,SKU07,7.0,9093.0,1299.0,0
2025-11-16,SKU07,5.0,6495.0,1299.0,0
2025-11-17,SKU07,5.0,6495.0,1299.0,0
2025-11-18,SKU07,8.0,10392.0,1299.0,0
2025-11-19,SKU07,5.0,6495.0,1299.0,0
2025-11-20,SKU07,3.0,3897.0,1299.0,0
2025-11-21,SKU07,9.0,11691.0,1299.0,0
2025-11-22,SKU07,6.0,7794.0,1299.0,0
2025-11-23,SKU07,9.0,11691.0,1299.0,0
2025-11-24,SKU07,3.0,3897.0,1299.0,0
2025-11-25,SKU07,8.0,10392.0,1299.0,0
2025-11-26,SKU07,6.0,7794.0,1299.0,0
2025-11-27,SKU07,6.0,7794.0,1299.0,0
2025-11-28,SKU07,5.0,6495.0,1299.0,0
2025-11-29,SKU07,4.0,5196.0,1299.0,0
2025-11-30,SKU07,5.0,6495.0,1299.0,0
2025-12-01,SKU07,8.0,10392.0,1299.0,0
2025-12-02,SKU07,6.0,7794.0,1299.0,0
2025-12-03,SKU07,7.0,9093.0,1299.0,0
2025-12-04,SKU07,9.0,11691.0,1299.0,0
2025-12-05,SKU07,10.0,12990.0,1299.0,0
2025-12-06,SKU07,7.0,9093.0,1299.0,0
2025-12-07,SKU07,7.0,9093.0,1299.0,0
2025-12-08,SKU07,6.0,7794.0,1299.0,0
2025-12-09,SKU07,6.0,7794.0,1299.0,0
2025-12-10,SKU07,8.0,10392.0,1299.0,0
2025-12-11,SKU07,5.0,6495.0,1299.0,0
2025-12-12,SKU07,4.0,5196.0,1299.0,0
2025-12-13,SKU07,4.0,5196.0,1299.0,0
2025-12-14,SKU07,7.0,9093.0,1299.0,0
2025-12-15,SKU07,6.0,7794.0,1299.0,0
2025-12-16,SKU07,7.0,9093.0,1299.0,0
2025-12-17,SKU07,6.0,7794.0,1299.0,0
2025-12-18,SKU07,5.0,6495.0,1299.0,0
2025-12-19,SKU07,5.0,6495.0,1299.0,0
2025-12-20,SKU07,11.0,12859.0,1169.0,1
2025-12-21,SKU07,5.0,5845.0,1169.0,1
2025-12-22,SKU07,11.0,12859.0,1169.0,1
2025-12-23,SKU07,7.0,8183.0,1169.0,1
2025-12-24,SKU07,9.0,10521.0,1169.0,1
2025-12-25,SKU07,13.0,15197.0,1169.0,1
2025-12-26,SKU07,11.0,12859.0,1169.0,1
2025-12-27,SKU07,15.0,17535.0,1169.0,1
2025-12-28,SKU07,14.0,16366.0,1169.0,1
2024-01-01,SKU08,20.0,6980.0,349.0,0
2024-01-02,SKU08,14.0,4886.0,349.0,0
2024-01-03,SKU08,13.0,4537.0,349.0,0
2024-01-04,SKU08,11.0,3839.0,349.0,0
2024-01-05,SKU08,11.0,3839.0,349.0,0
2024-01-06,SKU08,13.0,4537.0,349.0,0
2024-01-07,SKU08,14.0,4886.0,349.0,0
2024-01-08,SKU08,8.0,2792.0,349.0,0
2024-01-09,SKU08,16.0,5584.0,349.0,0
2024-01-10,SKU08,13.0,4537.0,349.0,0
2024-01-11,SKU08,14.0,4886.0,349.0,0
2024-01-12,SKU08,12.0,4188.0,349.0,0
2024-01-13,SKU08,13.0,4537.0,349.0,0
2024-01-14,SKU08,13.0,4537.0,349.0,0
2024-01-15,SKU08,13.0,4537.0,349.0,0
2024-01-16,SKU08,7.0,2443.0,349.0,0
2024-01-17,SKU08,12.0,4188.0,349.0,0
2024-01-18,SKU08,13.0,4537.0,349.0,0
2024-01-19,SKU08,14.0,4886.0,349.0,0
2024-01-20,SKU08,21.0,6594.0,314.0,1
2024-01-21,SKU08,25.0,7850.0,314.0,1
2024-01-22,SKU08,13.0,4082.0,314.0,1
2024-01-23,SKU08,11.0,3454.0,314.0,1
2024-01-24,SKU08,22.0,6908.0,314.0,1
2024-01-25,SKU08,17.0,5338.0,314.0,1
2024-01-26,SKU08,20.0,6280.0,314.0,1
2024-01-27,SKU08,14.0,4886.0,349.0,0
2024-01-28,SKU08,9.0,3141.0,349.0,0
2024-01-29,SKU08,8.0,2792.0,349.0,0
2024-01-30,SKU08,5.0,1745.0,349.0,0
2024-01-31,SKU08,12.0,4188.0,349.0,0
2024-02-01,SKU08,10.0,3490.0,349.0,0
2024-02-02,SKU08,7.0,2443.0,349.0,0
2024-02-03,SKU08,11.0,3839.0,349.0,0
2024-02-04,SKU08,14.0,4886.0,349.0,0
2024-02-05,SKU08,7.0,2443.0,349.0,0
2024-02-06,SKU08,10.0,3490.0,349.0,0
2024-02-07,SKU08,10.0,3490.0,349.0,0
2024-02-08,SKU08,7.0,2443.0,349.0,0
2024-02-09,SKU08,6.0,2094.0,349.0,0
2024-02-10,SKU08,11.0,3839.0,349.0,0
2024-02-11,SKU08,6.0,2094.0,349.0,0
2024-02-12,SKU08,4.0,1396.0,349.0,0
2024-02-13,SKU08,11.0,3839.0,349.0,0
2024-02-14,SKU08,8.0,2792.0,349.0,0
2024-02-15,SKU08,10.0,3490.0,349.0,0
2024-02-16,SKU08,5.0,1745.0,349.0,0
2024-02-17,SKU08,9.0,3141.0,349.0,0
2024-02-18,SKU08,4.0,1396.0,349.0,0
2024-02-19,SKU08,8.0,2792.0,349.0,0
2024-02-20,SKU08,7.0,2443.0,349.0,0
2024-02-21,SKU08,6.0,2094.0,349.0,0
2024-02-22,SKU08,8.0,2792.0,349.0,0
2024-02-23,SKU08,12.0,4188.0,349.0,0
2024-02-24,SKU08,9.0,3141.0,349.0,0
2024-02-25,SKU08,8.0,2792.0,349.0,0
2024-02-26,SKU08,9.0,3141.0,349.0,0
2024-02-27,SKU08,8.0,2792.0,349.0,0
2024-02-28,SKU08,7.0,2443.0,349.0,0
2024-02-29,SKU08,8.0,2792.0,349.0,0
2024-03-01,SKU08,6.0,2094.0,349.0,0
2024-03-02,SKU08,6.0,2094.0,349.0,0
2024-03-03,SKU08,7.0,2443.0,349.0,0
2024-03-04,SKU08,3.0,1047.0,349.0,0
2024-03-05,SKU08,5.0,1745.0,349.0,0
2024-03-06,SKU08,7.0,2443.0,349.0,0
2024-03-07,SKU08,7.0,2443.0,349.0,0
2024-03-08,SKU08,5.0,1745.0,349.0,0
2024-03-09,SKU08,9.0,3141.0,349.0,0
2024-03-10,SKU08,5.0,1745.0,349.0,0
2024-03-11,SKU08,10.0,3490.0,349.0,0
2024-03-12,SKU08,7.0,2443.0,349.0,0
2024-03-13,SKU08,9.0,3141.0,349.0,0
2024-03-14,SKU08,5.0,1745.0,349.0,0
2024-03-15,SKU08,8.0,2792.0,349.0,0
2024-03-16,SKU08,15.0,5235.0,349.0,0
2024-03-17,SKU08,10.0,3490.0,349.0,0
2024-03-18,SKU08,8.0,2792.0,349.0,0
2024-03-19,SKU08,11.0,3839.0,349.0,0
2024-03-20,SKU08,6.0,2094.0,349.0,0
2024-03-21,SKU08,3.0,1047.0,349.0,0
2024-03-22,SKU08,4.0,1396.0,349.0,0
2024-03-23,SKU08,9.0,3141.0,349.0,0
2024-03-24,SKU08,7.0,2443.0,349.0,0
2024-03-25,SKU08,7.0,2443.0,349.0,0
2024-03-26,SKU08,3.0,1047.0,349.0,0
2024-03-27,SKU08,9.0,3141.0,349.0,0
2024-03-28,SKU08,1.0,349.0,349.0,0
2024-03-29,SKU08,5.0,1745.0,349.0,0
2024-03-30,SKU08,10.0,3490.0,349.0,0
2024-03-31,SKU08,10.0,3490.0,349.0,0
2024-04-01,SKU08,10.0,3490.0,349.0,0
2024-04-02,SKU08,6.0,2094.0,349.0,0
2024-04-03,SKU08,1.0,349.0,349.0,0
2024-04-04,SKU08,8.0,2792.0,349.0,0
2024-04-05,SKU08,7.0,2443.0,349.0,0
2024-04-06,SKU08,6.0,2094.0,349.0,0
2024-04-07,SKU08,6.0,2094.0,349.0,0
2024-04-08,SKU08,3.0,1047.0,349.0,0
2024-04-09,SKU08,12.0,4188.0,349.0,0
2024-04-10,SKU08,5.0,1745.0,349.0,0
2024-04-11,SKU08,6.0,2094.0,349.0,0
2024-04-12,SKU08,4.0,1396.0,349.0,0
2024-04-13,SKU08,10.0,3490.0,349.0,0
2024-04-14,SKU08,5.0,1745.0,349.0,0
2024-04-15,SKU08,2.0,698.0,349.0,0
2024-04-16,SKU08,4.0,1396.0,349.0,0
2024-04-17,SKU08,6.0,2094.0,349.0,0
2024-04-18,SKU08,5.0,1745.0,349.0,0
2024-04-19,SKU08,,3839.0,349.0,0
2024-04-20,SKU08,7.0,2443.0,349.0,0
2024-04-21,SKU08,10.0,3490.0,349.0,0
2024-04-22,SKU08,3.0,1047.0,349.0,0
2024-04-23,SKU08,5.0,1745.0,349.0,0
2024-04-24,SKU08,2.0,698.0,349.0,0
2024-04-25,SKU08,3.0,1047.0,349.0,0
2024-04-26,SKU08,3.0,1047.0,349.0,0
2024-04-27,SKU08,9.0,3141.0,349.0,0
2024-04-28,SKU08,9.0,3141.0,349.0,0
2024-04-29,SKU08,5.0,1745.0,349.0,0
2024-04-30,SKU08,5.0,1745.0,349.0,0
2024-05-01,SKU08,5.0,1745.0,349.0,0
2024-05-02,SKU08,6.0,2094.0,349.0,0
2024-05-03,SKU08,9.0,3141.0,349.0,0
2024-05-04,SKU08,7.0,2443.0,349.0,0
2024-05-05,SKU08,11.0,3839.0,349.0,0
2024-05-06,SKU08,12.0,4188.0,349.0,0
2024-05-07,SKU08,8.0,2792.0,349.0,0
2024-05-08,SKU08,3.0,1047.0,349.0,0
2024-05-09,SKU08,8.0,2792.0,349.0,0
2024-05-10,SKU08,9.0,2826.0,314.0,1
2024-05-11,SKU08,9.0,2826.0,314.0,1
2024-05-12,SKU08,10.0,3140.0,314.0,1
2024-05-13,SKU08,11.0,3454.0,314.0,1
2024-05-14,SKU08,6.0,1884.0,314.0,1
2024-05-15,SKU08,12.0,3768.0,314.0,1
2024-05-16,SKU08,7.0,2198.0,314.0,1
2024-05-17,SKU08,14.0,4396.0,314.0,1
2024-05-18,SKU08,7.0,2198.0,314.0,1
2024-05-19,SKU08,7.0,2198.0,314.0,1
2024-05-20,SKU08,10.0,3140.0,314.0,1
2024-05-21,SKU08,5.0,1745.0,349.0,0
2024-05-22,SKU08,2.0,698.0,349.0,0
2024-05-23,SKU08,11.0,3839.0,349.0,0
2024-05-24,SKU08,5.0,1745.0,349.0,0
2024-05-25,SKU08,10.0,3490.0,349.0,0
2024-05-26,SKU08,6.0,2094.0,349.0,0
2024-05-27,SKU08,8.0,2792.0,349.0,0
2024-05-28,SKU08,13.0,4537.0,349.0,0
2024-05-29,SKU08,9.0,3141.0,349.0,0
2024-05-30,SKU08,10.0,3490.0,349.0,0
2024-05-31,SKU08,6.0,2094.0,349.0,0
2024-06-01,SKU08,2.0,698.0,349.0,0
2024-06-02,SKU08,7.0,2443.0,349.0,0
2024-06-03,SKU08,3.0,1047.0,349.0,0
2024-06-04,SKU08,4.0,1396.0,349.0,0
2024-06-05,SKU08,7.0,2443.0,349.0,0
2024-06-06,SKU08,7.0,2443.0,349.0,0
2024-06-07,SKU08,12.0,4188.0,349.0,0
2024-06-08,SKU08,6.0,2094.0,349.0,0
2024-06-09,SKU08,17.0,5933.0,349.0,0
2024-06-10,SKU08,5.0,1745.0,349.0,0
2024-06-11,SKU08,5.0,1745.0,349.0,0
2024-06-12,SKU08,1.0,349.0,349.0,0
2024-06-13,SKU08,7.0,2443.0,349.0,0
2024-06-14,SKU08,13.0,4537.0,349.0,0
2024-06-15,SKU08,9.0,3141.0,349.0,0
2024-06-16,SKU08,8.0,2792.0,349.0,0
2024-06-17,SKU08,11.0,3839.0,349.0,0
2024-06-18,SKU08,9.0,3141.0,349.0,0
2024-06-19,SKU08,5.0,1745.0,349.0,0
2024-06-20,SKU08,7.0,2443.0,349.0,0
2024-06-21,SKU08,7.0,2443.0,349.0,0
2024-06-22,SKU08,12.0,4188.0,,0
2024-06-23,SKU08,13.0,4537.0,349.0,0
2024-06-24,SKU08,11.0,3839.0,349.0,0
2024-06-25,SKU08,6.0,2094.0,349.0,0
2024-06-26,SKU08,9.0,3141.0,349.0,0
2024-06-27,SKU08,10.0,3490.0,349.0,0
2024-06-28,SKU08,4.0,1396.0,349.0,0
2024-06-29,SKU08,8.0,2792.0,349.0,0
2024-06-30,SKU08,15.0,5235.0,349.0,0
2024-07-01,SKU08,9.0,3141.0,349.0,0
2024-07-02,SKU08,13.0,4537.0,349.0,0
2024-07-03,SKU08,8.0,2792.0,349.0,0
2024-07-04,SKU08,13.0,4537.0,349.0,0
2024-07-05,SKU08,5.0,1745.0,349.0,0
2024-07-06,SKU08,12.0,4188.0,349.0,0
2024-07-07,SKU08,10.0,3490.0,349.0,0
2024-07-08,SKU08,9.0,3141.0,349.0,0
2024-07-09,SKU08,7.0,2443.0,349.0,0
2024-07-10,SKU08,8.0,2792.0,349.0,0
2024-07-11,SKU08,4.0,1396.0,349.0,0
2024-07-12,SKU08,9.0,3141.0,349.0,0
2024-07-13,SKU08,17.0,5933.0,349.0,0
2024-07-14,SKU08,8.0,2792.0,349.0,0
2024-07-15,SKU08,9.0,3141.0,349.0,0
2024-07-16,SKU08,6.0,2094.0,349.0,0
2024-07-17,SKU08,10.0,3490.0,349.0,0
2024-07-18,SKU08,13.0,4537.0,349.0,0
2024-07-19,SKU08,11.0,3839.0,349.0,0
2024-07-20,SKU08,5.0,1745.0,349.0,0
2024-07-21,SKU08,13.0,4537.0,349.0,0
2024-07-22,SKU08,7.0,2443.0,349.0,0
2024-07-23,SKU08,22.0,7678.0,349.0,0
2024-07-24,SKU08,12.0,4188.0,349.0,0
2024-07-25,SKU08,10.0,3490.0,349.0,0
2024-07-26,SKU08,10.0,3490.0,349.0,0
2024-07-27,SKU08,16.0,5584.0,349.0,0
2024-07-28,SKU08,15.0,5235.0,349.0,0
2024-07-29,SKU08,,2792.0,349.0,0
2024-07-30,SKU08,23.0,8027.0,349.0,0
2024-07-31,SKU08,20.0,6980.0,349.0,0
2024-08-01,SKU08,15.0,5235.0,349.0,0
2024-08-02,SKU08,15.0,5235.0,349.0,0
2024-08-03,SKU08,17.0,5933.0,349.0,0
2024-08-04,SKU08,16.0,5584.0,349.0,0
2024-08-05,SKU08,9.0,3141.0,349.0,0
2024-08-06,SKU08,9.0,3141.0,349.0,0
2024-08-07,SKU08,15.0,5235.0,349.0,0
2024-08-08,SKU08,10.0,3490.0,349.0,0
2024-08-09,SKU08,6.0,2094.0,349.0,0
2024-08-10,SKU08,21.0,7329.0,349.0,0
2024-08-11,SKU08,20.0,6980.0,349.0,0
2024-08-12,SKU08,8.0,2792.0,349.0,0
2024-08-13,SKU08,14.0,4886.0,349.0,0
2024-08-14,SKU08,5.0,1745.0,349.0,0
2024-08-15,SKU08,16.0,5584.0,349.0,0
2024-08-16,SKU08,13.0,4537.0,349.0,0
2024-08-17,SKU08,18.0,6282.0,349.0,0
2024-08-18,SKU08,15.0,5235.0,349.0,0
2024-08-19,SKU08,16.0,5584.0,349.0,0
2024-08-20,SKU08,11.0,3839.0,349.0,0
2024-08-21,SKU08,15.0,5235.0,349.0,0
2024-08-22,SKU08,15.0,5235.0,349.0,0
2024-08-23,SKU08,11.0,3839.0,349.0,0
2024-08-24,SKU08,23.0,8027.0,349.0,0
2024-08-25,SKU08,27.0,9423.0,349.0,0
2024-08-26,SKU08,14.0,4886.0,349.0,0
2024-08-27,SKU08,9.0,3141.0,349.0,0
2024-08-28,SKU08,9.0,3141.0,349.0,0
2024-08-29,SKU08,18.0,6282.0,349.0,0
2024-08-30,SKU08,16.0,5584.0,349.0,0
2024-08-31,SKU08,14.0,4886.0,349.0,0
2024-09-01,SKU08,20.0,6980.0,349.0,0
2024-09-02,SKU08,12.0,4188.0,349.0,0
2024-09-03,SKU08,13.0,4537.0,349.0,0
2024-09-04,SKU08,16.0,5584.0,349.0,0
2024-09-05,SKU08,22.0,7678.0,349.0,0
2024-09-06,SKU08,19.0,6631.0,349.0,0
2024-09-07,SKU08,19.0,6631.0,349.0,0
2024-09-08,SKU08,18.0,6282.0,349.0,0
2024-09-09,SKU08,10.0,3490.0,349.0,0
2024-09-10,SKU08,17.0,5933.0,349.0,0
2024-09-11,SKU08,15.0,5235.0,349.0,0
2024-09-12,SKU08,7.0,2443.0,349.0,0
2024-09-13,SKU08,19.0,6631.0,349.0,0
2024-09-14,SKU08,25.0,8725.0,349.0,0
2024-09-15,SKU08,17.0,5933.0,349.0,0
2024-09-16,SKU08,12.0,4188.0,349.0,0
2024-09-17,SKU08,16.0,5584.0,349.0,0
2024-09-18,SKU08,20.0,6980.0,349.0,0
2024-09-19,SKU08,13.0,4537.0,349.0,0
2024-09-20,SKU08,12.0,4188.0,349.0,0
2024-09-21,SKU08,18.0,6282.0,349.0,0
2024-09-22,SKU08,14.0,4886.0,349.0,0
2024-09-23,SKU08,14.0,4886.0,349.0,0
2024-09-24,SKU08,25.0,8725.0,349.0,0
2024-09-25,SKU08,13.0,4537.0,349.0,0
2024-09-26,SKU08,13.0,4537.0,349.0,0
2024-09-27,SKU08,19.0,6631.0,349.0,0
2024-09-28,SKU08,27.0,9423.0,349.0,0
2024-09-29,SKU08,23.0,8027.0,349.0,0
2024-09-30,SKU08,11.0,3839.0,349.0,0
2024-10-01,SKU08,10.0,3490.0,349.0,0
2024-10-02,SKU08,21.0,7329.0,349.0,0
2024-10-03,SKU08,14.0,4886.0,349.0,0
2024-10-04,SKU08,18.0,6282.0,349.0,0
2024-10-05,SKU08,17.0,5933.0,349.0,0
2024-10-06,SKU08,20.0,6980.0,349.0,0
2024-10-07,SKU08,17.0,5933.0,349.0,0
2024-10-08,SKU08,13.0,4537.0,349.0,0
2024-10-09,SKU08,17.0,5933.0,349.0,0
2024-10-10,SKU08,17.0,5933.0,349.0,0
2024-10-11,SKU08,17.0,5933.0,349.0,0
2024-10-12,SKU08,19.0,6631.0,349.0,0
2024-10-13,SKU08,20.0,6980.0,349.0,0
2024-10-14,SKU08,13.0,4537.0,349.0,0
2024-10-15,SKU08,11.0,3839.0,349.0,0
2024-10-16,SKU08,16.0,5584.0,349.0,0
2024-10-17,SKU08,15.0,5235.0,349.0,0
2024-10-18,SKU08,18.0,6282.0,349.0,0
2024-10-19,SKU08,28.0,9772.0,349.0,0
2024-10-20,SKU08,12.0,4188.0,349.0,0
2024-10-21,SKU08,19.0,6631.0,349.0,0
2024-10-22,SKU08,19.0,5966.0,314.0,1
2024-10-23,SKU08,17.0,5338.0,314.0,1
2024-10-24,SKU08,29.0,9106.0,314.0,1
2024-10-25,SKU08,25.0,7850.0,314.0,1
2024-10-26,SKU08,36.0,11304.0,314.0,1
2024-10-27,SKU08,30.0,9420.0,314.0,1
2024-10-28,SKU08,24.0,7536.0,314.0,1
2024-10-29,SKU08,21.0,6594.0,314.0,1
2024-10-30,SKU08,22.0,6908.0,314.0,1
2024-10-31,SKU08,24.0,7536.0,314.0,1
2024-11-01,SKU08,16.0,5024.0,314.0,1
2024-11-02,SKU08,15.0,5235.0,349.0,0
2024-11-03,SKU08,20.0,6980.0,349.0,0
2024-11-04,SKU08,16.0,5584.0,349.0,0
2024-11-05,SKU08,12.0,4188.0,349.0,0
2024-11-06,SKU08,18.0,6282.0,349.0,0
2024-11-07,SKU08,16.0,5584.0,349.0,0
2024-11-08,SKU08,19.0,6631.0,349.0,0
2024-11-09,SKU08,13.0,4537.0,349.0,0
2024-11-10,SKU08,23.0,8027.0,349.0,0
2024-11-11,SKU08,17.0,5933.0,349.0,0
2024-11-12,SKU08,22.0,7678.0,349.0,0
2024-11-13,SKU08,18.0,6282.0,349.0,0
2024-11-14,SKU08,21.0,7329.0,349.0,0
2024-11-15,SKU08,8.0,2792.0,349.0,0
2024-11-16,SKU08,16.0,5584.0,349.0,0
2024-11-17,SKU08,20.0,6980.0,349.0,0
2024-11-18,SKU08,19.0,6631.0,349.0,0
2024-11-19,SKU08,9.0,3141.0,349.0,0
2024-11-20,SKU08,19.0,6631.0,349.0,0
2024-11-21,SKU08,16.0,5584.0,349.0,0
2024-11-22,SKU08,16.0,5584.0,349.0,0
2024-11-23,SKU08,15.0,5235.0,349.0,0
2024-11-24,SKU08,17.0,5933.0,349.0,0
2024-11-25,SKU08,13.0,4537.0,349.0,0
2024-11-26,SKU08,15.0,5235.0,349.0,0
2024-11-27,SKU08,13.0,4537.0,349.0,0
2024-11-28,SKU08,15.0,5235.0,349.0,0
2024-11-29,SKU08,19.0,6631.0,349.0,0
2024-11-30,SKU08,21.0,7329.0,349.0,0
2024-12-01,SKU08,17.0,5933.0,349.0,0
2024-12-02,SKU08,16.0,5584.0,349.0,0
2024-12-03,SKU08,9.0,3141.0,349.0,0
2024-12-04,SKU08,20.0,6980.0,349.0,0
2024-12-05,SKU08,12.0,4188.0,349.0,0
2024-12-06,SKU08,21.0,7329.0,349.0,0
2024-12-07,SKU08,24.0,8376.0,349.0,0
2024-12-08,SKU08,18.0,6282.0,349.0,0
2024-12-09,SKU08,9.0,3141.0,349.0,0
2024-12-10,SKU08,16.0,5584.0,349.0,0
2024-12-11,SKU08,22.0,7678.0,349.0,0
2024-12-12,SKU08,8.0,2792.0,349.0,0
2024-12-13,SKU08,6.0,2094.0,349.0,0
2024-12-14,SKU08,19.0,6631.0,349.0,0
2024-12-15,SKU08,22.0,7678.0,349.0,0
2024-12-16,SKU08,17.0,5933.0,349.0,0
2024-12-17,SKU08,9.0,3141.0,349.0,0
2024-12-18,SKU08,18.0,6282.0,349.0,0
2024-12-19,SKU08,10.0,3490.0,349.0,0
2024-12-20,SKU08,18.0,5652.0,314.0,1
2024-12-21,SKU08,21.0,6594.0,314.0,1
2024-12-22,SKU08,24.0,7536.0,314.0,1
2024-12-23,SKU08,15.0,4710.0,314.0,1
2024-12-24,SKU08,17.0,5338.0,314.0,1
2024-12-25,SKU08,30.0,9420.0,314.0,1
2024-12-26,SKU08,15.0,4710.0,314.0,1
2024-12-27,SKU08,16.0,5024.0,314.0,1
2024-12-28,SKU08,25.0,7850.0,314.0,1
2024-12-29,SKU08,23.0,7222.0,314.0,1
2024-12-30,SKU08,21.0,6594.0,314.0,1
2024-12-31,SKU08,19.0,5966.0,314.0,1
2025-01-01,SKU08,13.0,4537.0,349.0,0
2025-01-02,SKU08,20.0,6980.0,349.0,0
2025-01-03,SKU08,13.0,4537.0,349.0,0
2025-01-04,SKU08,23.0,8027.0,349.0,0
2025-01-05,SKU08,17.0,5933.0,349.0,0
2025-01-06,SKU08,10.0,3490.0,349.0,0
2025-01-07,SKU08,10.0,3490.0,349.0,0
2025-01-08,SKU08,12.0,4188.0,349.0,0
2025-01-09,SKU08,9.0,3141.0,349.0,0
2025-01-10,SKU08,16.0,5584.0,349.0,0
2025-01-11,SKU08,14.0,4886.0,349.0,0
2025-01-12,SKU08,17.0,5933.0,349.0,0
2025-01-13,SKU08,16.0,5584.0,349.0,0
2025-01-14,SKU08,7.0,2443.0,349.0,0
2025-01-15,SKU08,19.0,6631.0,349.0,0
2025-01-16,SKU08,9.0,3141.0,349.0,0
2025-01-17,SKU08,13.0,4537.0,349.0,0
2025-01-18,SKU08,17.0,5933.0,349.0,0
2025-01-19,SKU08,12.0,4188.0,349.0,0
2025-01-20,SKU08,20.0,6280.0,314.0,1
2025-01-21,SKU08,15.0,4710.0,314.0,1
2025-01-22,SKU08,16.0,5024.0,314.0,1
2025-01-23,SKU08,16.0,5024.0,314.0,1
2025-01-24,SKU08,21.0,6594.0,314.0,1
2025-01-25,SKU08,19.0,5966.0,314.0,1
2025-01-26,SKU08,20.0,6280.0,314.0,1
2025-01-27,SKU08,8.0,2792.0,349.0,0
2025-01-28,SKU08,5.0,1745.0,349.0,0
2025-01-29,SKU08,13.0,4537.0,349.0,0
2025-01-30,SKU08,10.0,3490.0,349.0,0
2025-01-31,SKU08,15.0,5235.0,349.0,0
2025-02-01,SKU08,15.0,5235.0,349.0,0
2025-02-02,SKU08,16.0,5584.0,349.0,0
2025-02-03,SKU08,10.0,3490.0,349.0,0
2025-02-04,SKU08,22.0,7678.0,349.0,0
2025-02-05,SKU08,10.0,3490.0,349.0,0
2025-02-06,SKU08,11.0,3839.0,349.0,0
2025-02-07,SKU08,4.0,1396.0,349.0,0
2025-02-08,SKU08,7.0,2443.0,349.0,0
2025-02-09,SKU08,12.0,4188.0,349.0,0
2025-02-10,SKU08,13.0,4537.0,349.0,0
2025-02-11,SKU08,12.0,4188.0,349.0,0
2025-02-12,SKU08,11.0,3839.0,349.0,0
2025-02-13,SKU08,11.0,3839.0,349.0,0
2025-02-14,SKU08,6.0,2094.0,349.0,0
2025-02-15,SKU08,13.0,4537.0,349.0,0
2025-02-16,SKU08,13.0,4537.0,349.0,0
2025-02-17,SKU08,8.0,2792.0,349.0,0
2025-02-18,SKU08,7.0,2443.0,349.0,0
2025-02-19,SKU08,11.0,3839.0,349.0,0
2025-02-20,SKU08,6.0,2094.0,349.0,0
2025-02-21,SKU08,14.0,4886.0,349.0,0
2025-02-22,SKU08,12.0,4188.0,349.0,0
2025-02-23,SKU08,17.0,5933.0,349.0,0
2025-02-24,SKU08,7.0,2443.0,349.0,0
2025-02-25,SKU08,8.0,2792.0,349.0,0
2025-02-26,SKU08,10.0,3490.0,349.0,0
2025-02-27,SKU08,7.0,2443.0,349.0,0
2025-02-28,SKU08,9.0,3141.0,349.0,0
2025-03-01,SKU08,5.0,1745.0,349.0,0
2025-03-02,SKU08,12.0,4188.0,349.0,0
2025-03-03,SKU08,5.0,1745.0,349.0,0
2025-03-04,SKU08,7.0,2443.0,349.0,0
2025-03-05,SKU08,6.0,2094.0,349.0,0
2025-03-06,SKU08,6.0,2094.0,349.0,0
2025-03-07,SKU08,8.0,2792.0,349.0,0
2025-03-08,SKU08,5.0,1745.0,349.0,0
2025-03-09,SKU08,8.0,2792.0,349.0,0
2025-03-10,SKU08,6.0,2094.0,349.0,0
2025-03-11,SKU08,6.0,2094.0,349.0,0
2025-03-12,SKU08,12.0,4188.0,349.0,0
2025-03-13,SKU08,8.0,2792.0,349.0,0
2025-03-14,SKU08,16.0,5584.0,349.0,0
2025-03-15,SKU08,11.0,3839.0,349.0,0
2025-03-16,SKU08,10.0,3490.0,349.0,0
2025-03-17,SKU08,5.0,1745.0,349.0,0
2025-03-18,SKU08,10.0,3490.0,349.0,0
2025-03-19,SKU08,6.0,2094.0,349.0,0
2025-03-20,SKU08,7.0,2443.0,349.0,0
2025-03-21,SKU08,8.0,2792.0,349.0,0
2025-03-22,SKU08,9.0,3141.0,349.0,0
2025-03-23,SKU08,4.0,1396.0,349.0,0
2025-03-24,SKU08,7.0,2443.0,349.0,0
2025-03-25,SKU08,7.0,2443.0,349.0,0
2025-03-26,SKU08,11.0,3839.0,349.0,0
2025-03-27,SKU08,11.0,3839.0,349.0,0
2025-03-28,SKU08,5.0,1745.0,349.0,0
2025-03-29,SKU08,10.0,3490.0,349.0,0
2025-03-30,SKU08,10.0,3490.0,349.0,0
2025-03-31,SKU08,5.0,1745.0,349.0,0
2025-04-01,SKU08,5.0,1745.0,349.0,0
2025-04-02,SKU08,5.0,1745.0,349.0,0
2025-04-03,SKU08,7.0,2443.0,349.0,0
2025-04-04,SKU08,5.0,1745.0,349.0,0
2025-04-05,SKU08,15.0,5235.0,349.0,0
2025-04-06,SKU08,5.0,1745.0,349.0,0
2025-04-07,SKU08,8.0,2792.0,349.0,0
2025-04-08,SKU08,7.0,2443.0,349.0,0
2025-04-09,SKU08,3.0,1047.0,349.0,0
2025-04-10,SKU08,4.0,1396.0,349.0,0
2025-04-11,SKU08,4.0,1396.0,349.0,0
2025-04-12,SKU08,10.0,3490.0,349.0,0
2025-04-13,SKU08,6.0,2094.0,349.0,0
2025-04-14,SKU08,6.0,2094.0,349.0,0
2025-04-15,SKU08,8.0,2792.0,349.0,0
2025-04-16,SKU08,11.0,3839.0,349.0,0
2025-04-17,SKU08,8.0,2792.0,349.0,0
2025-04-18,SKU08,3.0,1047.0,349.0,0
2025-04-19,SKU08,7.0,2443.0,349.0,0
2025-04-20,SKU08,4.0,1396.0,349.0,0
2025-04-21,SKU08,7.0,2443.0,349.0,0
2025-04-22,SKU08,5.0,1745.0,349.0,0
2025-04-23,SKU08,3.0,1047.0,349.0,0
2025-04-24,SKU08,2.0,698.0,349.0,0
2025-04-25,SKU08,6.0,2094.0,349.0,0
2025-04-26,SKU08,2.0,698.0,349.0,0
2025-04-27,SKU08,5.0,1745.0,349.0,0
2025-04-28,SKU08,4.0,1396.0,349.0,0
2025-04-29,SKU08,6.0,2094.0,349.0,0
2025-04-30,SKU08,7.0,2443.0,349.0,0
2025-05-01,SKU08,9.0,3141.0,349.0,0
2025-05-02,SKU08,9.0,3141.0,349.0,0
2025-05-03,SKU08,5.0,1745.0,349.0,0
2025-05-04,SKU08,3.0,1047.0,349.0,0
2025-05-05,SKU08,13.0,4537.0,349.0,0
2025-05-06,SKU08,3.0,1047.0,349.0,0
2025-05-07,SKU08,9.0,3141.0,349.0,0
2025-05-08,SKU08,5.0,1745.0,349.0,0
2025-05-09,SKU08,7.0,2443.0,349.0,0
2025-05-10,SKU08,10.0,3140.0,314.0,1
2025-05-11,SKU08,16.0,5024.0,314.0,1
2025-05-12,SKU08,12.0,3768.0,314.0,1
2025-05-13,SKU08,10.0,3140.0,314.0,1
2025-05-14,SKU08,15.0,4710.0,314.0,1
2025-05-15,SKU08,6.0,1884.0,314.0,1
2025-05-16,SKU08,12.0,3768.0,314.0,1
2025-05-17,SKU08,16.0,5024.0,314.0,1
2025-05-18,SKU08,12.0,3768.0,314.0,1
2025-05-19,SKU08,17.0,5338.0,314.0,1
2025-05-20,SKU08,11.0,3454.0,314.0,1
2025-05-21,SKU08,9.0,3141.0,349.0,0
2025-05-22,SKU08,6.0,2094.0,349.0,0
2025-05-23,SKU08,6.0,2094.0,349.0,0
2025-05-24,SKU08,10.0,3490.0,349.0,0
2025-05-25,SKU08,12.0,4188.0,349.0,0
2025-05-26,SKU08,7.0,2443.0,349.0,0
2025-05-27,SKU08,6.0,2094.0,349.0,0
2025-05-28,SKU08,2.0,698.0,349.0,0
2025-05-29,SKU08,11.0,3839.0,349.0,0
2025-05-30,SKU08,8.0,2792.0,349.0,0
2025-05-31,SKU08,8.0,2792.0,349.0,0
2025-06-01,SKU08,14.0,4886.0,349.0,0
2025-06-02,SKU08,9.0,3141.0,349.0,0
2025-06-03,SKU08,4.0,1396.0,349.0,0
2025-06-04,SKU08,14.0,4886.0,349.0,0
2025-06-05,SKU08,12.0,4188.0,349.0,0
2025-06-06,SKU08,8.0,2792.0,349.0,0
2025-06-07,SKU08,12.0,4188.0,349.0,0
2025-06-08,SKU08,8.0,2792.0,349.0,0
2025-06-09,SKU08,6.0,2094.0,349.0,0
2025-06-10,SKU08,6.0,2094.0,349.0,0
2025-06-11,SKU08,10.0,3490.0,349.0,0
2025-06-12,SKU08,8.0,2792.0,349.0,0
2025-06-13,SKU08,8.0,2792.0,349.0,0
2025-06-14,SKU08,2.0,698.0,349.0,0
2025-06-15,SKU08,10.0,3490.0,349.0,0
2025-06-16,SKU08,8.0,2792.0,349.0,0
2025-06-17,SKU08,5.0,1745.0,349.0,0
2025-06-18,SKU08,8.0,2792.0,349.0,0
2025-06-19,SKU08,4.0,1396.0,349.0,0
2025-06-20,SKU08,7.0,2443.0,349.0,0
2025-06-21,SKU08,4.0,1396.0,349.0,0
2025-06-22,SKU08,10.0,3490.0,349.0,0
2025-06-23,SKU08,8.0,2792.0,349.0,0
2025-06-24,SKU08,10.0,3490.0,349.0,0
2025-06-25,SKU08,3.0,1047.0,349.0,0
2025-06-26,SKU08,3.0,1047.0,349.0,0
2025-06-27,SKU08,10.0,3490.0,349.0,0
2025-06-28,SKU08,10.0,3490.0,349.0,0
2025-06-29,SKU08,9.0,3141.0,349.0,0
2025-06-30,SKU08,12.0,4188.0,349.0,0
2025-07-01,SKU08,8.0,2792.0,349.0,0
2025-07-02,SKU08,6.0,2094.0,349.0,0
2025-07-03,SKU08,6.0,2094.0,349.0,0
2025-07-04,SKU08,10.0,3490.0,349.0,0
2025-07-05,SKU08,15.0,5235.0,349.0,0
2025-07-06,SKU08,9.0,3141.0,349.0,0
2025-07-07,SKU08,3.0,1047.0,349.0,0
2025-07-08,SKU08,16.0,5584.0,349.0,0
2025-07-09,SKU08,10.0,3490.0,349.0,0
2025-07-10,SKU08,8.0,2792.0,349.0,0
2025-07-11,SKU08,11.0,3839.0,349.0,0
2025-07-12,SKU08,10.0,3490.0,349.0,0
2025-07-13,SKU08,9.0,3141.0,349.0,0
2025-07-14,SKU08,10.0,3490.0,349.0,0
2025-07-15,SKU08,14.0,4886.0,349.0,0
2025-07-16,SKU08,12.0,4188.0,349.0,0
2025-07-17,SKU08,11.0,3839.0,349.0,0
2025-07-18,SKU08,12.0,4188.0,349.0,0
2025-07-19,SKU08,10.0,3490.0,349.0,0
2025-07-20,SKU08,16.0,5584.0,349.0,0
2025-07-21,SKU08,9.0,3141.0,349.0,0
2025-07-22,SKU08,15.0,5235.0,349.0,0
2025-07-23,SKU08,11.0,3839.0,349.0,0
2025-07-24,SKU08,18.0,6282.0,349.0,0
2025-07-25,SKU08,8.0,2792.0,349.0,0
2025-07-26,SKU08,17.0,5933.0,349.0,0
2025-07-27,SKU08,16.0,5584.0,349.0,0
2025-07-28,SKU08,6.0,2094.0,349.0,0
2025-07-29,SKU08,16.0,5584.0,349.0,0
2025-07-30,SKU08,12.0,4188.0,349.0,0
2025-07-31,SKU08,12.0,4188.0,349.0,0
2025-08-01,SKU08,12.0,4188.0,349.0,0
2025-08-02,SKU08,8.0,2792.0,349.0,0
2025-08-03,SKU08,24.0,8376.0,349.0,0
2025-08-04,SKU08,13.0,4537.0,349.0,0
2025-08-05,SKU08,13.0,4537.0,349.0,0
2025-08-06,SKU08,12.0,4188.0,349.0,0
2025-08-07,SKU08,16.0,5584.0,349.0,0
2025-08-08,SKU08,14.0,4886.0,349.0,0
2025-08-09,SKU08,13.0,4537.0,349.0,0
2025-08-10,SKU08,15.0,5235.0,349.0,0
2025-08-11,SKU08,8.0,2792.0,349.0,0
2025-08-12,SKU08,14.0,4886.0,349.0,0
2025-08-13,SKU08,7.0,2443.0,349.0,0
2025-08-14,SKU08,7.0,2443.0,349.0,0
2025-08-15,SKU08,14.0,4886.0,349.0,0
2025-08-16,SKU08,9.0,3141.0,349.0,0
2025-08-17,SKU08,13.0,4537.0,349.0,0
2025-08-18,SKU08,15.0,5235.0,349.0,0
2025-08-19,SKU08,14.0,4886.0,349.0,0
2025-08-20,SKU08,11.0,3839.0,349.0,0
2025-08-21,SKU08,9.0,3141.0,349.0,0
2025-08-22,SKU08,17.0,5933.0,349.0,0
2025-08-23,SKU08,20.0,6980.0,349.0,0
2025-08-24,SKU08,19.0,6631.0,349.0,0
2025-08-25,SKU08,11.0,3839.0,349.0,0
2025-08-26,SKU08,13.0,4537.0,349.0,0
2025-08-27,SKU08,12.0,4188.0,349.0,0
2025-08-28,SKU08,11.0,3839.0,349.0,0
2025-08-29,SKU08,13.0,4537.0,349.0,0
2025-08-30,SKU08,22.0,7678.0,349.0,0
2025-08-31,SKU08,16.0,5584.0,349.0,0
2025-09-01,SKU08,18.0,6282.0,349.0,0
2025-09-02,SKU08,15.0,5235.0,349.0,0
2025-09-03,SKU08,12.0,4188.0,349.0,0
2025-09-04,SKU08,9.0,3141.0,349.0,0
2025-09-05,SKU08,18.0,6282.0,349.0,0
2025-09-06,SKU08,24.0,8376.0,349.0,0
2025-09-07,SKU08,18.0,6282.0,349.0,0
2025-09-08,SKU08,16.0,5584.0,349.0,0
2025-09-09,SKU08,25.0,8725.0,349.0,0
2025-09-10,SKU08,17.0,5933.0,349.0,0
2025-09-11,SKU08,16.0,5584.0,349.0,0
2025-09-12,SKU08,10.0,3490.0,349.0,0
2025-09-13,SKU08,19.0,6631.0,349.0,0
2025-09-14,SKU08,22.0,7678.0,349.0,0
2025-09-15,SKU08,13.0,4537.0,349.0,0
2025-09-16,SKU08,9.0,3141.0,349.0,0
2025-09-17,SKU08,15.0,5235.0,349.0,0
2025-09-18,SKU08,16.0,5584.0,349.0,0
2025-09-19,SKU08,11.0,3839.0,349.0,0
2025-09-20,SKU08,12.0,4188.0,349.0,0
2025-09-21,SKU08,16.0,5584.0,349.0,0
2025-09-22,SKU08,13.0,4537.0,349.0,0
2025-09-23,SKU08,15.0,5235.0,349.0,0
2025-09-24,SKU08,22.0,7678.0,349.0,0
2025-09-25,SKU08,19.0,6631.0,349.0,0
2025-09-26,SKU08,19.0,6631.0,349.0,0
2025-09-27,SKU08,23.0,8027.0,349.0,0
2025-09-28,SKU08,15.0,5235.0,349.0,0
2025-09-29,SKU08,16.0,5584.0,349.0,0
2025-09-30,SKU08,20.0,6980.0,349.0,0
2025-10-01,SKU08,17.0,5933.0,349.0,0
2025-10-02,SKU08,17.0,5933.0,349.0,0
2025-10-03,SKU08,11.0,3839.0,349.0,0
2025-10-04,SKU08,23.0,8027.0,349.0,0
2025-10-05,SKU08,27.0,9423.0,349.0,0
2025-10-06,SKU08,19.0,6631.0,349.0,0
2025-10-07,SKU08,13.0,4537.0,349.0,0
2025-10-08,SKU08,14.0,4886.0,349.0,0
2025-10-09,SKU08,12.0,4188.0,349.0,0
2025-10-10,SKU08,27.0,8478.0,314.0,1
2025-10-11,SKU08,33.0,10362.0,314.0,1
2025-10-12,SKU08,26.0,8164.0,314.0,1
2025-10-13,SKU08,20.0,6280.0,314.0,1
2025-10-14,SKU08,22.0,6908.0,314.0,1
2025-10-15,SKU08,30.0,9420.0,314.0,1
2025-10-16,SKU08,36.0,11304.0,314.0,1
2025-10-17,SKU08,25.0,7850.0,314.0,1
2025-10-18,SKU08,27.0,8478.0,314.0,1
2025-10-19,SKU08,28.0,8792.0,314.0,1
2025-10-20,SKU08,19.0,5966.0,314.0,1
2025-10-21,SKU08,15.0,5235.0,349.0,0
2025-10-22,SKU08,18.0,6282.0,349.0,0
2025-10-23,SKU08,17.0,5933.0,349.0,0
2025-10-24,SKU08,19.0,6631.0,349.0,0
2025-10-25,SKU08,26.0,9074.0,349.0,0
2025-10-26,SKU08,13.0,4537.0,349.0,0
2025-10-27,SKU08,13.0,4537.0,349.0,0
2025-10-28,SKU08,27.0,9423.0,349.0,0
2025-10-29,SKU08,14.0,4886.0,349.0,0
2025-10-30,SKU08,17.0,5933.0,349.0,0
2025-10-31,SKU08,18.0,6282.0,349.0,0
2025-11-01,SKU08,24.0,8376.0,349.0,0
2025-11-02,SKU08,21.0,7329.0,349.0,0
2025-11-03,SKU08,21.0,7329.0,349.0,0
2025-11-04,SKU08,13.0,4537.0,349.0,0
2025-11-05,SKU08,16.0,5584.0,349.0,0
2025-11-06,SKU08,17.0,5933.0,349.0,0
2025-11-07,SKU08,20.0,6980.0,349.0,0
2025-11-08,SKU08,22.0,7678.0,349.0,0
2025-11-09,SKU08,20.0,6980.0,349.0,0
2025-11-10,SKU08,21.0,7329.0,349.0,0
2025-11-11,SKU08,11.0,3839.0,349.0,0
2025-11-12,SKU08,19.0,6631.0,349.0,0
2025-11-13,SKU08,26.0,9074.0,349.0,0
2025-11-14,SKU08,16.0,5584.0,349.0,0
2025-11-15,SKU08,18.0,6282.0,349.0,0
2025-11-16,SKU08,15.0,5235.0,349.0,0
2025-11-17,SKU08,12.0,4188.0,349.0,0
2025-11-18,SKU08,17.0,5933.0,349.0,0
2025-11-19,SKU08,20.0,6980.0,349.0,0
2025-11-20,SKU08,13.0,4537.0,349.0,0
2025-11-21,SKU08,18.0,6282.0,349.0,0
2025-11-22,SKU08,14.0,4886.0,349.0,0
2025-11-23,SKU08,17.0,5933.0,349.0,0
2025-11-24,SKU08,21.0,7329.0,349.0,0
2025-11-25,SKU08,12.0,4188.0,349.0,0
2025-11-26,SKU08,18.0,6282.0,349.0,0
2025-11-27,SKU08,17.0,5933.0,349.0,0
2025-11-28,SKU08,12.0,4188.0,349.0,0
2025-11-29,SKU08,13.0,4537.0,349.0,0
2025-11-30,SKU08,18.0,6282.0,349.0,0
2025-12-01,SKU08,18.0,6282.0,349.0,0
2025-12-02,SKU08,19.0,6631.0,349.0,0
2025-12-03,SKU08,15.0,5235.0,349.0,0
2025-12-04,SKU08,19.0,6631.0,349.0,0
2025-12-05,SKU08,21.0,7329.0,349.0,0
2025-12-06,SKU08,20.0,6980.0,349.0,0
2025-12-07,SKU08,23.0,8027.0,349.0,0
2025-12-08,SKU08,17.0,5933.0,349.0,0
2025-12-09,SKU08,18.0,6282.0,349.0,0
2025-12-10,SKU08,9.0,3141.0,349.0,0
2025-12-11,SKU08,28.0,9772.0,349.0,0
2025-12-12,SKU08,22.0,7678.0,349.0,0
2025-12-13,SKU08,18.0,6282.0,349.0,0
2025-12-14,SKU08,21.0,7329.0,349.0,0
2025-12-15,SKU08,14.0,4886.0,349.0,0
2025-12-16,SKU08,18.0,6282.0,349.0,0
2025-12-17,SKU08,16.0,5584.0,349.0,0
2025-12-18,SKU08,13.0,4537.0,349.0,0
2025-12-19,SKU08,12.0,4188.0,349.0,0
2025-12-20,SKU08,26.0,8164.0,314.0,1
2025-12-21,SKU08,31.0,9734.0,314.0,1
2025-12-22,SKU08,22.0,6908.0,314.0,1
2025-12-23,SKU08,23.0,7222.0,314.0,1
2025-12-24,SKU08,18.0,5652.0,314.0,1
2025-12-25,SKU08,32.0,10048.0,314.0,1
2025-12-26,SKU08,27.0,8478.0,314.0,1
2025-12-27,SKU08,29.0,9106.0,314.0,1
2025-12-28,SKU08,26.0,8164.0,314.0,1
2024-01-01,SKU09,2.0,1998.0,999.0,0
2024-01-02,SKU09,0.0,0.0,999.0,0
2024-01-03,SKU09,1.0,999.0,999.0,0
2024-01-04,SKU09,0.0,0.0,999.0,0
2024-01-05,SKU09,0.0,0.0,999.0,0
2024-01-06,SKU09,1.0,999.0,999.0,0
2024-01-07,SKU09,3.0,2997.0,999.0,0
2024-01-08,SKU09,2.0,1998.0,999.0,0
2024-01-09,SKU09,2.0,1998.0,999.0,0
2024-01-10,SKU09,3.0,2997.0,999.0,0
2024-01-11,SKU09,0.0,0.0,999.0,0
2024-01-12,SKU09,0.0,0.0,999.0,0
2024-01-13,SKU09,2.0,1998.0,999.0,0
2024-01-14,SKU09,0.0,0.0,999.0,0
2024-01-15,SKU09,0.0,0.0,999.0,0
2024-01-16,SKU09,0.0,0.0,999.0,0
2024-01-17,SKU09,1.0,999.0,999.0,0
2024-01-18,SKU09,2.0,1998.0,999.0,0
2024-01-19,SKU09,1.0,999.0,999.0,0
2024-01-20,SKU09,0.0,0.0,899.0,1
2024-01-21,SKU09,1.0,899.0,899.0,1
2024-01-22,SKU09,1.0,899.0,899.0,1
2024-01-23,SKU09,3.0,2697.0,899.0,1
2024-01-24,SKU09,2.0,1798.0,899.0,1
2024-01-25,SKU09,2.0,1798.0,899.0,1
2024-01-26,SKU09,2.0,1798.0,899.0,1
2024-01-27,SKU09,3.0,2997.0,999.0,0
2024-01-28,SKU09,3.0,2997.0,999.0,0
2024-01-29,SKU09,1.0,999.0,999.0,0
2024-01-30,SKU09,0.0,0.0,999.0,0
2024-01-31,SKU09,0.0,0.0,999.0,0
2024-02-01,SKU09,0.0,0.0,999.0,0
2024-02-02,SKU09,5.0,4995.0,999.0,0
2024-02-03,SKU09,4.0,3996.0,999.0,0
2024-02-04,SKU09,2.0,1998.0,999.0,0
2024-02-05,SKU09,1.0,999.0,999.0,0
2024-02-06,SKU09,0.0,0.0,999.0,0
2024-02-07,SKU09,1.0,999.0,999.0,0
2024-02-08,SKU09,1.0,999.0,999.0,0
2024-02-09,SKU09,0.0,0.0,999.0,0
2024-02-10,SKU09,1.0,999.0,999.0,0
2024-02-11,SKU09,0.0,0.0,999.0,0
2024-02-12,SKU09,0.0,0.0,999.0,0
2024-02-13,SKU09,1.0,999.0,999.0,0
2024-02-14,SKU09,1.0,999.0,999.0,0
2024-02-15,SKU09,0.0,0.0,999.0,0
2024-02-16,SKU09,0.0,0.0,999.0,0
2024-02-17,SKU09,0.0,0.0,999.0,0
2024-02-18,SKU09,4.0,3996.0,999.0,0
2024-02-19,SKU09,4.0,3996.0,999.0,0
2024-02-20,SKU09,2.0,1998.0,999.0,0
2024-02-21,SKU09,1.0,999.0,999.0,0
2024-02-22,SKU09,2.0,1998.0,999.0,0
2024-02-23,SKU09,0.0,0.0,999.0,0
2024-02-24,SKU09,1.0,999.0,999.0,0
2024-02-25,SKU09,2.0,1998.0,999.0,0
2024-02-26,SKU09,0.0,0.0,999.0,0
2024-02-27,SKU09,1.0,999.0,999.0,0
2024-02-28,SKU09,0.0,0.0,999.0,0
2024-02-29,SKU09,2.0,1998.0,999.0,0
2024-03-01,SKU09,4.0,3996.0,999.0,0
2024-03-02,SKU09,0.0,0.0,999.0,0
2024-03-03,SKU09,1.0,999.0,999.0,0
2024-03-04,SKU09,0.0,0.0,999.0,0
2024-03-05,SKU09,1.0,999.0,999.0,0
2024-03-06,SKU09,1.0,999.0,999.0,0
2024-03-07,SKU09,2.0,1998.0,999.0,0
2024-03-08,SKU09,4.0,3996.0,999.0,0
2024-03-09,SKU09,2.0,1998.0,999.0,0
2024-03-10,SKU09,1.0,999.0,999.0,0
2024-03-11,SKU09,4.0,3996.0,999.0,0
2024-03-12,SKU09,0.0,0.0,999.0,0
2024-03-13,SKU09,1.0,999.0,999.0,0
2024-03-14,SKU09,1.0,999.0,999.0,0
2024-03-15,SKU09,1.0,999.0,999.0,0
2024-03-16,SKU09,1.0,999.0,999.0,0
2024-03-17,SKU09,0.0,0.0,999.0,0
2024-03-18,SKU09,0.0,0.0,999.0,0
2024-03-19,SKU09,2.0,1998.0,999.0,0
2024-03-20,SKU09,0.0,0.0,999.0,0
2024-03-21,SKU09,1.0,999.0,999.0,0
2024-03-22,SKU09,1.0,999.0,999.0,0
2024-03-23,SKU09,2.0,1998.0,999.0,0
2024-03-24,SKU09,2.0,1998.0,999.0,0
2024-03-25,SKU09,3.0,2997.0,999.0,0
2024-03-26,SKU09,3.0,2997.0,999.0,0
2024-03-27,SKU09,1.0,999.0,999.0,0
2024-03-28,SKU09,1.0,999.0,999.0,0
2024-03-29,SKU09,2.0,1998.0,999.0,0
2024-03-30,SKU09,4.0,3996.0,999.0,0
2024-03-31,SKU09,1.0,999.0,999.0,0
2024-04-01,SKU09,4.0,3996.0,999.0,0
2024-04-02,SKU09,3.0,2997.0,999.0,0
2024-04-03,SKU09,2.0,1998.0,999.0,0
2024-04-04,SKU09,0.0,0.0,999.0,0
2024-04-05,SKU09,0.0,0.0,999.0,0
2024-04-06,SKU09,0.0,0.0,999.0,0
2024-04-07,SKU09,1.0,999.0,999.0,0
2024-04-08,SKU09,2.0,1998.0,999.0,0
2024-04-09,SKU09,2.0,1998.0,999.0,0
2024-04-10,SKU09,1.0,999.0,999.0,0
2024-04-11,SKU09,1.0,999.0,999.0,0
2024-04-12,SKU09,3.0,2997.0,999.0,0
2024-04-13,SKU09,1.0,999.0,999.0,0
2024-04-14,SKU09,0.0,0.0,999.0,0
2024-04-15,SKU09,0.0,0.0,999.0,0
2024-04-16,SKU09,0.0,0.0,999.0,0
2024-04-17,SKU09,1.0,999.0,999.0,0
2024-04-18,SKU09,2.0,1998.0,999.0,0
2024-04-19,SKU09,3.0,2997.0,999.0,0
2024-04-20,SKU09,4.0,3996.0,999.0,0
2024-04-21,SKU09,2.0,1998.0,999.0,0
2024-04-22,SKU09,2.0,1998.0,999.0,0
2024-04-23,SKU09,0.0,0.0,999.0,0
2024-04-24,SKU09,2.0,1998.0,999.0,0
2024-04-25,SKU09,4.0,3996.0,999.0,0
2024-04-26,SKU09,1.0,999.0,999.0,0
2024-04-27,SKU09,1.0,999.0,999.0,0
2024-04-28,SKU09,2.0,1998.0,999.0,0
2024-04-29,SKU09,4.0,3996.0,999.0,0
2024-04-30,SKU09,2.0,1998.0,999.0,0
2024-05-01,SKU09,1.0,999.0,999.0,0
2024-05-02,SKU09,3.0,2997.0,999.0,0
2024-05-03,SKU09,6.0,5994.0,999.0,0
2024-05-04,SKU09,3.0,2997.0,999.0,0
2024-05-05,SKU09,3.0,2997.0,999.0,0
2024-05-06,SKU09,2.0,1998.0,999.0,0
2024-05-07,SKU09,7.0,6993.0,999.0,0
2024-05-08,SKU09,0.0,0.0,999.0,0
2024-05-09,SKU09,0.0,0.0,999.0,0
2024-05-10,SKU09,0.0,0.0,899.0,1
2024-05-11,SKU09,1.0,899.0,899.0,1
2024-05-12,SKU09,2.0,1798.0,899.0,1
2024-05-13,SKU09,1.0,899.0,899.0,1
2024-05-14,SKU09,1.0,899.0,899.0,1
2024-05-15,SKU09,5.0,4495.0,899.0,1
2024-05-16,SKU09,3.0,2697.0,899.0,1
2024-05-17,SKU09,2.0,1798.0,899.0,1
2024-05-18,SKU09,3.0,2697.0,899.0,1
2024-05-19,SKU09,3.0,2697.0,899.0,1
2024-05-20,SKU09,1.0,899.0,899.0,1
2024-05-21,SKU09,1.0,999.0,999.0,0
2024-05-22,SKU09,0.0,0.0,999.0,0
2024-05-23,SKU09,2.0,1998.0,999.0,0
2024-05-24,SKU09,0.0,0.0,999.0,0
2024-05-25,SKU09,2.0,1998.0,999.0,0
2024-05-26,SKU09,2.0,1998.0,999.0,0
2024-05-27,SKU09,2.0,1998.0,999.0,0
2024-05-28,SKU09,1.0,999.0,999.0,0
2024-05-29,SKU09,0.0,0.0,999.0,0
2024-05-30,SKU09,0.0,0.0,999.0,0
2024-05-31,SKU09,4.0,3996.0,999.0,0
2024-06-01,SKU09,1.0,999.0,999.0,0
2024-06-02,SKU09,2.0,1998.0,999.0,0
2024-06-03,SKU09,0.0,0.0,999.0,0
2024-06-04,SKU09,2.0,1998.0,999.0,0
2024-06-05,SKU09,4.0,3996.0,999.0,0
2024-06-06,SKU09,2.0,1998.0,999.0,0
2024-06-07,SKU09,1.0,999.0,999.0,0
2024-06-08,SKU09,2.0,1998.0,999.0,0
2024-06-09,SKU09,3.0,2997.0,999.0,0
2024-06-10,SKU09,2.0,1998.0,999.0,0
2024-06-11,SKU09,1.0,999.0,999.0,0
2024-06-12,SKU09,1.0,999.0,999.0,0
2024-06-13,SKU09,2.0,1998.0,999.0,0
2024-06-14,SKU09,1.0,999.0,999.0,0
2024-06-15,SKU09,1.0,999.0,999.0,0
2024-06-16,SKU09,3.0,2997.0,999.0,0
2024-06-17,SKU09,4.0,3996.0,999.0,0
2024-06-18,SKU09,1.0,999.0,999.0,0
2024-06-19,SKU09,2.0,1998.0,999.0,0
2024-06-20,SKU09,2.0,1998.0,999.0,0
2024-06-21,SKU09,2.0,1998.0,999.0,0
2024-06-22,SKU09,0.0,0.0,999.0,0
2024-06-23,SKU09,1.0,999.0,999.0,0
2024-06-24,SKU09,2.0,1998.0,999.0,0
2024-06-25,SKU09,2.0,1998.0,999.0,0
2024-06-26,SKU09,2.0,1998.0,999.0,0
2024-06-27,SKU09,3.0,2997.0,999.0,0
2024-06-28,SKU09,1.0,999.0,999.0,0
2024-06-29,SKU09,5.0,4995.0,999.0,0
2024-06-30,SKU09,0.0,0.0,999.0,0
2024-07-01,SKU09,2.0,1998.0,999.0,0
2024-07-02,SKU09,0.0,0.0,999.0,0
2024-07-03,SKU09,1.0,999.0,999.0,0
2024-07-04,SKU09,1.0,999.0,999.0,0
2024-07-05,SKU09,0.0,0.0,999.0,0
2024-07-06,SKU09,0.0,0.0,999.0,0
2024-07-07,SKU09,1.0,999.0,999.0,0
2024-07-08,SKU09,2.0,1998.0,999.0,0
2024-07-09,SKU09,0.0,0.0,999.0,0
2024-07-10,SKU09,1.0,999.0,999.0,0
2024-07-11,SKU09,3.0,2997.0,999.0,0
2024-07-12,SKU09,1.0,999.0,999.0,0
2024-07-13,SKU09,5.0,4995.0,999.0,0
2024-07-14,SKU09,1.0,999.0,999.0,0
2024-07-15,SKU09,3.0,2997.0,999.0,0
2024-07-16,SKU09,1.0,999.0,999.0,0
2024-07-17,SKU09,2.0,1998.0,999.0,0
2024-07-18,SKU09,0.0,0.0,999.0,0
2024-07-19,SKU09,1.0,999.0,999.0,0
2024-07-20,SKU09,4.0,3996.0,999.0,0
2024-07-21,SKU09,3.0,2997.0,999.0,0
2024-07-22,SKU09,2.0,1998.0,999.0,0
2024-07-23,SKU09,1.0,999.0,999.0,0
2024-07-24,SKU09,1.0,999.0,999.0,0
2024-07-25,SKU09,3.0,2997.0,999.0,0
2024-07-26,SKU09,0.0,0.0,999.0,0
2024-07-27,SKU09,3.0,2997.0,999.0,0
2024-07-28,SKU09,2.0,1998.0,999.0,0
2024-07-29,SKU09,2.0,1998.0,999.0,0
2024-07-30,SKU09,2.0,1998.0,999.0,0
2024-07-31,SKU09,3.0,2997.0,999.0,0
2024-08-01,SKU09,2.0,1998.0,999.0,0
2024-08-02,SKU09,2.0,1998.0,999.0,0
2024-08-03,SKU09,3.0,2997.0,999.0,0
2024-08-04,SKU09,2.0,1998.0,999.0,0
2024-08-05,SKU09,2.0,1998.0,999.0,0
2024-08-06,SKU09,2.0,1998.0,999.0,0
2024-08-07,SKU09,1.0,999.0,999.0,0
2024-08-08,SKU09,3.0,2997.0,999.0,0
2024-08-09,SKU09,5.0,4995.0,999.0,0
2024-08-10,SKU09,4.0,3996.0,999.0,0
2024-08-11,SKU09,3.0,2997.0,999.0,0
2024-08-12,SKU09,0.0,0.0,999.0,0
2024-08-13,SKU09,1.0,999.0,999.0,0
2024-08-14,SKU09,1.0,999.0,999.0,0
2024-08-15,SKU09,4.0,3996.0,999.0,0
2024-08-16,SKU09,1.0,999.0,999.0,0
2024-08-17,SKU09,2.0,1998.0,999.0,0
2024-08-18,SKU09,3.0,2997.0,999.0,0
2024-08-19,SKU09,1.0,999.0,999.0,0
2024-08-20,SKU09,1.0,999.0,999.0,0
2024-08-21,SKU09,2.0,1998.0,999.0,0
2024-08-22,SKU09,0.0,0.0,999.0,0
2024-08-23,SKU09,1.0,999.0,999.0,0
2024-08-24,SKU09,2.0,1998.0,999.0,0
2024-08-25,SKU09,1.0,999.0,999.0,0
2024-08-26,SKU09,3.0,2997.0,999.0,0
2024-08-27,SKU09,1.0,999.0,999.0,0
2024-08-28,SKU09,3.0,2997.0,999.0,0
2024-08-29,SKU09,2.0,1998.0,999.0,0
2024-08-30,SKU09,3.0,2997.0,999.0,0
2024-08-31,SKU09,2.0,1998.0,999.0,0
2024-09-01,SKU09,2.0,1998.0,999.0,0
2024-09-02,SKU09,0.0,0.0,999.0,0
2024-09-03,SKU09,2.0,1998.0,999.0,0
2024-09-04,SKU09,1.0,999.0,999.0,0
2024-09-05,SKU09,3.0,2997.0,999.0,0
2024-09-06,SKU09,0.0,0.0,999.0,0
2024-09-07,SKU09,4.0,3996.0,999.0,0
2024-09-08,SKU09,3.0,2997.0,999.0,0
2024-09-09,SKU09,3.0,2997.0,999.0,0
2024-09-10,SKU09,1.0,999.0,999.0,0
2024-09-11,SKU09,0.0,0.0,999.0,0
2024-09-12,SKU09,2.0,1998.0,999.0,0
2024-09-13,SKU09,3.0,2997.0,999.0,0
2024-09-14,SKU09,2.0,1998.0,999.0,0
2024-09-15,SKU09,1.0,999.0,999.0,0
2024-09-16,SKU09,1.0,999.0,999.0,0
2024-09-17,SKU09,1.0,999.0,999.0,0
2024-09-18,SKU09,1.0,999.0,999.0,0
2024-09-19,SKU09,2.0,1998.0,999.0,0
2024-09-20,SKU09,1.0,999.0,999.0,0
2024-09-21,SKU09,1.0,999.0,999.0,0
2024-09-22,SKU09,2.0,1998.0,999.0,0
2024-09-23,SKU09,1.0,999.0,999.0,0
2024-09-24,SKU09,1.0,999.0,999.0,0
2024-09-25,SKU09,1.0,999.0,999.0,0
2024-09-26,SKU09,6.0,5994.0,999.0,0
2024-09-27,SKU09,1.0,999.0,999.0,0
2024-09-28,SKU09,5.0,4995.0,999.0,0
2024-09-29,SKU09,3.0,2997.0,999.0,0
2024-09-30,SKU09,1.0,999.0,999.0,0
2024-10-01,SKU09,2.0,1998.0,999.0,0
2024-10-02,SKU09,3.0,2997.0,999.0,0
2024-10-03,SKU09,4.0,3996.0,999.0,0
2024-10-04,SKU09,1.0,999.0,999.0,0
2024-10-05,SKU09,1.0,999.0,999.0,0
2024-10-06,SKU09,4.0,3996.0,999.0,0
2024-10-07,SKU09,3.0,2997.0,999.0,0
2024-10-08,SKU09,0.0,0.0,999.0,0
2024-10-09,SKU09,1.0,999.0,999.0,0
2024-10-10,SKU09,2.0,1998.0,999.0,0
2024-10-11,SKU09,0.0,0.0,999.0,0
2024-10-12,SKU09,2.0,1998.0,999.0,0
2024-10-13,SKU09,0.0,0.0,999.0,0
2024-10-14,SKU09,2.0,1998.0,999.0,0
2024-10-15,SKU09,3.0,2997.0,999.0,0
2024-10-16,SKU09,1.0,999.0,999.0,0
2024-10-17,SKU09,2.0,1998.0,999.0,0
2024-10-18,SKU09,0.0,0.0,999.0,0
2024-10-19,SKU09,0.0,0.0,999.0,0
2024-10-20,SKU09,0.0,0.0,999.0,0
2024-10-21,SKU09,1.0,999.0,999.0,0
2024-10-22,SKU09,1.0,899.0,899.0,1
2024-10-23,SKU09,4.0,3596.0,899.0,1
2024-10-24,SKU09,1.0,899.0,899.0,1
2024-10-25,SKU09,4.0,3596.0,899.0,1
2024-10-26,SKU09,0.0,0.0,899.0,1
2024-10-27,SKU09,2.0,1798.0,899.0,1
2024-10-28,SKU09,4.0,3596.0,899.0,1
2024-10-29,SKU09,2.0,1798.0,899.0,1
2024-10-30,SKU09,3.0,2697.0,899.0,1
2024-10-31,SKU09,1.0,899.0,899.0,1
2024-11-01,SKU09,6.0,5394.0,899.0,1
2024-11-02,SKU09,3.0,2997.0,999.0,0
2024-11-03,SKU09,4.0,3996.0,999.0,0
2024-11-04,SKU09,3.0,2997.0,999.0,0
2024-11-05,SKU09,2.0,1998.0,999.0,0
2024-11-06,SKU09,1.0,999.0,999.0,0
2024-11-07,SKU09,2.0,1998.0,999.0,0
2024-11-08,SKU09,1.0,999.0,999.0,0
2024-11-09,SKU09,1.0,999.0,999.0,0
2024-11-10,SKU09,3.0,2997.0,999.0,0
2024-11-11,SKU09,1.0,999.0,999.0,0
2024-11-12,SKU09,0.0,0.0,999.0,0
2024-11-13,SKU09,1.0,999.0,999.0,0
2024-11-14,SKU09,2.0,1998.0,999.0,0
2024-11-15,SKU09,1.0,999.0,999.0,0
2024-11-16,SKU09,3.0,2997.0,999.0,0
2024-11-17,SKU09,0.0,0.0,999.0,0
2024-11-18,SKU09,1.0,999.0,999.0,0
2024-11-19,SKU09,1.0,999.0,999.0,0
2024-11-20,SKU09,0.0,0.0,999.0,0
2024-11-21,SKU09,0.0,0.0,999.0,0
2024-11-22,SKU09,6.0,5994.0,999.0,0
2024-11-23,SKU09,2.0,1998.0,999.0,0
2024-11-24,SKU09,2.0,1998.0,999.0,0
2024-11-25,SKU09,1.0,999.0,999.0,0
2024-11-26,SKU09,4.0,3996.0,999.0,0
2024-11-27,SKU09,2.0,1998.0,999.0,0
2024-11-28,SKU09,1.0,999.0,999.0,0
2024-11-29,SKU09,2.0,1998.0,999.0,0
2024-11-30,SKU09,2.0,1998.0,999.0,0
2024-12-01,SKU09,1.0,999.0,999.0,0
2024-12-02,SKU09,1.0,999.0,999.0,0
2024-12-03,SKU09,1.0,999.0,999.0,0
2024-12-04,SKU09,0.0,0.0,999.0,0
2024-12-05,SKU09,4.0,3996.0,999.0,0
2024-12-06,SKU09,1.0,999.0,999.0,0
2024-12-07,SKU09,1.0,999.0,999.0,0
2024-12-08,SKU09,2.0,1998.0,999.0,0
2024-12-09,SKU09,0.0,0.0,999.0,0
2024-12-10,SKU09,1.0,999.0,999.0,0
2024-12-11,SKU09,2.0,1998.0,999.0,0
2024-12-12,SKU09,0.0,0.0,999.0,0
2024-12-13,SKU09,1.0,999.0,999.0,0
2024-12-14,SKU09,3.0,2997.0,999.0,0
2024-12-15,SKU09,1.0,999.0,999.0,0
2024-12-16,SKU09,2.0,1998.0,999.0,0
2024-12-17,SKU09,3.0,2997.0,999.0,0
2024-12-18,SKU09,2.0,1998.0,999.0,0
2024-12-19,SKU09,1.0,999.0,999.0,0
2024-12-20,SKU09,2.0,1798.0,899.0,1
2024-12-21,SKU09,2.0,1798.0,899.0,1
2024-12-22,SKU09,1.0,899.0,899.0,1
2024-12-23,SKU09,1.0,899.0,899.0,1
2024-12-24,SKU09,1.0,899.0,899.0,1
2024-12-25,SKU09,2.0,1798.0,899.0,1
2024-12-26,SKU09,1.0,899.0,899.0,1
2024-12-27,SKU09,2.0,1798.0,899.0,1
2024-12-28,SKU09,2.0,1798.0,899.0,1
2024-12-29,SKU09,3.0,2697.0,899.0,1
2024-12-30,SKU09,2.0,1798.0,899.0,1
2024-12-31,SKU09,1.0,899.0,899.0,1
2025-01-01,SKU09,1.0,999.0,999.0,0
2025-01-02,SKU09,2.0,1998.0,999.0,0
2025-01-03,SKU09,0.0,0.0,999.0,0
2025-01-04,SKU09,2.0,1998.0,999.0,0
2025-01-05,SKU09,1.0,999.0,999.0,0
2025-01-06,SKU09,0.0,0.0,999.0,0
2025-01-07,SKU09,0.0,0.0,999.0,0
2025-01-08,SKU09,4.0,3996.0,999.0,0
2025-01-09,SKU09,1.0,999.0,999.0,0
2025-01-10,SKU09,1.0,999.0,999.0,0
2025-01-11,SKU09,1.0,999.0,999.0,0
2025-01-12,SKU09,1.0,999.0,999.0,0
2025-01-13,SKU09,0.0,0.0,999.0,0
2025-01-14,SKU09,2.0,1998.0,999.0,0
2025-01-15,SKU09,2.0,1998.0,999.0,0
2025-01-16,SKU09,2.0,1998.0,999.0,0
2025-01-17,SKU09,5.0,4995.0,999.0,0
2025-01-18,SKU09,5.0,4995.0,,0
2025-01-19,SKU09,0.0,0.0,999.0,0
2025-01-20,SKU09,3.0,2697.0,899.0,1
2025-01-21,SKU09,2.0,1798.0,899.0,1
2025-01-22,SKU09,4.0,3596.0,899.0,1
2025-01-23,SKU09,2.0,1798.0,899.0,1
2025-01-24,SKU09,3.0,2697.0,899.0,1
2025-01-25,SKU09,3.0,2697.0,899.0,1
2025-01-26,SKU09,4.0,3596.0,899.0,1
2025-01-27,SKU09,1.0,999.0,999.0,0
2025-01-28,SKU09,2.0,1998.0,999.0,0
2025-01-29,SKU09,0.0,0.0,999.0,0
2025-01-30,SKU09,0.0,0.0,999.0,0
2025-01-31,SKU09,1.0,999.0,999.0,0
2025-02-01,SKU09,2.0,1998.0,999.0,0
2025-02-02,SKU09,3.0,2997.0,999.0,0
2025-02-03,SKU09,2.0,1998.0,999.0,0
2025-02-04,SKU09,3.0,2997.0,999.0,0
2025-02-05,SKU09,1.0,999.0,999.0,0
2025-02-06,SKU09,2.0,1998.0,999.0,0
2025-02-07,SKU09,1.0,999.0,999.0,0
2025-02-08,SKU09,1.0,999.0,999.0,0
2025-02-09,SKU09,3.0,2997.0,999.0,0
2025-02-10,SKU09,2.0,1998.0,999.0,0
2025-02-11,SKU09,1.0,999.0,999.0,0
2025-02-12,SKU09,2.0,1998.0,999.0,0
2025-02-13,SKU09,3.0,2997.0,999.0,0
2025-02-14,SKU09,0.0,0.0,999.0,0
2025-02-15,SKU09,6.0,5994.0,999.0,0
2025-02-16,SKU09,2.0,1998.0,999.0,0
2025-02-17,SKU09,2.0,1998.0,999.0,0
2025-02-18,SKU09,1.0,999.0,999.0,0
2025-02-19,SKU09,2.0,1998.0,999.0,0
2025-02-20,SKU09,0.0,0.0,999.0,0
2025-02-21,SKU09,3.0,2997.0,999.0,0
2025-02-22,SKU09,3.0,2997.0,999.0,0
2025-02-23,SKU09,4.0,3996.0,999.0,0
2025-02-24,SKU09,2.0,1998.0,999.0,0
2025-02-25,SKU09,0.0,0.0,999.0,0
2025-02-26,SKU09,2.0,1998.0,999.0,0
2025-02-27,SKU09,2.0,1998.0,999.0,0
2025-02-28,SKU09,0.0,0.0,999.0,0
2025-03-01,SKU09,2.0,1998.0,999.0,0
2025-03-02,SKU09,6.0,5994.0,999.0,0
2025-03-03,SKU09,1.0,999.0,999.0,0
2025-03-04,SKU09,0.0,0.0,999.0,0
2025-03-05,SKU09,0.0,0.0,999.0,0
2025-03-06,SKU09,1.0,999.0,999.0,0
2025-03-07,SKU09,3.0,2997.0,999.0,0
2025-03-08,SKU09,3.0,2997.0,999.0,0
2025-03-09,SKU09,2.0,1998.0,999.0,0
2025-03-10,SKU09,1.0,999.0,999.0,0
2025-03-11,SKU09,1.0,999.0,999.0,0
2025-03-12,SKU09,1.0,999.0,999.0,0
2025-03-13,SKU09,0.0,0.0,999.0,0
2025-03-14,SKU09,2.0,1998.0,999.0,0
2025-03-15,SKU09,4.0,3996.0,999.0,0
2025-03-16,SKU09,2.0,1998.0,999.0,0
2025-03-17,SKU09,2.0,1998.0,999.0,0
2025-03-18,SKU09,0.0,0.0,999.0,0
2025-03-19,SKU09,0.0,0.0,999.0,0
2025-03-20,SKU09,0.0,0.0,999.0,0
2025-03-21,SKU09,1.0,999.0,999.0,0
2025-03-22,SKU09,1.0,999.0,999.0,0
2025-03-23,SKU09,2.0,1998.0,999.0,0
2025-03-24,SKU09,3.0,2997.0,999.0,0
2025-03-25,SKU09,1.0,999.0,999.0,0
2025-03-26,SKU09,4.0,3996.0,999.0,0
2025-03-27,SKU09,2.0,1998.0,999.0,0
2025-03-28,SKU09,2.0,1998.0,999.0,0
2025-03-29,SKU09,2.0,1998.0,999.0,0
2025-03-30,SKU09,1.0,999.0,999.0,0
2025-03-31,SKU09,0.0,0.0,999.0,0
2025-04-01,SKU09,2.0,1998.0,999.0,0
2025-04-02,SKU09,1.0,999.0,999.0,0
2025-04-03,SKU09,1.0,999.0,999.0,0
2025-04-04,SKU09,5.0,4995.0,999.0,0
2025-04-05,SKU09,2.0,1998.0,999.0,0
2025-04-06,SKU09,1.0,999.0,999.0,0
2025-04-07,SKU09,2.0,1998.0,999.0,0
2025-04-08,SKU09,1.0,999.0,999.0,0
2025-04-09,SKU09,0.0,0.0,999.0,0
2025-04-10,SKU09,1.0,999.0,999.0,0
2025-04-11,SKU09,1.0,999.0,999.0,0
2025-04-12,SKU09,3.0,2997.0,999.0,0
2025-04-13,SKU09,1.0,999.0,999.0,0
2025-04-14,SKU09,4.0,3996.0,999.0,0
2025-04-15,SKU09,2.0,1998.0,999.0,0
2025-04-16,SKU09,1.0,999.0,999.0,0
2025-04-17,SKU09,1.0,999.0,999.0,0
2025-04-18,SKU09,0.0,0.0,999.0,0
2025-04-19,SKU09,4.0,3996.0,999.0,0
2025-04-20,SKU09,2.0,1998.0,999.0,0
2025-04-21,SKU09,0.0,0.0,999.0,0
2025-04-22,SKU09,1.0,999.0,999.0,0
2025-04-23,SKU09,1.0,999.0,999.0,0
2025-04-24,SKU09,0.0,0.0,999.0,0
2025-04-25,SKU09,2.0,1998.0,999.0,0
2025-04-26,SKU09,1.0,999.0,999.0,0
2025-04-27,SKU09,4.0,3996.0,999.0,0
2025-04-28,SKU09,3.0,2997.0,999.0,0
2025-04-29,SKU09,3.0,2997.0,999.0,0
2025-04-30,SKU09,1.0,999.0,999.0,0
2025-05-01,SKU09,1.0,999.0,999.0,0
2025-05-02,SKU09,2.0,1998.0,999.0,0
2025-05-03,SKU09,3.0,2997.0,999.0,0
2025-05-04,SKU09,1.0,999.0,999.0,0
2025-05-05,SKU09,1.0,999.0,999.0,0
2025-05-06,SKU09,1.0,999.0,999.0,0
2025-05-07,SKU09,3.0,2997.0,999.0,0
2025-05-08,SKU09,1.0,999.0,999.0,0
2025-05-09,SKU09,2.0,1998.0,999.0,0
2025-05-10,SKU09,3.0,2697.0,899.0,1
2025-05-11,SKU09,2.0,1798.0,899.0,1
2025-05-12,SKU09,5.0,4495.0,899.0,1
2025-05-13,SKU09,4.0,3596.0,899.0,1
2025-05-14,SKU09,6.0,5394.0,899.0,1
2025-05-15,SKU09,0.0,0.0,899.0,1
2025-05-16,SKU09,4.0,3596.0,899.0,1
2025-05-17,SKU09,0.0,0.0,899.0,1
2025-05-18,SKU09,6.0,5394.0,899.0,1
2025-05-19,SKU09,2.0,1798.0,899.0,1
2025-05-20,SKU09,1.0,899.0,899.0,1
2025-05-21,SKU09,1.0,999.0,999.0,0
2025-05-22,SKU09,1.0,999.0,999.0,0
2025-05-23,SKU09,1.0,999.0,999.0,0
2025-05-24,SKU09,4.0,3996.0,999.0,0
2025-05-25,SKU09,1.0,999.0,999.0,0
2025-05-26,SKU09,3.0,2997.0,999.0,0
2025-05-27,SKU09,1.0,999.0,999.0,0
2025-05-28,SKU09,4.0,3996.0,999.0,0
2025-05-29,SKU09,5.0,4995.0,999.0,0
2025-05-30,SKU09,3.0,2997.0,999.0,0
2025-05-31,SKU09,2.0,1998.0,999.0,0
2025-06-01,SKU09,1.0,999.0,999.0,0
2025-06-02,SKU09,1.0,999.0,999.0,0
2025-06-03,SKU09,2.0,1998.0,999.0,0
2025-06-04,SKU09,0.0,0.0,999.0,0
2025-06-05,SKU09,3.0,2997.0,999.0,0
2025-06-06,SKU09,0.0,0.0,999.0,0
2025-06-07,SKU09,1.0,999.0,999.0,0
2025-06-08,SKU09,4.0,3996.0,999.0,0
2025-06-09,SKU09,1.0,999.0,999.0,0
2025-06-10,SKU09,1.0,999.0,999.0,0
2025-06-11,SKU09,2.0,1998.0,999.0,0
2025-06-12,SKU09,2.0,1998.0,999.0,0
2025-06-13,SKU09,3.0,2997.0,999.0,0
2025-06-14,SKU09,1.0,999.0,999.0,0
2025-06-15,SKU09,0.0,0.0,999.0,0
2025-06-16,SKU09,1.0,999.0,999.0,0
2025-06-17,SKU09,1.0,999.0,999.0,0
2025-06-18,SKU09,3.0,2997.0,999.0,0
2025-06-19,SKU09,1.0,999.0,999.0,0
2025-06-20,SKU09,0.0,0.0,999.0,0
2025-06-21,SKU09,1.0,999.0,999.0,0
2025-06-22,SKU09,5.0,4995.0,999.0,0
2025-06-23,SKU09,1.0,999.0,999.0,0
2025-06-24,SKU09,2.0,1998.0,999.0,0
2025-06-25,SKU09,3.0,2997.0,999.0,0
2025-06-26,SKU09,1.0,999.0,999.0,0
2025-06-27,SKU09,0.0,0.0,999.0,0
2025-06-28,SKU09,5.0,4995.0,999.0,0
2025-06-29,SKU09,3.0,2997.0,999.0,0
2025-06-30,SKU09,1.0,999.0,999.0,0
2025-07-01,SKU09,2.0,1998.0,999.0,0
2025-07-02,SKU09,5.0,4995.0,999.0,0
2025-07-03,SKU09,1.0,999.0,999.0,0
2025-07-04,SKU09,0.0,0.0,999.0,0
2025-07-05,SKU09,1.0,999.0,999.0,0
2025-07-06,SKU09,2.0,1998.0,999.0,0
2025-07-07,SKU09,5.0,4995.0,999.0,0
2025-07-08,SKU09,3.0,2997.0,999.0,0
2025-07-09,SKU09,1.0,999.0,999.0,0
2025-07-10,SKU09,4.0,3996.0,999.0,0
2025-07-11,SKU09,2.0,1998.0,999.0,0
2025-07-12,SKU09,2.0,1998.0,999.0,0
2025-07-13,SKU09,3.0,2997.0,999.0,0
2025-07-14,SKU09,0.0,0.0,999.0,0
2025-07-15,SKU09,2.0,1998.0,999.0,0
2025-07-16,SKU09,3.0,2997.0,999.0,0
2025-07-17,SKU09,2.0,1998.0,999.0,0
2025-07-18,SKU09,6.0,5994.0,999.0,0
2025-07-19,SKU09,2.0,1998.0,999.0,0
2025-07-20,SKU09,4.0,3996.0,999.0,0
2025-07-21,SKU09,1.0,999.0,999.0,0
2025-07-22,SKU09,0.0,0.0,999.0,0
2025-07-23,SKU09,5.0,4995.0,999.0,0
2025-07-24,SKU09,1.0,999.0,999.0,0
2025-07-25,SKU09,2.0,1998.0,999.0,0
2025-07-26,SKU09,1.0,999.0,999.0,0
2025-07-27,SKU09,3.0,2997.0,999.0,0
2025-07-28,SKU09,0.0,0.0,999.0,0
2025-07-29,SKU09,2.0,1998.0,999.0,0
2025-07-30,SKU09,2.0,1998.0,999.0,0
2025-07-31,SKU09,2.0,1998.0,999.0,0
2025-08-01,SKU09,1.0,999.0,999.0,0
2025-08-02,SKU09,2.0,1998.0,999.0,0
2025-08-03,SKU09,2.0,1998.0,999.0,0
2025-08-04,SKU09,1.0,999.0,999.0,0
2025-08-05,SKU09,1.0,999.0,999.0,0
2025-08-06,SKU09,0.0,0.0,999.0,0
2025-08-07,SKU09,3.0,2997.0,999.0,0
2025-08-08,SKU09,4.0,3996.0,999.0,0
2025-08-09,SKU09,6.0,5994.0,999.0,0
2025-08-10,SKU09,3.0,2997.0,999.0,0
2025-08-11,SKU09,2.0,1998.0,999.0,0
2025-08-12,SKU09,1.0,999.0,999.0,0
2025-08-13,SKU09,1.0,999.0,999.0,0
2025-08-14,SKU09,0.0,0.0,999.0,0
2025-08-15,SKU09,0.0,0.0,999.0,0
2025-08-16,SKU09,2.0,1998.0,999.0,0
2025-08-17,SKU09,0.0,0.0,999.0,0
2025-08-18,SKU09,3.0,2997.0,999.0,0
2025-08-19,SKU09,1.0,999.0,999.0,0
2025-08-20,SKU09,2.0,1998.0,999.0,0
2025-08-21,SKU09,0.0,0.0,999.0,0
2025-08-22,SKU09,1.0,999.0,999.0,0
2025-08-23,SKU09,1.0,999.0,999.0,0
2025-08-24,SKU09,1.0,999.0,999.0,0
2025-08-25,SKU09,1.0,999.0,999.0,0
2025-08-26,SKU09,1.0,999.0,999.0,0
2025-08-27,SKU09,2.0,1998.0,999.0,0
2025-08-28,SKU09,1.0,999.0,999.0,0
2025-08-29,SKU09,2.0,1998.0,999.0,0
2025-08-30,SKU09,2.0,1998.0,999.0,0
2025-08-31,SKU09,2.0,1998.0,999.0,0
2025-09-01,SKU09,0.0,0.0,999.0,0
2025-09-02,SKU09,0.0,0.0,999.0,0
2025-09-03,SKU09,3.0,2997.0,999.0,0
2025-09-04,SKU09,4.0,3996.0,999.0,0
2025-09-05,SKU09,1.0,999.0,999.0,0
2025-09-06,SKU09,0.0,0.0,999.0,0
2025-09-07,SKU09,4.0,3996.0,999.0,0
2025-09-08,SKU09,0.0,0.0,999.0,0
2025-09-09,SKU09,1.0,999.0,999.0,0
2025-09-10,SKU09,1.0,999.0,999.0,0
2025-09-11,SKU09,0.0,0.0,999.0,0
2025-09-12,SKU09,1.0,999.0,999.0,0
2025-09-13,SKU09,0.0,0.0,999.0,0
2025-09-14,SKU09,3.0,2997.0,999.0,0
2025-09-15,SKU09,1.0,999.0,999.0,0
2025-09-16,SKU09,3.0,2997.0,999.0,0
2025-09-17,SKU09,4.0,3996.0,999.0,0
2025-09-18,SKU09,0.0,0.0,999.0,0
2025-09-19,SKU09,3.0,2997.0,999.0,0
2025-09-20,SKU09,1.0,999.0,999.0,0
2025-09-21,SKU09,2.0,1998.0,999.0,0
2025-09-22,SKU09,3.0,2997.0,999.0,0
2025-09-23,SKU09,1.0,999.0,999.0,0
2025-09-24,SKU09,4.0,3996.0,999.0,0
2025-09-25,SKU09,2.0,1998.0,999.0,0
2025-09-26,SKU09,,2997.0,999.0,0
2025-09-27,SKU09,2.0,1998.0,999.0,0
2025-09-28,SKU09,3.0,2997.0,999.0,0
2025-09-29,SKU09,3.0,2997.0,999.0,0
2025-09-30,SKU09,1.0,999.0,999.0,0
2025-10-01,SKU09,1.0,999.0,999.0,0
2025-10-02,SKU09,3.0,2997.0,999.0,0
2025-10-03,SKU09,2.0,1998.0,999.0,0
2025-10-04,SKU09,2.0,1998.0,999.0,0
2025-10-05,SKU09,7.0,6993.0,999.0,0
2025-10-06,SKU09,4.0,3996.0,999.0,0
2025-10-07,SKU09,2.0,1998.0,999.0,0
2025-10-08,SKU09,2.0,1998.0,999.0,0
2025-10-09,SKU09,2.0,1998.0,999.0,0
2025-10-10,SKU09,4.0,3596.0,899.0,1
2025-10-11,SKU09,4.0,3596.0,899.0,1
2025-10-12,SKU09,1.0,899.0,899.0,1
2025-10-13,SKU09,2.0,1798.0,899.0,1
2025-10-14,SKU09,1.0,899.0,899.0,1
2025-10-15,SKU09,1.0,899.0,899.0,1
2025-10-16,SKU09,1.0,899.0,899.0,1
2025-10-17,SKU09,3.0,2697.0,899.0,1
2025-10-18,SKU09,4.0,3596.0,899.0,1
2025-10-19,SKU09,2.0,1798.0,899.0,1
2025-10-20,SKU09,3.0,2697.0,899.0,1
2025-10-21,SKU09,1.0,999.0,999.0,0
2025-10-22,SKU09,3.0,2997.0,999.0,0
2025-10-23,SKU09,1.0,999.0,999.0,0
2025-10-24,SKU09,0.0,0.0,999.0,0
2025-10-25,SKU09,4.0,3996.0,999.0,0
2025-10-26,SKU09,0.0,0.0,999.0,0
2025-10-27,SKU09,1.0,999.0,999.0,0
2025-10-28,SKU09,0.0,0.0,999.0,0
2025-10-29,SKU09,2.0,1998.0,999.0,0
2025-10-30,SKU09,1.0,999.0,999.0,0
2025-10-31,SKU09,2.0,1998.0,999.0,0
2025-11-01,SKU09,1.0,999.0,999.0,0
2025-11-02,SKU09,3.0,2997.0,999.0,0
2025-11-03,SKU09,0.0,0.0,999.0,0
2025-11-04,SKU09,0.0,0.0,999.0,0
2025-11-05,SKU09,2.0,1998.0,999.0,0
2025-11-06,SKU09,3.0,2997.0,999.0,0
2025-11-07,SKU09,3.0,2997.0,999.0,0
2025-11-08,SKU09,1.0,999.0,999.0,0
2025-11-09,SKU09,1.0,999.0,999.0,0
2025-11-10,SKU09,1.0,999.0,999.0,0
2025-11-11,SKU09,0.0,0.0,999.0,0
2025-11-12,SKU09,0.0,0.0,999.0,0
2025-11-13,SKU09,3.0,2997.0,999.0,0
2025-11-14,SKU09,1.0,999.0,999.0,0
2025-11-15,SKU09,4.0,3996.0,999.0,0
2025-11-16,SKU09,2.0,1998.0,999.0,0
2025-11-17,SKU09,1.0,999.0,999.0,0
2025-11-18,SKU09,0.0,0.0,999.0,0
2025-11-19,SKU09,1.0,999.0,999.0,0
2025-11-20,SKU09,2.0,1998.0,999.0,0
2025-11-21,SKU09,0.0,0.0,999.0,0
2025-11-22,SKU09,1.0,999.0,999.0,0
2025-11-23,SKU09,1.0,999.0,999.0,0
2025-11-24,SKU09,0.0,0.0,999.0,0
2025-11-25,SKU09,2.0,1998.0,999.0,0
2025-11-26,SKU09,1.0,999.0,999.0,0
2025-11-27,SKU09,0.0,0.0,999.0,0
2025-11-28,SKU09,2.0,1998.0,999.0,0
2025-11-29,SKU09,1.0,999.0,999.0,0
2025-11-30,SKU09,3.0,2997.0,999.0,0
2025-12-01,SKU09,2.0,1998.0,999.0,0
2025-12-02,SKU09,2.0,1998.0,999.0,0
2025-12-03,SKU09,3.0,2997.0,999.0,0
2025-12-04,SKU09,1.0,999.0,999.0,0
2025-12-05,SKU09,1.0,999.0,999.0,0
2025-12-06,SKU09,4.0,3996.0,999.0,0
2025-12-07,SKU09,2.0,1998.0,999.0,0
2025-12-08,SKU09,1.0,999.0,999.0,0
2025-12-09,SKU09,3.0,2997.0,999.0,0
2025-12-10,SKU09,3.0,2997.0,999.0,0
2025-12-11,SKU09,2.0,1998.0,999.0,0
2025-12-12,SKU09,2.0,1998.0,999.0,0
2025-12-13,SKU09,2.0,1998.0,999.0,0
2025-12-14,SKU09,3.0,2997.0,999.0,0
2025-12-15,SKU09,0.0,0.0,999.0,0
2025-12-16,SKU09,3.0,2997.0,999.0,0
2025-12-17,SKU09,3.0,2997.0,999.0,0
2025-12-18,SKU09,4.0,3996.0,999.0,0
2025-12-19,SKU09,1.0,999.0,999.0,0
2025-12-20,SKU09,5.0,4495.0,899.0,1
2025-12-21,SKU09,2.0,1798.0,899.0,1
2025-12-22,SKU09,1.0,899.0,899.0,1
2025-12-23,SKU09,2.0,1798.0,899.0,1
2025-12-24,SKU09,2.0,1798.0,899.0,1
2025-12-25,SKU09,3.0,2697.0,899.0,1
2025-12-26,SKU09,1.0,899.0,899.0,1
2025-12-27,SKU09,3.0,2697.0,899.0,1
2025-12-28,SKU09,5.0,4495.0,899.0,1
2024-01-01,SKU10,5.0,7495.0,1499.0,0
2024-01-02,SKU10,7.0,10493.0,1499.0,0
2024-01-03,SKU10,6.0,8994.0,1499.0,0
2024-01-04,SKU10,5.0,7495.0,1499.0,0
2024-01-05,SKU10,3.0,4497.0,1499.0,0
2024-01-06,SKU10,4.0,5996.0,1499.0,0
2024-01-07,SKU10,10.0,14990.0,1499.0,0
2024-01-08,SKU10,9.0,13491.0,1499.0,0
2024-01-09,SKU10,8.0,11992.0,1499.0,0
2024-01-10,SKU10,3.0,4497.0,1499.0,0
2024-01-11,SKU10,3.0,4497.0,1499.0,0
2024-01-12,SKU10,3.0,4497.0,1499.0,0
2024-01-13,SKU10,7.0,10493.0,1499.0,0
2024-01-14,SKU10,6.0,8994.0,1499.0,0
2024-01-15,SKU10,2.0,2998.0,1499.0,0
2024-01-16,SKU10,6.0,8994.0,1499.0,0
2024-01-17,SKU10,12.0,17988.0,1499.0,0
2024-01-18,SKU10,4.0,5996.0,1499.0,0
2024-01-19,SKU10,5.0,7495.0,1499.0,0
2024-01-20,SKU10,12.0,16188.0,1349.0,1
2024-01-21,SKU10,14.0,18886.0,1349.0,1
2024-01-22,SKU10,3.0,4047.0,1349.0,1
2024-01-23,SKU10,6.0,8094.0,1349.0,1
2024-01-24,SKU10,9.0,12141.0,1349.0,1
2024-01-25,SKU10,9.0,12141.0,1349.0,1
2024-01-26,SKU10,13.0,17537.0,1349.0,1
2024-01-27,SKU10,7.0,10493.0,1499.0,0
2024-01-28,SKU10,8.0,11992.0,1499.0,0
2024-01-29,SKU10,7.0,10493.0,1499.0,0
2024-01-30,SKU10,5.0,7495.0,1499.0,0
2024-01-31,SKU10,2.0,2998.0,1499.0,0
2024-02-01,SKU10,2.0,2998.0,1499.0,0
2024-02-02,SKU10,10.0,14990.0,1499.0,0
2024-02-03,SKU10,2.0,2998.0,1499.0,0
2024-02-04,SKU10,8.0,11992.0,1499.0,0
2024-02-05,SKU10,4.0,5996.0,1499.0,0
2024-02-06,SKU10,4.0,5996.0,1499.0,0
2024-02-07,SKU10,4.0,5996.0,1499.0,0
2024-02-08,SKU10,1.0,1499.0,1499.0,0
2024-02-09,SKU10,3.0,4497.0,1499.0,0
2024-02-10,SKU10,6.0,8994.0,1499.0,0
2024-02-11,SKU10,9.0,13491.0,1499.0,0
2024-02-12,SKU10,8.0,11992.0,1499.0,0
2024-02-13,SKU10,6.0,8994.0,1499.0,0
2024-02-14,SKU10,4.0,5996.0,1499.0,0
2024-02-15,SKU10,10.0,14990.0,1499.0,0
2024-02-16,SKU10,2.0,2998.0,1499.0,0
2024-02-17,SKU10,2.0,2998.0,1499.0,0
2024-02-18,SKU10,6.0,8994.0,1499.0,0
2024-02-19,SKU10,5.0,7495.0,1499.0,0
2024-02-20,SKU10,1.0,1499.0,1499.0,0
2024-02-21,SKU10,5.0,7495.0,1499.0,0
2024-02-22,SKU10,6.0,8994.0,1499.0,0
2024-02-23,SKU10,3.0,4497.0,1499.0,0
2024-02-24,SKU10,7.0,10493.0,1499.0,0
2024-02-25,SKU10,4.0,5996.0,1499.0,0
2024-02-26,SKU10,2.0,2998.0,1499.0,0
2024-02-27,SKU10,2.0,2998.0,1499.0,0
2024-02-28,SKU10,4.0,5996.0,1499.0,0
2024-02-29,SKU10,4.0,5996.0,1499.0,0
2024-03-01,SKU10,0.0,0.0,1499.0,0
2024-03-02,SKU10,8.0,11992.0,1499.0,0
2024-03-03,SKU10,7.0,10493.0,1499.0,0
2024-03-04,SKU10,3.0,4497.0,1499.0,0
2024-03-05,SKU10,6.0,8994.0,1499.0,0
2024-03-06,SKU10,4.0,5996.0,1499.0,0
2024-03-07,SKU10,3.0,4497.0,1499.0,0
2024-03-08,SKU10,5.0,7495.0,1499.0,0
2024-03-09,SKU10,5.0,7495.0,1499.0,0
2024-03-10,SKU10,5.0,7495.0,1499.0,0
2024-03-11,SKU10,3.0,4497.0,1499.0,0
2024-03-12,SKU10,3.0,4497.0,1499.0,0
2024-03-13,SKU10,4.0,5996.0,1499.0,0
2024-03-14,SKU10,5.0,7495.0,1499.0,0
2024-03-15,SKU10,5.0,7495.0,1499.0,0
2024-03-16,SKU10,6.0,8994.0,1499.0,0
2024-03-17,SKU10,8.0,11992.0,1499.0,0
2024-03-18,SKU10,5.0,7495.0,1499.0,0
2024-03-19,SKU10,3.0,4497.0,1499.0,0
2024-03-20,SKU10,2.0,2998.0,1499.0,0
2024-03-21,SKU10,3.0,4497.0,1499.0,0
2024-03-22,SKU10,8.0,11992.0,1499.0,0
2024-03-23,SKU10,10.0,14990.0,1499.0,0
2024-03-24,SKU10,5.0,7495.0,1499.0,0
2024-03-25,SKU10,4.0,5996.0,1499.0,0
2024-03-26,SKU10,8.0,11992.0,1499.0,0
2024-03-27,SKU10,6.0,8994.0,1499.0,0
2024-03-28,SKU10,8.0,11992.0,1499.0,0
2024-03-29,SKU10,6.0,8994.0,1499.0,0
2024-03-30,SKU10,5.0,7495.0,1499.0,0
2024-03-31,SKU10,7.0,10493.0,1499.0,0
2024-04-01,SKU10,1.0,1499.0,1499.0,0
2024-04-02,SKU10,3.0,4497.0,1499.0,0
2024-04-03,SKU10,2.0,2998.0,1499.0,0
2024-04-04,SKU10,5.0,7495.0,1499.0,0
2024-04-05,SKU10,3.0,4497.0,1499.0,0
2024-04-06,SKU10,2.0,2998.0,1499.0,0
2024-04-07,SKU10,5.0,7495.0,1499.0,0
2024-04-08,SKU10,2.0,2998.0,1499.0,0
2024-04-09,SKU10,8.0,11992.0,1499.0,0
2024-04-10,SKU10,3.0,4497.0,1499.0,0
2024-04-11,SKU10,4.0,5996.0,1499.0,0
2024-04-12,SKU10,1.0,1499.0,1499.0,0
2024-04-13,SKU10,4.0,5996.0,1499.0,0
2024-04-14,SKU10,8.0,11992.0,1499.0,0
2024-04-15,SKU10,6.0,8994.0,1499.0,0
2024-04-16,SKU10,4.0,5996.0,1499.0,0
2024-04-17,SKU10,6.0,8994.0,1499.0,0
2024-04-18,SKU10,3.0,4497.0,1499.0,0
2024-04-19,SKU10,4.0,5996.0,1499.0,0
2024-04-20,SKU10,5.0,7495.0,1499.0,0
2024-04-21,SKU10,4.0,5996.0,1499.0,0
2024-04-22,SKU10,2.0,2998.0,1499.0,0
2024-04-23,SKU10,3.0,4497.0,1499.0,0
2024-04-24,SKU10,4.0,5996.0,1499.0,0
2024-04-25,SKU10,6.0,8994.0,1499.0,0
2024-04-26,SKU10,6.0,8994.0,1499.0,0
2024-04-27,SKU10,7.0,10493.0,1499.0,0
2024-04-28,SKU10,5.0,7495.0,1499.0,0
2024-04-29,SKU10,3.0,4497.0,1499.0,0
2024-04-30,SKU10,5.0,7495.0,1499.0,0
2024-05-01,SKU10,5.0,7495.0,1499.0,0
2024-05-02,SKU10,7.0,10493.0,1499.0,0
2024-05-03,SKU10,5.0,7495.0,1499.0,0
2024-05-04,SKU10,8.0,11992.0,1499.0,0
2024-05-05,SKU10,6.0,8994.0,1499.0,0
2024-05-06,SKU10,2.0,2998.0,1499.0,0
2024-05-07,SKU10,6.0,8994.0,1499.0,0
2024-05-08,SKU10,2.0,2998.0,1499.0,0
2024-05-09,SKU10,9.0,13491.0,1499.0,0
2024-05-10,SKU10,6.0,8094.0,1349.0,1
2024-05-11,SKU10,10.0,13490.0,1349.0,1
2024-05-12,SKU10,9.0,12141.0,1349.0,1
2024-05-13,SKU10,3.0,4047.0,1349.0,1
2024-05-14,SKU10,6.0,8094.0,1349.0,1
2024-05-15,SKU10,11.0,14839.0,1349.0,1
2024-05-16,SKU10,7.0,9443.0,1349.0,1
2024-05-17,SKU10,8.0,10792.0,1349.0,1
2024-05-18,SKU10,10.0,13490.0,1349.0,1
2024-05-19,SKU10,10.0,13490.0,1349.0,1
2024-05-20,SKU10,4.0,5396.0,1349.0,1
2024-05-21,SKU10,5.0,7495.0,1499.0,0
2024-05-22,SKU10,3.0,4497.0,1499.0,0
2024-05-23,SKU10,4.0,5996.0,1499.0,0
2024-05-24,SKU10,4.0,5996.0,1499.0,0
2024-05-25,SKU10,8.0,11992.0,1499.0,0
2024-05-26,SKU10,4.0,5996.0,1499.0,0
2024-05-27,SKU10,5.0,7495.0,1499.0,0
2024-05-28,SKU10,5.0,7495.0,1499.0,0
2024-05-29,SKU10,4.0,5996.0,1499.0,0
2024-05-30,SKU10,6.0,8994.0,1499.0,0
2024-05-31,SKU10,2.0,2998.0,1499.0,0
2024-06-01,SKU10,4.0,5996.0,1499.0,0
2024-06-02,SKU10,7.0,10493.0,1499.0,0
2024-06-03,SKU10,4.0,5996.0,1499.0,0
2024-06-04,SKU10,7.0,10493.0,1499.0,0
2024-06-05,SKU10,2.0,2998.0,1499.0,0
2024-06-06,SKU10,5.0,7495.0,1499.0,0
2024-06-07,SKU10,1.0,1499.0,1499.0,0
2024-06-08,SKU10,3.0,4497.0,1499.0,0
2024-06-09,SKU10,6.0,8994.0,1499.0,0
2024-06-10,SKU10,6.0,8994.0,1499.0,0
2024-06-11,SKU10,2.0,2998.0,1499.0,0
2024-06-12,SKU10,7.0,10493.0,1499.0,0
2024-06-13,SKU10,3.0,4497.0,1499.0,0
2024-06-14,SKU10,4.0,5996.0,1499.0,0
2024-06-15,SKU10,5.0,7495.0,1499.0,0
2024-06-16,SKU10,6.0,8994.0,1499.0,0
2024-06-17,SKU10,3.0,4497.0,1499.0,0
2024-06-18,SKU10,4.0,5996.0,1499.0,0
2024-06-19,SKU10,2.0,2998.0,1499.0,0
2024-06-20,SKU10,5.0,7495.0,1499.0,0
2024-06-21,SKU10,1.0,1499.0,1499.0,0
2024-06-22,SKU10,8.0,11992.0,1499.0,0
2024-06-23,SKU10,8.0,11992.0,1499.0,0
2024-06-24,SKU10,3.0,4497.0,1499.0,0
2024-06-25,SKU10,5.0,7495.0,1499.0,0
2024-06-26,SKU10,5.0,7495.0,1499.0,0
2024-06-27,SKU10,6.0,8994.0,1499.0,0
2024-06-28,SKU10,4.0,5996.0,1499.0,0
2024-06-29,SKU10,6.0,8994.0,1499.0,0
2024-06-30,SKU10,8.0,11992.0,1499.0,0
2024-07-01,SKU10,6.0,8994.0,1499.0,0
2024-07-02,SKU10,3.0,4497.0,1499.0,0
2024-07-03,SKU10,5.0,7495.0,1499.0,0
2024-07-04,SKU10,7.0,10493.0,1499.0,0
2024-07-05,SKU10,4.0,5996.0,1499.0,0
2024-07-06,SKU10,2.0,2998.0,1499.0,0
2024-07-07,SKU10,8.0,11992.0,1499.0,0
2024-07-08,SKU10,6.0,8994.0,1499.0,0
2024-07-09,SKU10,4.0,5996.0,1499.0,0
2024-07-10,SKU10,7.0,10493.0,1499.0,0
2024-07-11,SKU10,,4497.0,1499.0,0
2024-07-12,SKU10,2.0,2998.0,1499.0,0
2024-07-13,SKU10,6.0,8994.0,1499.0,0
2024-07-14,SKU10,7.0,10493.0,1499.0,0
2024-07-15,SKU10,4.0,5996.0,1499.0,0
2024-07-16,SKU10,7.0,10493.0,1499.0,0
2024-07-17,SKU10,8.0,11992.0,1499.0,0
2024-07-18,SKU10,6.0,8994.0,1499.0,0
2024-07-19,SKU10,3.0,4497.0,1499.0,0
2024-07-20,SKU10,6.0,8994.0,1499.0,0
2024-07-21,SKU10,4.0,5996.0,1499.0,0
2024-07-22,SKU10,7.0,10493.0,1499.0,0
2024-07-23,SKU10,5.0,7495.0,1499.0,0
2024-07-24,SKU10,4.0,5996.0,1499.0,0
2024-07-25,SKU10,8.0,11992.0,1499.0,0
2024-07-26,SKU10,5.0,7495.0,1499.0,0
2024-07-27,SKU10,5.0,7495.0,1499.0,0
2024-07-28,SKU10,2.0,2998.0,1499.0,0
2024-07-29,SKU10,6.0,8994.0,1499.0,0
2024-07-30,SKU10,9.0,13491.0,1499.0,0
2024-07-31,SKU10,11.0,16489.0,1499.0,0
2024-08-01,SKU10,10.0,14990.0,1499.0,0
2024-08-02,SKU10,4.0,5996.0,1499.0,0
2024-08-03,SKU10,10.0,14990.0,1499.0,0
2024-08-04,SKU10,7.0,10493.0,1499.0,0
2024-08-05,SKU10,6.0,8994.0,1499.0,0
2024-08-06,SKU10,3.0,4497.0,1499.0,0
2024-08-07,SKU10,8.0,11992.0,1499.0,0
2024-08-08,SKU10,3.0,4497.0,1499.0,0
2024-08-09,SKU10,8.0,11992.0,1499.0,0
2024-08-10,SKU10,8.0,11992.0,1499.0,0
2024-08-11,SKU10,9.0,13491.0,1499.0,0
2024-08-12,SKU10,2.0,2998.0,1499.0,0
2024-08-13,SKU10,11.0,16489.0,1499.0,0
2024-08-14,SKU10,5.0,7495.0,1499.0,0
2024-08-15,SKU10,11.0,16489.0,1499.0,0
2024-08-16,SKU10,5.0,7495.0,1499.0,0
2024-08-17,SKU10,6.0,8994.0,1499.0,0
2024-08-18,SKU10,5.0,7495.0,1499.0,0
2024-08-19,SKU10,7.0,10493.0,1499.0,0
2024-08-20,SKU10,6.0,8994.0,1499.0,0
2024-08-21,SKU10,3.0,4497.0,1499.0,0
2024-08-22,SKU10,3.0,4497.0,1499.0,0
2024-08-23,SKU10,3.0,4497.0,1499.0,0
2024-08-24,SKU10,5.0,7495.0,1499.0,0
2024-08-25,SKU10,8.0,11992.0,1499.0,0
2024-08-26,SKU10,5.0,7495.0,1499.0,0
2024-08-27,SKU10,7.0,10493.0,1499.0,0
2024-08-28,SKU10,12.0,17988.0,1499.0,0
2024-08-29,SKU10,6.0,8994.0,1499.0,0
2024-08-30,SKU10,3.0,4497.0,1499.0,0
2024-08-31,SKU10,9.0,13491.0,1499.0,0
2024-09-01,SKU10,13.0,19487.0,1499.0,0
2024-09-02,SKU10,6.0,8994.0,1499.0,0
2024-09-03,SKU10,4.0,5996.0,1499.0,0
2024-09-04,SKU10,4.0,5996.0,1499.0,0
2024-09-05,SKU10,8.0,11992.0,1499.0,0
2024-09-06,SKU10,8.0,11992.0,1499.0,0
2024-09-07,SKU10,11.0,16489.0,1499.0,0
2024-09-08,SKU10,7.0,10493.0,1499.0,0
2024-09-09,SKU10,7.0,10493.0,1499.0,0
2024-09-10,SKU10,5.0,7495.0,1499.0,0
2024-09-11,SKU10,7.0,10493.0,1499.0,0
2024-09-12,SKU10,6.0,8994.0,1499.0,0
2024-09-13,SKU10,8.0,11992.0,1499.0,0
2024-09-14,SKU10,9.0,13491.0,1499.0,0
2024-09-15,SKU10,6.0,8994.0,1499.0,0
2024-09-16,SKU10,10.0,14990.0,1499.0,0
2024-09-17,SKU10,4.0,5996.0,1499.0,0
2024-09-18,SKU10,5.0,7495.0,1499.0,0
2024-09-19,SKU10,5.0,7495.0,1499.0,0
2024-09-20,SKU10,7.0,10493.0,1499.0,0
2024-09-21,SKU10,7.0,10493.0,1499.0,0
2024-09-22,SKU10,11.0,16489.0,1499.0,0
2024-09-23,SKU10,3.0,4497.0,1499.0,0
2024-09-24,SKU10,4.0,5996.0,1499.0,0
2024-09-25,SKU10,7.0,10493.0,1499.0,0
2024-09-26,SKU10,9.0,13491.0,1499.0,0
2024-09-27,SKU10,3.0,4497.0,1499.0,0
2024-09-28,SKU10,4.0,5996.0,1499.0,0
2024-09-29,SKU10,6.0,8994.0,1499.0,0
2024-09-30,SKU10,6.0,8994.0,1499.0,0
2024-10-01,SKU10,7.0,10493.0,1499.0,0
2024-10-02,SKU10,7.0,10493.0,1499.0,0
2024-10-03,SKU10,4.0,5996.0,1499.0,0
2024-10-04,SKU10,6.0,8994.0,1499.0,0
2024-10-05,SKU10,11.0,16489.0,1499.0,0
2024-10-06,SKU10,8.0,11992.0,1499.0,0
2024-10-07,SKU10,7.0,10493.0,1499.0,0
2024-10-08,SKU10,5.0,7495.0,1499.0,0
2024-10-09,SKU10,9.0,13491.0,1499.0,0
2024-10-10,SKU10,6.0,8994.0,1499.0,0
2024-10-11,SKU10,2.0,2998.0,1499.0,0
2024-10-12,SKU10,10.0,14990.0,1499.0,0
2024-10-13,SKU10,10.0,14990.0,1499.0,0
2024-10-14,SKU10,4.0,5996.0,1499.0,0
2024-10-15,SKU10,7.0,10493.0,1499.0,0
2024-10-16,SKU10,8.0,11992.0,1499.0,0
2024-10-17,SKU10,7.0,10493.0,1499.0,0
2024-10-18,SKU10,6.0,8994.0,1499.0,0
2024-10-19,SKU10,7.0,10493.0,1499.0,0
2024-10-20,SKU10,9.0,13491.0,1499.0,0
2024-10-21,SKU10,4.0,5996.0,1499.0,0
2024-10-22,SKU10,8.0,10792.0,1349.0,1
2024-10-23,SKU10,12.0,16188.0,1349.0,1
2024-10-24,SKU10,11.0,14839.0,1349.0,1
2024-10-25,SKU10,9.0,12141.0,1349.0,1
2024-10-26,SKU10,12.0,16188.0,1349.0,1
2024-10-27,SKU10,11.0,14839.0,1349.0,1
2024-10-28,SKU10,7.0,9443.0,1349.0,1
2024-10-29,SKU10,12.0,16188.0,1349.0,1
2024-10-30,SKU10,10.0,13490.0,1349.0,1
2024-10-31,SKU10,9.0,12141.0,1349.0,1
2024-11-01,SKU10,11.0,14839.0,1349.0,1
2024-11-02,SKU10,13.0,19487.0,1499.0,0
2024-11-03,SKU10,3.0,4497.0,1499.0,0
2024-11-04,SKU10,6.0,8994.0,1499.0,0
2024-11-05,SKU10,7.0,10493.0,1499.0,0
2024-11-06,SKU10,6.0,8994.0,1499.0,0
2024-11-07,SKU10,9.0,13491.0,1499.0,0
2024-11-08,SKU10,6.0,8994.0,1499.0,0
2024-11-09,SKU10,4.0,5996.0,1499.0,0
2024-11-10,SKU10,8.0,11992.0,1499.0,0
2024-11-11,SKU10,8.0,11992.0,1499.0,0
2024-11-12,SKU10,7.0,10493.0,1499.0,0
2024-11-13,SKU10,3.0,4497.0,1499.0,0
2024-11-14,SKU10,15.0,22485.0,1499.0,0
2024-11-15,SKU10,8.0,11992.0,1499.0,0
2024-11-16,SKU10,10.0,14990.0,1499.0,0
2024-11-17,SKU10,3.0,4497.0,1499.0,0
2024-11-18,SKU10,4.0,5996.0,1499.0,0
2024-11-19,SKU10,2.0,2998.0,1499.0,0
2024-11-20,SKU10,7.0,10493.0,1499.0,0
2024-11-21,SKU10,8.0,11992.0,1499.0,0
2024-11-22,SKU10,6.0,8994.0,1499.0,0
2024-11-23,SKU10,7.0,10493.0,1499.0,0
2024-11-24,SKU10,8.0,11992.0,1499.0,0
2024-11-25,SKU10,9.0,13491.0,1499.0,0
2024-11-26,SKU10,5.0,7495.0,1499.0,0
2024-11-27,SKU10,5.0,7495.0,1499.0,0
2024-11-28,SKU10,6.0,8994.0,1499.0,0
2024-11-29,SKU10,3.0,4497.0,1499.0,0
2024-11-30,SKU10,10.0,14990.0,1499.0,0
2024-12-01,SKU10,8.0,11992.0,1499.0,0
2024-12-02,SKU10,6.0,8994.0,1499.0,0
2024-12-03,SKU10,7.0,10493.0,1499.0,0
2024-12-04,SKU10,7.0,10493.0,1499.0,0
2024-12-05,SKU10,6.0,8994.0,1499.0,0
2024-12-06,SKU10,7.0,10493.0,1499.0,0
2024-12-07,SKU10,11.0,16489.0,1499.0,0
2024-12-08,SKU10,5.0,7495.0,1499.0,0
2024-12-09,SKU10,5.0,7495.0,1499.0,0
2024-12-10,SKU10,2.0,2998.0,1499.0,0
2024-12-11,SKU10,8.0,11992.0,1499.0,0
2024-12-12,SKU10,4.0,5996.0,1499.0,0
2024-12-13,SKU10,5.0,7495.0,1499.0,0
2024-12-14,SKU10,6.0,8994.0,1499.0,0
2024-12-15,SKU10,10.0,14990.0,1499.0,0
2024-12-16,SKU10,3.0,4497.0,1499.0,0
2024-12-17,SKU10,10.0,14990.0,1499.0,0
2024-12-18,SKU10,7.0,10493.0,1499.0,0
2024-12-19,SKU10,8.0,11992.0,1499.0,0
2024-12-20,SKU10,11.0,14839.0,,1
2024-12-21,SKU10,9.0,12141.0,1349.0,1
2024-12-22,SKU10,12.0,16188.0,1349.0,1
2024-12-23,SKU10,9.0,12141.0,1349.0,1
2024-12-24,SKU10,14.0,18886.0,1349.0,1
2024-12-25,SKU10,8.0,10792.0,1349.0,1
2024-12-26,SKU10,12.0,16188.0,1349.0,1
2024-12-27,SKU10,14.0,18886.0,1349.0,1
2024-12-28,SKU10,8.0,10792.0,1349.0,1
2024-12-29,SKU10,9.0,12141.0,1349.0,1
2024-12-30,SKU10,14.0,18886.0,1349.0,1
2024-12-31,SKU10,8.0,10792.0,1349.0,1
2025-01-01,SKU10,7.0,10493.0,1499.0,0
2025-01-02,SKU10,4.0,5996.0,1499.0,0
2025-01-03,SKU10,5.0,7495.0,1499.0,0
2025-01-04,SKU10,6.0,8994.0,1499.0,0
2025-01-05,SKU10,9.0,13491.0,1499.0,0
2025-01-06,SKU10,5.0,7495.0,1499.0,0
2025-01-07,SKU10,4.0,5996.0,1499.0,0
2025-01-08,SKU10,13.0,19487.0,1499.0,0
2025-01-09,SKU10,6.0,8994.0,1499.0,0
2025-01-10,SKU10,7.0,10493.0,1499.0,0
2025-01-11,SKU10,9.0,13491.0,1499.0,0
2025-01-12,SKU10,7.0,10493.0,1499.0,0
2025-01-13,SKU10,5.0,7495.0,1499.0,0
2025-01-14,SKU10,3.0,4497.0,1499.0,0
2025-01-15,SKU10,3.0,4497.0,1499.0,0
2025-01-16,SKU10,3.0,4497.0,1499.0,0
2025-01-17,SKU10,8.0,11992.0,1499.0,0
2025-01-18,SKU10,7.0,10493.0,1499.0,0
2025-01-19,SKU10,4.0,5996.0,1499.0,0
2025-01-20,SKU10,7.0,9443.0,1349.0,1
2025-01-21,SKU10,3.0,4047.0,1349.0,1
2025-01-22,SKU10,11.0,14839.0,1349.0,1
2025-01-23,SKU10,9.0,12141.0,1349.0,1
2025-01-24,SKU10,8.0,10792.0,1349.0,1
2025-01-25,SKU10,10.0,13490.0,1349.0,1
2025-01-26,SKU10,13.0,17537.0,1349.0,1
2025-01-27,SKU10,6.0,8994.0,1499.0,0
2025-01-28,SKU10,10.0,14990.0,1499.0,0
2025-01-29,SKU10,5.0,7495.0,1499.0,0
2025-01-30,SKU10,4.0,5996.0,1499.0,0
2025-01-31,SKU10,2.0,2998.0,1499.0,0
2025-02-01,SKU10,7.0,10493.0,1499.0,0
2025-02-02,SKU10,9.0,13491.0,1499.0,0
2025-02-03,SKU10,8.0,11992.0,1499.0,0
2025-02-04,SKU10,4.0,5996.0,1499.0,0
2025-02-05,SKU10,3.0,4497.0,1499.0,0
2025-02-06,SKU10,9.0,13491.0,1499.0,0
2025-02-07,SKU10,3.0,4497.0,1499.0,0
2025-02-08,SKU10,4.0,5996.0,1499.0,0
2025-02-09,SKU10,7.0,10493.0,1499.0,0
2025-02-10,SKU10,6.0,8994.0,1499.0,0
2025-02-11,SKU10,5.0,7495.0,1499.0,0
2025-02-12,SKU10,5.0,7495.0,1499.0,0
2025-02-13,SKU10,2.0,2998.0,1499.0,0
2025-02-14,SKU10,5.0,7495.0,1499.0,0
2025-02-15,SKU10,6.0,8994.0,1499.0,0
2025-02-16,SKU10,2.0,2998.0,1499.0,0
2025-02-17,SKU10,4.0,5996.0,1499.0,0
2025-02-18,SKU10,15.0,22485.0,1499.0,0
2025-02-19,SKU10,6.0,8994.0,1499.0,0
2025-02-20,SKU10,8.0,11992.0,1499.0,0
2025-02-21,SKU10,4.0,5996.0,1499.0,0
2025-02-22,SKU10,4.0,5996.0,1499.0,0
2025-02-23,SKU10,8.0,11992.0,1499.0,0
2025-02-24,SKU10,4.0,5996.0,1499.0,0
2025-02-25,SKU10,5.0,7495.0,1499.0,0
2025-02-26,SKU10,8.0,11992.0,1499.0,0
2025-02-27,SKU10,6.0,8994.0,1499.0,0
2025-02-28,SKU10,3.0,4497.0,1499.0,0
2025-03-01,SKU10,2.0,2998.0,1499.0,0
2025-03-02,SKU10,14.0,20986.0,1499.0,0
2025-03-03,SKU10,4.0,5996.0,1499.0,0
2025-03-04,SKU10,4.0,5996.0,1499.0,0
2025-03-05,SKU10,8.0,11992.0,1499.0,0
2025-03-06,SKU10,3.0,4497.0,1499.0,0
2025-03-07,SKU10,4.0,5996.0,1499.0,0
2025-03-08,SKU10,11.0,16489.0,1499.0,0
2025-03-09,SKU10,8.0,11992.0,1499.0,0
2025-03-10,SKU10,8.0,11992.0,1499.0,0
2025-03-11,SKU10,5.0,7495.0,1499.0,0
2025-03-12,SKU10,6.0,8994.0,1499.0,0
2025-03-13,SKU10,8.0,11992.0,1499.0,0
2025-03-14,SKU10,3.0,4497.0,1499.0,0
2025-03-15,SKU10,5.0,7495.0,1499.0,0
2025-03-16,SKU10,2.0,2998.0,1499.0,0
2025-03-17,SKU10,2.0,2998.0,1499.0,0
2025-03-18,SKU10,6.0,8994.0,1499.0,0
2025-03-19,SKU10,3.0,4497.0,1499.0,0
2025-03-20,SKU10,4.0,5996.0,1499.0,0
2025-03-21,SKU10,3.0,4497.0,1499.0,0
2025-03-22,SKU10,7.0,10493.0,1499.0,0
2025-03-23,SKU10,16.0,23984.0,1499.0,0
2025-03-24,SKU10,2.0,2998.0,1499.0,0
2025-03-25,SKU10,4.0,5996.0,1499.0,0
2025-03-26,SKU10,8.0,11992.0,1499.0,0
2025-03-27,SKU10,6.0,8994.0,1499.0,0
2025-03-28,SKU10,5.0,7495.0,1499.0,0
2025-03-29,SKU10,4.0,5996.0,1499.0,0
2025-03-30,SKU10,2.0,2998.0,1499.0,0
2025-03-31,SKU10,3.0,4497.0,1499.0,0
2025-04-01,SKU10,9.0,13491.0,1499.0,0
2025-04-02,SKU10,8.0,11992.0,1499.0,0
2025-04-03,SKU10,4.0,5996.0,1499.0,0
2025-04-04,SKU10,8.0,11992.0,1499.0,0
2025-04-05,SKU10,7.0,10493.0,1499.0,0
2025-04-06,SKU10,7.0,10493.0,1499.0,0
2025-04-07,SKU10,7.0,10493.0,1499.0,0
2025-04-08,SKU10,3.0,4497.0,1499.0,0
2025-04-09,SKU10,5.0,7495.0,1499.0,0
2025-04-10,SKU10,6.0,8994.0,1499.0,0
2025-04-11,SKU10,10.0,14990.0,1499.0,0
2025-04-12,SKU10,5.0,7495.0,1499.0,0
2025-04-13,SKU10,4.0,5996.0,1499.0,0
2025-04-14,SKU10,2.0,2998.0,1499.0,0
2025-04-15,SKU10,4.0,5996.0,1499.0,0
2025-04-16,SKU10,10.0,14990.0,1499.0,0
2025-04-17,SKU10,4.0,5996.0,1499.0,0
2025-04-18,SKU10,5.0,7495.0,1499.0,0
2025-04-19,SKU10,4.0,5996.0,1499.0,0
2025-04-20,SKU10,8.0,11992.0,1499.0,0
2025-04-21,SKU10,3.0,4497.0,1499.0,0
2025-04-22,SKU10,8.0,11992.0,1499.0,0
2025-04-23,SKU10,4.0,5996.0,1499.0,0
2025-04-24,SKU10,6.0,8994.0,1499.0,0
2025-04-25,SKU10,6.0,8994.0,1499.0,0
2025-04-26,SKU10,6.0,8994.0,1499.0,0
2025-04-27,SKU10,3.0,4497.0,1499.0,0
2025-04-28,SKU10,4.0,5996.0,1499.0,0
2025-04-29,SKU10,4.0,5996.0,1499.0,0
2025-04-30,SKU10,5.0,7495.0,1499.0,0
2025-05-01,SKU10,8.0,11992.0,1499.0,0
2025-05-02,SKU10,3.0,4497.0,1499.0,0
2025-05-03,SKU10,7.0,10493.0,1499.0,0
2025-05-04,SKU10,8.0,11992.0,1499.0,0
2025-05-05,SKU10,3.0,4497.0,1499.0,0
2025-05-06,SKU10,6.0,8994.0,1499.0,0
2025-05-07,SKU10,3.0,4497.0,1499.0,0
2025-05-08,SKU10,5.0,7495.0,1499.0,0
2025-05-09,SKU10,4.0,5996.0,1499.0,0
2025-05-10,SKU10,7.0,9443.0,1349.0,1
2025-05-11,SKU10,5.0,6745.0,1349.0,1
2025-05-12,SKU10,3.0,4047.0,1349.0,1
2025-05-13,SKU10,6.0,8094.0,1349.0,1
2025-05-14,SKU10,9.0,12141.0,1349.0,1
2025-05-15,SKU10,11.0,14839.0,1349.0,1
2025-05-16,SKU10,10.0,13490.0,1349.0,1
2025-05-17,SKU10,7.0,9443.0,1349.0,1
2025-05-18,SKU10,4.0,5396.0,1349.0,1
2025-05-19,SKU10,4.0,5396.0,1349.0,1
2025-05-20,SKU10,8.0,10792.0,1349.0,1
2025-05-21,SKU10,5.0,7495.0,1499.0,0
2025-05-22,SKU10,4.0,5996.0,1499.0,0
2025-05-23,SKU10,8.0,11992.0,1499.0,0
2025-05-24,SKU10,6.0,8994.0,1499.0,0
2025-05-25,SKU10,5.0,7495.0,1499.0,0
2025-05-26,SKU10,3.0,4497.0,1499.0,0
2025-05-27,SKU10,6.0,8994.0,1499.0,0
2025-05-28,SKU10,8.0,11992.0,1499.0,0
2025-05-29,SKU10,9.0,13491.0,1499.0,0
2025-05-30,SKU10,11.0,16489.0,1499.0,0
2025-05-31,SKU10,6.0,8994.0,1499.0,0
2025-06-01,SKU10,6.0,8994.0,1499.0,0
2025-06-02,SKU10,7.0,10493.0,1499.0,0
2025-06-03,SKU10,4.0,5996.0,1499.0,0
2025-06-04,SKU10,7.0,10493.0,1499.0,0
2025-06-05,SKU10,4.0,5996.0,1499.0,0
2025-06-06,SKU10,8.0,11992.0,1499.0,0
2025-06-07,SKU10,4.0,5996.0,1499.0,0
2025-06-08,SKU10,7.0,10493.0,1499.0,0
2025-06-09,SKU10,5.0,7495.0,1499.0,0
2025-06-10,SKU10,6.0,8994.0,1499.0,0
2025-06-11,SKU10,4.0,5996.0,1499.0,0
2025-06-12,SKU10,6.0,8994.0,1499.0,0
2025-06-13,SKU10,3.0,4497.0,1499.0,0
2025-06-14,SKU10,11.0,16489.0,1499.0,0
2025-06-15,SKU10,7.0,10493.0,1499.0,0
2025-06-16,SKU10,6.0,8994.0,1499.0,0
2025-06-17,SKU10,4.0,5996.0,1499.0,0
2025-06-18,SKU10,5.0,7495.0,1499.0,0
2025-06-19,SKU10,5.0,7495.0,1499.0,0
2025-06-20,SKU10,2.0,2998.0,1499.0,0
2025-06-21,SKU10,6.0,8994.0,1499.0,0
2025-06-22,SKU10,6.0,8994.0,1499.0,0
2025-06-23,SKU10,2.0,2998.0,1499.0,0
2025-06-24,SKU10,7.0,10493.0,1499.0,0
2025-06-25,SKU10,5.0,7495.0,1499.0,0
2025-06-26,SKU10,3.0,4497.0,1499.0,0
2025-06-27,SKU10,5.0,7495.0,1499.0,0
2025-06-28,SKU10,8.0,11992.0,1499.0,0
2025-06-29,SKU10,5.0,7495.0,1499.0,0
2025-06-30,SKU10,10.0,14990.0,1499.0,0
2025-07-01,SKU10,4.0,5996.0,1499.0,0
2025-07-02,SKU10,2.0,2998.0,1499.0,0
2025-07-03,SKU10,1.0,1499.0,1499.0,0
2025-07-04,SKU10,4.0,5996.0,1499.0,0
2025-07-05,SKU10,8.0,11992.0,1499.0,0
2025-07-06,SKU10,12.0,17988.0,1499.0,0
2025-07-07,SKU10,11.0,16489.0,1499.0,0
2025-07-08,SKU10,7.0,10493.0,1499.0,0
2025-07-09,SKU10,6.0,8994.0,1499.0,0
2025-07-10,SKU10,12.0,17988.0,1499.0,0
2025-07-11,SKU10,4.0,5996.0,1499.0,0
2025-07-12,SKU10,6.0,8994.0,1499.0,0
2025-07-13,SKU10,8.0,11992.0,1499.0,0
2025-07-14,SKU10,8.0,11992.0,1499.0,0
2025-07-15,SKU10,8.0,11992.0,1499.0,0
2025-07-16,SKU10,10.0,14990.0,1499.0,0
2025-07-17,SKU10,5.0,7495.0,1499.0,0
2025-07-18,SKU10,5.0,7495.0,1499.0,0
2025-07-19,SKU10,9.0,13491.0,1499.0,0
2025-07-20,SKU10,6.0,8994.0,1499.0,0
2025-07-21,SKU10,12.0,17988.0,1499.0,0
2025-07-22,SKU10,6.0,8994.0,1499.0,0
2025-07-23,SKU10,6.0,8994.0,1499.0,0
2025-07-24,SKU10,4.0,5996.0,1499.0,0
2025-07-25,SKU10,7.0,10493.0,1499.0,0
2025-07-26,SKU10,11.0,16489.0,1499.0,0
2025-07-27,SKU10,7.0,10493.0,1499.0,0
2025-07-28,SKU10,4.0,5996.0,1499.0,0
2025-07-29,SKU10,5.0,7495.0,1499.0,0
2025-07-30,SKU10,1.0,1499.0,1499.0,0
2025-07-31,SKU10,3.0,4497.0,1499.0,0
2025-08-01,SKU10,9.0,13491.0,1499.0,0
2025-08-02,SKU10,5.0,7495.0,1499.0,0
2025-08-03,SKU10,4.0,5996.0,1499.0,0
2025-08-04,SKU10,4.0,5996.0,1499.0,0
2025-08-05,SKU10,10.0,14990.0,1499.0,0
2025-08-06,SKU10,7.0,10493.0,1499.0,0
2025-08-07,SKU10,6.0,8994.0,1499.0,0
2025-08-08,SKU10,4.0,5996.0,1499.0,0
2025-08-09,SKU10,7.0,10493.0,1499.0,0
2025-08-10,SKU10,7.0,10493.0,1499.0,0
2025-08-11,SKU10,10.0,14990.0,1499.0,0
2025-08-12,SKU10,4.0,5996.0,1499.0,0
2025-08-13,SKU10,6.0,8994.0,1499.0,0
2025-08-14,SKU10,7.0,10493.0,1499.0,0
2025-08-15,SKU10,6.0,8994.0,1499.0,0
2025-08-16,SKU10,9.0,13491.0,1499.0,0
2025-08-17,SKU10,4.0,5996.0,1499.0,0
2025-08-18,SKU10,4.0,5996.0,1499.0,0
2025-08-19,SKU10,4.0,5996.0,1499.0,0
2025-08-20,SKU10,12.0,17988.0,1499.0,0
2025-08-21,SKU10,9.0,13491.0,1499.0,0
2025-08-22,SKU10,6.0,8994.0,1499.0,0
2025-08-23,SKU10,5.0,7495.0,1499.0,0
2025-08-24,SKU10,9.0,13491.0,1499.0,0
2025-08-25,SKU10,9.0,13491.0,1499.0,0
2025-08-26,SKU10,4.0,5996.0,1499.0,0
2025-08-27,SKU10,4.0,5996.0,1499.0,0
2025-08-28,SKU10,7.0,10493.0,1499.0,0
2025-08-29,SKU10,9.0,13491.0,1499.0,0
2025-08-30,SKU10,6.0,8994.0,1499.0,0
2025-08-31,SKU10,8.0,11992.0,1499.0,0
2025-09-01,SKU10,7.0,10493.0,1499.0,0
2025-09-02,SKU10,3.0,4497.0,1499.0,0
2025-09-03,SKU10,7.0,10493.0,1499.0,0
2025-09-04,SKU10,5.0,7495.0,1499.0,0
2025-09-05,SKU10,4.0,5996.0,1499.0,0
2025-09-06,SKU10,10.0,14990.0,1499.0,0
2025-09-07,SKU10,6.0,8994.0,1499.0,0
2025-09-08,SKU10,6.0,8994.0,1499.0,0
2025-09-09,SKU10,5.0,7495.0,1499.0,0
2025-09-10,SKU10,8.0,11992.0,1499.0,0
2025-09-11,SKU10,7.0,10493.0,1499.0,0
2025-09-12,SKU10,7.0,10493.0,1499.0,0
2025-09-13,SKU10,7.0,10493.0,1499.0,0
2025-09-14,SKU10,5.0,7495.0,1499.0,0
2025-09-15,SKU10,3.0,4497.0,1499.0,0
2025-09-16,SKU10,15.0,22485.0,1499.0,0
2025-09-17,SKU10,9.0,13491.0,1499.0,0
2025-09-18,SKU10,7.0,10493.0,1499.0,0
2025-09-19,SKU10,8.0,11992.0,1499.0,0
2025-09-20,SKU10,4.0,5996.0,1499.0,0
2025-09-21,SKU10,13.0,19487.0,1499.0,0
2025-09-22,SKU10,6.0,8994.0,1499.0,0
2025-09-23,SKU10,8.0,11992.0,1499.0,0
2025-09-24,SKU10,6.0,8994.0,1499.0,0
2025-09-25,SKU10,7.0,10493.0,1499.0,0
2025-09-26,SKU10,3.0,4497.0,1499.0,0
2025-09-27,SKU10,5.0,7495.0,1499.0,0
2025-09-28,SKU10,7.0,10493.0,1499.0,0
2025-09-29,SKU10,7.0,10493.0,1499.0,0
2025-09-30,SKU10,9.0,13491.0,1499.0,0
2025-10-01,SKU10,12.0,17988.0,1499.0,0
2025-10-02,SKU10,7.0,10493.0,1499.0,0
2025-10-03,SKU10,5.0,7495.0,1499.0,0
2025-10-04,SKU10,5.0,7495.0,1499.0,0
2025-10-05,SKU10,4.0,5996.0,1499.0,0
2025-10-06,SKU10,8.0,11992.0,1499.0,0
2025-10-07,SKU10,11.0,16489.0,1499.0,0
2025-10-08,SKU10,5.0,7495.0,1499.0,0
2025-10-09,SKU10,3.0,4497.0,1499.0,0
2025-10-10,SKU10,10.0,13490.0,1349.0,1
2025-10-11,SKU10,8.0,10792.0,1349.0,1
2025-10-12,SKU10,10.0,13490.0,1349.0,1
2025-10-13,SKU10,18.0,24282.0,1349.0,1
2025-10-14,SKU10,8.0,10792.0,1349.0,1
2025-10-15,SKU10,6.0,8094.0,1349.0,1
2025-10-16,SKU10,14.0,18886.0,1349.0,1
2025-10-17,SKU10,13.0,17537.0,1349.0,1
2025-10-18,SKU10,16.0,21584.0,1349.0,1
2025-10-19,SKU10,14.0,18886.0,1349.0,1
2025-10-20,SKU10,9.0,12141.0,1349.0,1
2025-10-21,SKU10,8.0,11992.0,1499.0,0
2025-10-22,SKU10,12.0,17988.0,1499.0,0
2025-10-23,SKU10,8.0,11992.0,1499.0,0
2025-10-24,SKU10,9.0,13491.0,1499.0,0
2025-10-25,SKU10,12.0,17988.0,1499.0,0
2025-10-26,SKU10,7.0,10493.0,1499.0,0
2025-10-27,SKU10,11.0,16489.0,1499.0,0
2025-10-28,SKU10,8.0,11992.0,1499.0,0
2025-10-29,SKU10,5.0,7495.0,1499.0,0
2025-10-30,SKU10,8.0,11992.0,1499.0,0
2025-10-31,SKU10,5.0,7495.0,1499.0,0
2025-11-01,SKU10,8.0,11992.0,1499.0,0
2025-11-02,SKU10,5.0,7495.0,1499.0,0
2025-11-03,SKU10,4.0,5996.0,1499.0,0
2025-11-04,SKU10,10.0,14990.0,1499.0,0
2025-11-05,SKU10,9.0,13491.0,1499.0,0
2025-11-06,SKU10,7.0,10493.0,1499.0,0
2025-11-07,SKU10,8.0,11992.0,1499.0,0
2025-11-08,SKU10,7.0,10493.0,1499.0,0
2025-11-09,SKU10,8.0,11992.0,1499.0,0
2025-11-10,SKU10,6.0,8994.0,1499.0,0
2025-11-11,SKU10,9.0,13491.0,1499.0,0
2025-11-12,SKU10,6.0,8994.0,1499.0,0
2025-11-13,SKU10,11.0,16489.0,1499.0,0
2025-11-14,SKU10,6.0,8994.0,1499.0,0
2025-11-15,SKU10,13.0,19487.0,1499.0,0
2025-11-16,SKU10,9.0,13491.0,1499.0,0
2025-11-17,SKU10,4.0,5996.0,1499.0,0
2025-11-18,SKU10,4.0,5996.0,1499.0,0
2025-11-19,SKU10,10.0,14990.0,1499.0,0
2025-11-20,SKU10,4.0,5996.0,1499.0,0
2025-11-21,SKU10,7.0,10493.0,1499.0,0
2025-11-22,SKU10,12.0,17988.0,1499.0,0
2025-11-23,SKU10,2.0,2998.0,1499.0,0
2025-11-24,SKU10,6.0,8994.0,1499.0,0
2025-11-25,SKU10,5.0,7495.0,1499.0,0
2025-11-26,SKU10,7.0,10493.0,1499.0,0
2025-11-27,SKU10,3.0,4497.0,1499.0,0
2025-11-28,SKU10,10.0,14990.0,1499.0,0
2025-11-29,SKU10,12.0,17988.0,1499.0,0
2025-11-30,SKU10,11.0,16489.0,1499.0,0
2025-12-01,SKU10,7.0,10493.0,1499.0,0
2025-12-02,SKU10,3.0,4497.0,1499.0,0
2025-12-03,SKU10,12.0,17988.0,1499.0,0
2025-12-04,SKU10,4.0,5996.0,1499.0,0
2025-12-05,SKU10,13.0,19487.0,1499.0,0
2025-12-06,SKU10,7.0,10493.0,1499.0,0
2025-12-07,SKU10,11.0,16489.0,1499.0,0
2025-12-08,SKU10,8.0,11992.0,1499.0,0
2025-12-09,SKU10,6.0,8994.0,1499.0,0
2025-12-10,SKU10,5.0,7495.0,1499.0,0
2025-12-11,SKU10,11.0,16489.0,1499.0,0
2025-12-12,SKU10,8.0,11992.0,1499.0,0
2025-12-13,SKU10,7.0,10493.0,1499.0,0
2025-12-14,SKU10,10.0,14990.0,1499.0,0
2025-12-15,SKU10,11.0,16489.0,1499.0,0
2025-12-16,SKU10,10.0,14990.0,1499.0,0
2025-12-17,SKU10,3.0,4497.0,1499.0,0
2025-12-18,SKU10,6.0,8994.0,1499.0,0
2025-12-19,SKU10,5.0,7495.0,1499.0,0
2025-12-20,SKU10,6.0,8094.0,1349.0,1
2025-12-21,SKU10,9.0,12141.0,1349.0,1
2025-12-22,SKU10,12.0,16188.0,1349.0,1
2025-12-23,SKU10,7.0,9443.0,1349.0,1
2025-12-24,SKU10,9.0,12141.0,1349.0,1
2025-12-25,SKU10,12.0,16188.0,1349.0,1
2025-12-26,SKU10,8.0,10792.0,1349.0,1
2025-12-27,SKU10,8.0,10792.0,1349.0,1
2025-12-28,SKU10,12.0,16188.0,1349.0,1
2024-01-01,SKU11,3.0,10497.0,3499.0,0
2024-01-02,SKU11,5.0,17495.0,3499.0,0
2024-01-03,SKU11,2.0,6998.0,3499.0,0
2024-01-04,SKU11,5.0,17495.0,3499.0,0
2024-01-05,SKU11,3.0,10497.0,3499.0,0
2024-01-06,SKU11,2.0,6998.0,3499.0,0
2024-01-07,SKU11,1.0,3499.0,3499.0,0
2024-01-08,SKU11,4.0,13996.0,3499.0,0
2024-01-09,SKU11,4.0,13996.0,3499.0,0
2024-01-10,SKU11,3.0,10497.0,3499.0,0
2024-01-11,SKU11,1.0,3499.0,3499.0,0
2024-01-12,SKU11,6.0,20994.0,3499.0,0
2024-01-13,SKU11,5.0,17495.0,3499.0,0
2024-01-14,SKU11,2.0,6998.0,3499.0,0
2024-01-15,SKU11,1.0,3499.0,3499.0,0
2024-01-16,SKU11,1.0,3499.0,3499.0,0
2024-01-17,SKU11,2.0,6998.0,3499.0,0
2024-01-18,SKU11,7.0,24493.0,3499.0,0
2024-01-19,SKU11,3.0,10497.0,3499.0,0
2024-01-20,SKU11,4.0,12596.0,3149.0,1
2024-01-21,SKU11,5.0,15745.0,3149.0,1
2024-01-22,SKU11,0.0,0.0,3149.0,1
2024-01-23,SKU11,5.0,15745.0,3149.0,1
2024-01-24,SKU11,8.0,25192.0,3149.0,1
2024-01-25,SKU11,3.0,9447.0,3149.0,1
2024-01-26,SKU11,3.0,9447.0,3149.0,1
2024-01-27,SKU11,4.0,13996.0,3499.0,0
2024-01-28,SKU11,2.0,6998.0,3499.0,0
2024-01-29,SKU11,3.0,10497.0,3499.0,0
2024-01-30,SKU11,4.0,13996.0,3499.0,0
2024-01-31,SKU11,6.0,20994.0,3499.0,0
2024-02-01,SKU11,5.0,17495.0,3499.0,0
2024-02-02,SKU11,2.0,6998.0,3499.0,0
2024-02-03,SKU11,1.0,3499.0,3499.0,0
2024-02-04,SKU11,0.0,0.0,3499.0,0
2024-02-05,SKU11,4.0,13996.0,3499.0,0
2024-02-06,SKU11,3.0,10497.0,3499.0,0
2024-02-07,SKU11,6.0,20994.0,3499.0,0
2024-02-08,SKU11,3.0,10497.0,3499.0,0
2024-02-09,SKU11,6.0,20994.0,3499.0,0
2024-02-10,SKU11,3.0,10497.0,3499.0,0
2024-02-11,SKU11,8.0,27992.0,3499.0,0
2024-02-12,SKU11,2.0,6998.0,3499.0,0
2024-02-13,SKU11,3.0,10497.0,3499.0,0
2024-02-14,SKU11,2.0,6998.0,3499.0,0
2024-02-15,SKU11,7.0,24493.0,3499.0,0
2024-02-16,SKU11,2.0,6998.0,3499.0,0
2024-02-17,SKU11,2.0,6998.0,3499.0,0
2024-02-18,SKU11,2.0,6998.0,3499.0,0
2024-02-19,SKU11,4.0,13996.0,3499.0,0
2024-02-20,SKU11,2.0,6998.0,3499.0,0
2024-02-21,SKU11,2.0,6998.0,3499.0,0
2024-02-22,SKU11,2.0,6998.0,3499.0,0
2024-02-23,SKU11,2.0,6998.0,3499.0,0
2024-02-24,SKU11,7.0,24493.0,3499.0,0
2024-02-25,SKU11,3.0,10497.0,3499.0,0
2024-02-26,SKU11,4.0,13996.0,3499.0,0
2024-02-27,SKU11,3.0,10497.0,3499.0,0
2024-02-28,SKU11,4.0,13996.0,3499.0,0
2024-02-29,SKU11,0.0,0.0,3499.0,0
2024-03-01,SKU11,3.0,10497.0,3499.0,0
2024-03-02,SKU11,4.0,13996.0,3499.0,0
2024-03-03,SKU11,7.0,24493.0,3499.0,0
2024-03-04,SKU11,4.0,13996.0,3499.0,0
2024-03-05,SKU11,4.0,13996.0,3499.0,0
2024-03-06,SKU11,0.0,0.0,3499.0,0
2024-03-07,SKU11,3.0,10497.0,3499.0,0
2024-03-08,SKU11,2.0,6998.0,3499.0,0
2024-03-09,SKU11,8.0,27992.0,3499.0,0
2024-03-10,SKU11,5.0,17495.0,3499.0,0
2024-03-11,SKU11,3.0,10497.0,3499.0,0
2024-03-12,SKU11,1.0,3499.0,3499.0,0
2024-03-13,SKU11,1.0,3499.0,3499.0,0
2024-03-14,SKU11,4.0,13996.0,3499.0,0
2024-03-15,SKU11,5.0,17495.0,3499.0,0
2024-03-16,SKU11,8.0,27992.0,3499.0,0
2024-03-17,SKU11,4.0,13996.0,3499.0,0
2024-03-18,SKU11,2.0,6998.0,3499.0,0
2024-03-19,SKU11,5.0,17495.0,3499.0,0
2024-03-20,SKU11,3.0,10497.0,3499.0,0
2024-03-21,SKU11,1.0,3499.0,3499.0,0
2024-03-22,SKU11,4.0,13996.0,3499.0,0
2024-03-23,SKU11,5.0,17495.0,3499.0,0
2024-03-24,SKU11,3.0,10497.0,3499.0,0
2024-03-25,SKU11,8.0,27992.0,3499.0,0
2024-03-26,SKU11,3.0,10497.0,3499.0,0
2024-03-27,SKU11,5.0,17495.0,3499.0,0
2024-03-28,SKU11,2.0,6998.0,3499.0,0
2024-03-29,SKU11,1.0,3499.0,3499.0,0
2024-03-30,SKU11,5.0,17495.0,3499.0,0
2024-03-31,SKU11,3.0,10497.0,3499.0,0
2024-04-01,SKU11,2.0,6998.0,3499.0,0
2024-04-02,SKU11,4.0,13996.0,3499.0,0
2024-04-03,SKU11,4.0,13996.0,3499.0,0
2024-04-04,SKU11,1.0,3499.0,3499.0,0
2024-04-05,SKU11,3.0,10497.0,3499.0,0
2024-04-06,SKU11,3.0,10497.0,3499.0,0
2024-04-07,SKU11,5.0,17495.0,3499.0,0
2024-04-08,SKU11,2.0,6998.0,3499.0,0
2024-04-09,SKU11,1.0,3499.0,3499.0,0
2024-04-10,SKU11,6.0,20994.0,3499.0,0
2024-04-11,SKU11,2.0,6998.0,3499.0,0
2024-04-12,SKU11,2.0,6998.0,3499.0,0
2024-04-13,SKU11,6.0,20994.0,3499.0,0
2024-04-14,SKU11,4.0,13996.0,3499.0,0
2024-04-15,SKU11,1.0,3499.0,3499.0,0
2024-04-16,SKU11,2.0,6998.0,3499.0,0
2024-04-17,SKU11,1.0,3499.0,3499.0,0
2024-04-18,SKU11,2.0,6998.0,3499.0,0
2024-04-19,SKU11,2.0,6998.0,3499.0,0
2024-04-20,SKU11,3.0,10497.0,3499.0,0
2024-04-21,SKU11,4.0,13996.0,3499.0,0
2024-04-22,SKU11,2.0,6998.0,3499.0,0
2024-04-23,SKU11,3.0,10497.0,3499.0,0
2024-04-24,SKU11,2.0,6998.0,3499.0,0
2024-04-25,SKU11,1.0,3499.0,3499.0,0
2024-04-26,SKU11,1.0,3499.0,3499.0,0
2024-04-27,SKU11,1.0,3499.0,3499.0,0
2024-04-28,SKU11,6.0,20994.0,3499.0,0
2024-04-29,SKU11,2.0,6998.0,3499.0,0
2024-04-30,SKU11,4.0,13996.0,3499.0,0
2024-05-01,SKU11,1.0,3499.0,3499.0,0
2024-05-02,SKU11,2.0,6998.0,3499.0,0
2024-05-03,SKU11,2.0,6998.0,3499.0,0
2024-05-04,SKU11,4.0,13996.0,3499.0,0
2024-05-05,SKU11,4.0,13996.0,3499.0,0
2024-05-06,SKU11,2.0,6998.0,3499.0,0
2024-05-07,SKU11,2.0,6998.0,3499.0,0
2024-05-08,SKU11,5.0,17495.0,3499.0,0
2024-05-09,SKU11,5.0,17495.0,3499.0,0
2024-05-10,SKU11,5.0,15745.0,3149.0,1
2024-05-11,SKU11,4.0,12596.0,3149.0,1
2024-05-12,SKU11,12.0,37788.0,3149.0,1
2024-05-13,SKU11,3.0,9447.0,3149.0,1
2024-05-14,SKU11,3.0,9447.0,3149.0,1
2024-05-15,SKU11,2.0,6298.0,3149.0,1
2024-05-16,SKU11,,9447.0,3149.0,1
2024-05-17,SKU11,2.0,6298.0,3149.0,1
2024-05-18,SKU11,9.0,28341.0,3149.0,1
2024-05-19,SKU11,5.0,15745.0,3149.0,1
2024-05-20,SKU11,2.0,6298.0,3149.0,1
2024-05-21,SKU11,1.0,3499.0,3499.0,0
2024-05-22,SKU11,5.0,17495.0,3499.0,0
2024-05-23,SKU11,1.0,3499.0,3499.0,0
2024-05-24,SKU11,4.0,13996.0,3499.0,0
2024-05-25,SKU11,5.0,17495.0,3499.0,0
2024-05-26,SKU11,1.0,3499.0,3499.0,0
2024-05-27,SKU11,5.0,17495.0,3499.0,0
2024-05-28,SKU11,5.0,17495.0,3499.0,0
2024-05-29,SKU11,1.0,3499.0,3499.0,0
2024-05-30,SKU11,0.0,0.0,3499.0,0
2024-05-31,SKU11,5.0,17495.0,3499.0,0
2024-06-01,SKU11,3.0,10497.0,3499.0,0
2024-06-02,SKU11,3.0,10497.0,3499.0,0
2024-06-03,SKU11,2.0,6998.0,3499.0,0
2024-06-04,SKU11,2.0,6998.0,3499.0,0
2024-06-05,SKU11,1.0,3499.0,3499.0,0
2024-06-06,SKU11,4.0,13996.0,3499.0,0
2024-06-07,SKU11,4.0,13996.0,3499.0,0
2024-06-08,SKU11,4.0,13996.0,3499.0,0
2024-06-09,SKU11,2.0,6998.0,3499.0,0
2024-06-10,SKU11,1.0,3499.0,3499.0,0
2024-06-11,SKU11,4.0,13996.0,3499.0,0
2024-06-12,SKU11,3.0,10497.0,3499.0,0
2024-06-13,SKU11,4.0,13996.0,3499.0,0
2024-06-14,SKU11,5.0,17495.0,3499.0,0
2024-06-15,SKU11,2.0,6998.0,3499.0,0
2024-06-16,SKU11,0.0,0.0,3499.0,0
2024-06-17,SKU11,3.0,10497.0,3499.0,0
2024-06-18,SKU11,2.0,6998.0,3499.0,0
2024-06-19,SKU11,,3499.0,3499.0,0
2024-06-20,SKU11,2.0,6998.0,3499.0,0
2024-06-21,SKU11,1.0,3499.0,3499.0,0
2024-06-22,SKU11,3.0,10497.0,3499.0,0
2024-06-23,SKU11,2.0,6998.0,3499.0,0
2024-06-24,SKU11,2.0,6998.0,3499.0,0
2024-06-25,SKU11,5.0,17495.0,3499.0,0
2024-06-26,SKU11,2.0,6998.0,3499.0,0
2024-06-27,SKU11,1.0,3499.0,3499.0,0
2024-06-28,SKU11,3.0,10497.0,3499.0,0
2024-06-29,SKU11,7.0,24493.0,3499.0,0
2024-06-30,SKU11,4.0,13996.0,3499.0,0
2024-07-01,SKU11,5.0,17495.0,3499.0,0
2024-07-02,SKU11,1.0,3499.0,3499.0,0
2024-07-03,SKU11,5.0,17495.0,3499.0,0
2024-07-04,SKU11,2.0,6998.0,3499.0,0
2024-07-05,SKU11,5.0,17495.0,3499.0,0
2024-07-06,SKU11,4.0,13996.0,3499.0,0
2024-07-07,SKU11,2.0,6998.0,3499.0,0
2024-07-08,SKU11,3.0,10497.0,3499.0,0
2024-07-09,SKU11,1.0,3499.0,3499.0,0
2024-07-10,SKU11,7.0,24493.0,3499.0,0
2024-07-11,SKU11,3.0,10497.0,3499.0,0
2024-07-12,SKU11,1.0,3499.0,3499.0,0
2024-07-13,SKU11,4.0,13996.0,3499.0,0
2024-07-14,SKU11,6.0,20994.0,3499.0,0
2024-07-15,SKU11,2.0,6998.0,3499.0,0
2024-07-16,SKU11,4.0,13996.0,3499.0,0
2024-07-17,SKU11,1.0,3499.0,3499.0,0
2024-07-18,SKU11,1.0,3499.0,3499.0,0
2024-07-19,SKU11,2.0,6998.0,3499.0,0
2024-07-20,SKU11,2.0,6998.0,3499.0,0
2024-07-21,SKU11,5.0,17495.0,3499.0,0
2024-07-22,SKU11,3.0,10497.0,3499.0,0
2024-07-23,SKU11,6.0,20994.0,3499.0,0
2024-07-24,SKU11,1.0,3499.0,3499.0,0
2024-07-25,SKU11,4.0,13996.0,3499.0,0
2024-07-26,SKU11,7.0,24493.0,3499.0,0
2024-07-27,SKU11,7.0,24493.0,3499.0,0
2024-07-28,SKU11,5.0,17495.0,3499.0,0
2024-07-29,SKU11,1.0,3499.0,3499.0,0
2024-07-30,SKU11,7.0,24493.0,3499.0,0
2024-07-31,SKU11,6.0,20994.0,3499.0,0
2024-08-01,SKU11,4.0,13996.0,3499.0,0
2024-08-02,SKU11,3.0,10497.0,3499.0,0
2024-08-03,SKU11,5.0,17495.0,3499.0,0
2024-08-04,SKU11,3.0,10497.0,3499.0,0
2024-08-05,SKU11,3.0,10497.0,3499.0,0
2024-08-06,SKU11,3.0,10497.0,3499.0,0
2024-08-07,SKU11,4.0,13996.0,3499.0,0
2024-08-08,SKU11,1.0,3499.0,3499.0,0
2024-08-09,SKU11,3.0,10497.0,3499.0,0
2024-08-10,SKU11,3.0,10497.0,3499.0,0
2024-08-11,SKU11,3.0,10497.0,3499.0,0
2024-08-12,SKU11,4.0,13996.0,3499.0,0
2024-08-13,SKU11,3.0,10497.0,3499.0,0
2024-08-14,SKU11,4.0,13996.0,3499.0,0
2024-08-15,SKU11,4.0,13996.0,3499.0,0
2024-08-16,SKU11,8.0,27992.0,3499.0,0
2024-08-17,SKU11,3.0,10497.0,3499.0,0
2024-08-18,SKU11,2.0,6998.0,3499.0,0
2024-08-19,SKU11,4.0,13996.0,3499.0,0
2024-08-20,SKU11,1.0,3499.0,3499.0,0
2024-08-21,SKU11,3.0,10497.0,3499.0,0
2024-08-22,SKU11,3.0,10497.0,3499.0,0
2024-08-23,SKU11,3.0,10497.0,3499.0,0
2024-08-24,SKU11,5.0,17495.0,3499.0,0
2024-08-25,SKU11,7.0,24493.0,3499.0,0
2024-08-26,SKU11,4.0,13996.0,3499.0,0
2024-08-27,SKU11,3.0,10497.0,3499.0,0
2024-08-28,SKU11,3.0,10497.0,3499.0,0
2024-08-29,SKU11,2.0,6998.0,3499.0,0
2024-08-30,SKU11,4.0,13996.0,3499.0,0
2024-08-31,SKU11,1.0,3499.0,3499.0,0
2024-09-01,SKU11,7.0,24493.0,3499.0,0
2024-09-02,SKU11,4.0,13996.0,3499.0,0
2024-09-03,SKU11,3.0,10497.0,3499.0,0
2024-09-04,SKU11,3.0,10497.0,3499.0,0
2024-09-05,SKU11,8.0,27992.0,3499.0,0
2024-09-06,SKU11,5.0,17495.0,3499.0,0
2024-09-07,SKU11,4.0,13996.0,3499.0,0
2024-09-08,SKU11,1.0,3499.0,3499.0,0
2024-09-09,SKU11,3.0,10497.0,3499.0,0
2024-09-10,SKU11,3.0,10497.0,3499.0,0
2024-09-11,SKU11,1.0,3499.0,3499.0,0
2024-09-12,SKU11,4.0,13996.0,3499.0,0
2024-09-13,SKU11,5.0,17495.0,3499.0,0
2024-09-14,SKU11,5.0,17495.0,3499.0,0
2024-09-15,SKU11,1.0,3499.0,3499.0,0
2024-09-16,SKU11,3.0,10497.0,3499.0,0
2024-09-17,SKU11,5.0,17495.0,3499.0,0
2024-09-18,SKU11,4.0,13996.0,3499.0,0
2024-09-19,SKU11,2.0,6998.0,3499.0,0
2024-09-20,SKU11,2.0,6998.0,3499.0,0
2024-09-21,SKU11,8.0,27992.0,3499.0,0
2024-09-22,SKU11,3.0,10497.0,3499.0,0
2024-09-23,SKU11,3.0,10497.0,3499.0,0
2024-09-24,SKU11,1.0,3499.0,3499.0,0
2024-09-25,SKU11,8.0,27992.0,3499.0,0
2024-09-26,SKU11,5.0,17495.0,3499.0,0
2024-09-27,SKU11,6.0,20994.0,3499.0,0
2024-09-28,SKU11,6.0,20994.0,3499.0,0
2024-09-29,SKU11,7.0,24493.0,3499.0,0
2024-09-30,SKU11,3.0,10497.0,3499.0,0
2024-10-01,SKU11,5.0,17495.0,3499.0,0
2024-10-02,SKU11,0.0,0.0,3499.0,0
2024-10-03,SKU11,3.0,10497.0,3499.0,0
2024-10-04,SKU11,3.0,10497.0,3499.0,0
2024-10-05,SKU11,7.0,24493.0,3499.0,0
2024-10-06,SKU11,8.0,27992.0,3499.0,0
2024-10-07,SKU11,7.0,24493.0,3499.0,0
2024-10-08,SKU11,2.0,6998.0,3499.0,0
2024-10-09,SKU11,2.0,6998.0,3499.0,0
2024-10-10,SKU11,3.0,10497.0,,0
2024-10-11,SKU11,7.0,24493.0,3499.0,0
2024-10-12,SKU11,3.0,10497.0,3499.0,0
2024-10-13,SKU11,5.0,17495.0,3499.0,0
2024-10-14,SKU11,3.0,10497.0,3499.0,0
2024-10-15,SKU11,8.0,27992.0,3499.0,0
2024-10-16,SKU11,5.0,17495.0,3499.0,0
2024-10-17,SKU11,5.0,17495.0,3499.0,0
2024-10-18,SKU11,3.0,10497.0,3499.0,0
2024-10-19,SKU11,2.0,6998.0,3499.0,0
2024-10-20,SKU11,5.0,17495.0,3499.0,0
2024-10-21,SKU11,3.0,10497.0,3499.0,0
2024-10-22,SKU11,8.0,25192.0,3149.0,1
2024-10-23,SKU11,8.0,25192.0,3149.0,1
2024-10-24,SKU11,5.0,15745.0,3149.0,1
2024-10-25,SKU11,4.0,12596.0,3149.0,1
2024-10-26,SKU11,8.0,25192.0,3149.0,1
2024-10-27,SKU11,8.0,25192.0,3149.0,1
2024-10-28,SKU11,7.0,22043.0,3149.0,1
2024-10-29,SKU11,,28341.0,3149.0,1
2024-10-30,SKU11,8.0,25192.0,3149.0,1
2024-10-31,SKU11,4.0,12596.0,3149.0,1
2024-11-01,SKU11,9.0,28341.0,3149.0,1
2024-11-02,SKU11,4.0,13996.0,3499.0,0
2024-11-03,SKU11,9.0,31491.0,3499.0,0
2024-11-04,SKU11,1.0,3499.0,3499.0,0
2024-11-05,SKU11,3.0,10497.0,,0
2024-11-06,SKU11,0.0,0.0,3499.0,0
2024-11-07,SKU11,5.0,17495.0,3499.0,0
2024-11-08,SKU11,5.0,17495.0,3499.0,0
2024-11-09,SKU11,10.0,34990.0,3499.0,0
2024-11-10,SKU11,6.0,20994.0,3499.0,0
2024-11-11,SKU11,4.0,13996.0,3499.0,0
2024-11-12,SKU11,3.0,10497.0,3499.0,0
2024-11-13,SKU11,3.0,10497.0,3499.0,0
2024-11-14,SKU11,3.0,10497.0,3499.0,0
2024-11-15,SKU11,4.0,13996.0,3499.0,0
2024-11-16,SKU11,5.0,17495.0,3499.0,0
2024-11-17,SKU11,3.0,10497.0,3499.0,0
2024-11-18,SKU11,3.0,10497.0,3499.0,0
2024-11-19,SKU11,2.0,6998.0,3499.0,0
2024-11-20,SKU11,2.0,6998.0,3499.0,0
2024-11-21,SKU11,7.0,24493.0,3499.0,0
2024-11-22,SKU11,4.0,13996.0,3499.0,0
2024-11-23,SKU11,6.0,20994.0,3499.0,0
2024-11-24,SKU11,9.0,31491.0,3499.0,0
2024-11-25,SKU11,3.0,10497.0,3499.0,0
2024-11-26,SKU11,8.0,27992.0,3499.0,0
2024-11-27,SKU11,3.0,10497.0,3499.0,0
2024-11-28,SKU11,2.0,6998.0,3499.0,0
2024-11-29,SKU11,1.0,3499.0,3499.0,0
2024-11-30,SKU11,3.0,10497.0,3499.0,0
2024-12-01,SKU11,6.0,20994.0,3499.0,0
2024-12-02,SKU11,2.0,6998.0,3499.0,0
2024-12-03,SKU11,1.0,3499.0,3499.0,0
2024-12-04,SKU11,3.0,10497.0,3499.0,0
2024-12-05,SKU11,5.0,17495.0,3499.0,0
2024-12-06,SKU11,3.0,10497.0,3499.0,0
2024-12-07,SKU11,8.0,27992.0,3499.0,0
2024-12-08,SKU11,6.0,20994.0,3499.0,0
2024-12-09,SKU11,5.0,17495.0,3499.0,0
2024-12-10,SKU11,3.0,10497.0,3499.0,0
2024-12-11,SKU11,5.0,17495.0,3499.0,0
2024-12-12,SKU11,4.0,13996.0,3499.0,0
2024-12-13,SKU11,4.0,13996.0,3499.0,0
2024-12-14,SKU11,7.0,24493.0,3499.0,0
2024-12-15,SKU11,7.0,24493.0,3499.0,0
2024-12-16,SKU11,5.0,17495.0,3499.0,0
2024-12-17,SKU11,2.0,6998.0,3499.0,0
2024-12-18,SKU11,5.0,17495.0,3499.0,0
2024-12-19,SKU11,0.0,0.0,3499.0,0
2024-12-20,SKU11,6.0,18894.0,3149.0,1
2024-12-21,SKU11,8.0,25192.0,3149.0,1
2024-12-22,SKU11,8.0,25192.0,3149.0,1
2024-12-23,SKU11,6.0,18894.0,3149.0,1
2024-12-24,SKU11,2.0,6298.0,3149.0,1
2024-12-25,SKU11,5.0,15745.0,3149.0,1
2024-12-26,SKU11,7.0,22043.0,3149.0,1
2024-12-27,SKU11,3.0,9447.0,3149.0,1
2024-12-28,SKU11,8.0,25192.0,3149.0,1
2024-12-29,SKU11,5.0,15745.0,3149.0,1
2024-12-30,SKU11,7.0,22043.0,3149.0,1
2024-12-31,SKU11,1.0,3149.0,3149.0,1
2025-01-01,SKU11,3.0,10497.0,3499.0,0
2025-01-02,SKU11,6.0,20994.0,3499.0,0
2025-01-03,SKU11,4.0,13996.0,3499.0,0
2025-01-04,SKU11,5.0,17495.0,3499.0,0
2025-01-05,SKU11,3.0,10497.0,3499.0,0
2025-01-06,SKU11,2.0,6998.0,3499.0,0
2025-01-07,SKU11,3.0,10497.0,3499.0,0
2025-01-08,SKU11,4.0,13996.0,3499.0,0
2025-01-09,SKU11,1.0,3499.0,3499.0,0
2025-01-10,SKU11,2.0,6998.0,3499.0,0
2025-01-11,SKU11,7.0,24493.0,3499.0,0
2025-01-12,SKU11,3.0,10497.0,3499.0,0
2025-01-13,SKU11,6.0,20994.0,3499.0,0
2025-01-14,SKU11,4.0,13996.0,3499.0,0
2025-01-15,SKU11,3.0,10497.0,3499.0,0
2025-01-16,SKU11,1.0,3499.0,3499.0,0
2025-01-17,SKU11,3.0,10497.0,3499.0,0
2025-01-18,SKU11,4.0,13996.0,3499.0,0
2025-01-19,SKU11,8.0,27992.0,3499.0,0
2025-01-20,SKU11,3.0,9447.0,3149.0,1
2025-01-21,SKU11,2.0,6298.0,3149.0,1
2025-01-22,SKU11,4.0,12596.0,3149.0,1
2025-01-23,SKU11,4.0,12596.0,3149.0,1
2025-01-24,SKU11,2.0,6298.0,3149.0,1
2025-01-25,SKU11,5.0,15745.0,3149.0,1
2025-01-26,SKU11,5.0,15745.0,3149.0,1
2025-01-27,SKU11,2.0,6998.0,3499.0,0
2025-01-28,SKU11,2.0,6998.0,3499.0,0
2025-01-29,SKU11,1.0,3499.0,3499.0,0
2025-01-30,SKU11,4.0,13996.0,3499.0,0
2025-01-31,SKU11,3.0,10497.0,3499.0,0
2025-02-01,SKU11,1.0,3499.0,3499.0,0
2025-02-02,SKU11,4.0,13996.0,3499.0,0
2025-02-03,SKU11,4.0,13996.0,3499.0,0
2025-02-04,SKU11,1.0,3499.0,3499.0,0
2025-02-05,SKU11,2.0,6998.0,3499.0,0
2025-02-06,SKU11,2.0,6998.0,3499.0,0
2025-02-07,SKU11,3.0,10497.0,3499.0,0
2025-02-08,SKU11,6.0,20994.0,3499.0,0
2025-02-09,SKU11,6.0,20994.0,3499.0,0
2025-02-10,SKU11,2.0,6998.0,3499.0,0
2025-02-11,SKU11,6.0,20994.0,3499.0,0
2025-02-12,SKU11,3.0,10497.0,3499.0,0
2025-02-13,SKU11,4.0,13996.0,3499.0,0
2025-02-14,SKU11,5.0,17495.0,3499.0,0
2025-02-15,SKU11,3.0,10497.0,3499.0,0
2025-02-16,SKU11,2.0,6998.0,3499.0,0
2025-02-17,SKU11,2.0,6998.0,3499.0,0
2025-02-18,SKU11,4.0,13996.0,3499.0,0
2025-02-19,SKU11,5.0,17495.0,3499.0,0
2025-02-20,SKU11,2.0,6998.0,3499.0,0
2025-02-21,SKU11,4.0,13996.0,3499.0,0
2025-02-22,SKU11,4.0,13996.0,3499.0,0
2025-02-23,SKU11,4.0,13996.0,3499.0,0
2025-02-24,SKU11,2.0,6998.0,3499.0,0
2025-02-25,SKU11,3.0,10497.0,3499.0,0
2025-02-26,SKU11,3.0,10497.0,3499.0,0
2025-02-27,SKU11,4.0,13996.0,3499.0,0
2025-02-28,SKU11,3.0,10497.0,3499.0,0
2025-03-01,SKU11,2.0,6998.0,3499.0,0
2025-03-02,SKU11,0.0,0.0,3499.0,0
2025-03-03,SKU11,8.0,27992.0,3499.0,0
2025-03-04,SKU11,5.0,17495.0,3499.0,0
2025-03-05,SKU11,3.0,10497.0,3499.0,0
2025-03-06,SKU11,7.0,24493.0,3499.0,0
2025-03-07,SKU11,0.0,0.0,3499.0,0
2025-03-08,SKU11,1.0,3499.0,3499.0,0
2025-03-09,SKU11,8.0,27992.0,3499.0,0
2025-03-10,SKU11,2.0,6998.0,3499.0,0
2025-03-11,SKU11,4.0,13996.0,3499.0,0
2025-03-12,SKU11,2.0,6998.0,3499.0,0
2025-03-13,SKU11,2.0,6998.0,3499.0,0
2025-03-14,SKU11,3.0,10497.0,3499.0,0
2025-03-15,SKU11,4.0,13996.0,3499.0,0
2025-03-16,SKU11,1.0,3499.0,3499.0,0
2025-03-17,SKU11,3.0,10497.0,3499.0,0
2025-03-18,SKU11,4.0,13996.0,3499.0,0
2025-03-19,SKU11,5.0,17495.0,3499.0,0
2025-03-20,SKU11,7.0,24493.0,3499.0,0
2025-03-21,SKU11,3.0,10497.0,3499.0,0
2025-03-22,SKU11,6.0,20994.0,3499.0,0
2025-03-23,SKU11,4.0,13996.0,3499.0,0
2025-03-24,SKU11,7.0,24493.0,3499.0,0
2025-03-25,SKU11,6.0,20994.0,3499.0,0
2025-03-26,SKU11,1.0,3499.0,3499.0,0
2025-03-27,SKU11,3.0,10497.0,3499.0,0
2025-03-28,SKU11,3.0,10497.0,3499.0,0
2025-03-29,SKU11,2.0,6998.0,3499.0,0
2025-03-30,SKU11,1.0,3499.0,3499.0,0
2025-03-31,SKU11,3.0,10497.0,3499.0,0
2025-04-01,SKU11,0.0,0.0,3499.0,0
2025-04-02,SKU11,3.0,10497.0,3499.0,0
2025-04-03,SKU11,2.0,6998.0,3499.0,0
2025-04-04,SKU11,3.0,10497.0,3499.0,0
2025-04-05,SKU11,7.0,24493.0,3499.0,0
2025-04-06,SKU11,3.0,10497.0,3499.0,0
2025-04-07,SKU11,5.0,17495.0,3499.0,0
2025-04-08,SKU11,2.0,6998.0,3499.0,0
2025-04-09,SKU11,3.0,10497.0,3499.0,0
2025-04-10,SKU11,1.0,3499.0,3499.0,0
2025-04-11,SKU11,0.0,0.0,3499.0,0
2025-04-12,SKU11,6.0,20994.0,3499.0,0
2025-04-13,SKU11,2.0,6998.0,3499.0,0
2025-04-14,SKU11,0.0,0.0,3499.0,0
2025-04-15,SKU11,3.0,10497.0,3499.0,0
2025-04-16,SKU11,3.0,10497.0,3499.0,0
2025-04-17,SKU11,3.0,10497.0,3499.0,0
2025-04-18,SKU11,3.0,10497.0,3499.0,0
2025-04-19,SKU11,4.0,13996.0,3499.0,0
2025-04-20,SKU11,3.0,10497.0,3499.0,0
2025-04-21,SKU11,4.0,13996.0,3499.0,0
2025-04-22,SKU11,0.0,0.0,3499.0,0
2025-04-23,SKU11,4.0,13996.0,3499.0,0
2025-04-24,SKU11,3.0,10497.0,3499.0,0
2025-04-25,SKU11,1.0,3499.0,3499.0,0
2025-04-26,SKU11,,10497.0,3499.0,0
2025-04-27,SKU11,6.0,20994.0,3499.0,0
2025-04-28,SKU11,3.0,10497.0,3499.0,0
2025-04-29,SKU11,3.0,10497.0,3499.0,0
2025-04-30,SKU11,1.0,3499.0,3499.0,0
2025-05-01,SKU11,2.0,6998.0,3499.0,0
2025-05-02,SKU11,3.0,10497.0,3499.0,0
2025-05-03,SKU11,3.0,10497.0,3499.0,0
2025-05-04,SKU11,2.0,6998.0,3499.0,0
2025-05-05,SKU11,3.0,10497.0,3499.0,0
2025-05-06,SKU11,2.0,6998.0,3499.0,0
2025-05-07,SKU11,3.0,10497.0,3499.0,0
2025-05-08,SKU11,4.0,13996.0,3499.0,0
2025-05-09,SKU11,3.0,10497.0,3499.0,0
2025-05-10,SKU11,2.0,6298.0,3149.0,1
2025-05-11,SKU11,4.0,12596.0,3149.0,1
2025-05-12,SKU11,5.0,15745.0,3149.0,1
2025-05-13,SKU11,5.0,15745.0,3149.0,1
2025-05-14,SKU11,4.0,12596.0,3149.0,1
2025-05-15,SKU11,2.0,6298.0,3149.0,1
2025-05-16,SKU11,7.0,22043.0,3149.0,1
2025-05-17,SKU11,9.0,28341.0,3149.0,1
2025-05-18,SKU11,5.0,15745.0,3149.0,1
2025-05-19,SKU11,3.0,9447.0,3149.0,1
2025-05-20,SKU11,10.0,31490.0,3149.0,1
2025-05-21,SKU11,3.0,10497.0,3499.0,0
2025-05-22,SKU11,3.0,10497.0,3499.0,0
2025-05-23,SKU11,1.0,3499.0,3499.0,0
2025-05-24,SKU11,5.0,17495.0,3499.0,0
2025-05-25,SKU11,1.0,3499.0,3499.0,0
2025-05-26,SKU11,3.0,10497.0,3499.0,0
2025-05-27,SKU11,3.0,10497.0,3499.0,0
2025-05-28,SKU11,3.0,10497.0,3499.0,0
2025-05-29,SKU11,3.0,10497.0,3499.0,0
2025-05-30,SKU11,7.0,24493.0,3499.0,0
2025-05-31,SKU11,7.0,24493.0,3499.0,0
2025-06-01,SKU11,3.0,10497.0,3499.0,0
2025-06-02,SKU11,5.0,17495.0,3499.0,0
2025-06-03,SKU11,2.0,6998.0,3499.0,0
2025-06-04,SKU11,3.0,10497.0,3499.0,0
2025-06-05,SKU11,3.0,10497.0,3499.0,0
2025-06-06,SKU11,6.0,20994.0,3499.0,0
2025-06-07,SKU11,1.0,3499.0,3499.0,0
2025-06-08,SKU11,4.0,13996.0,3499.0,0
2025-06-09,SKU11,3.0,10497.0,3499.0,0
2025-06-10,SKU11,5.0,17495.0,3499.0,0
2025-06-11,SKU11,2.0,6998.0,3499.0,0
2025-06-12,SKU11,1.0,3499.0,3499.0,0
2025-06-13,SKU11,1.0,3499.0,3499.0,0
2025-06-14,SKU11,3.0,10497.0,3499.0,0
2025-06-15,SKU11,3.0,10497.0,3499.0,0
2025-06-16,SKU11,3.0,10497.0,3499.0,0
2025-06-17,SKU11,2.0,6998.0,3499.0,0
2025-06-18,SKU11,4.0,13996.0,3499.0,0
2025-06-19,SKU11,4.0,13996.0,3499.0,0
2025-06-20,SKU11,0.0,0.0,3499.0,0
2025-06-21,SKU11,4.0,13996.0,3499.0,0
2025-06-22,SKU11,0.0,0.0,3499.0,0
2025-06-23,SKU11,4.0,13996.0,3499.0,0
2025-06-24,SKU11,4.0,13996.0,3499.0,0
2025-06-25,SKU11,6.0,20994.0,3499.0,0
2025-06-26,SKU11,4.0,13996.0,3499.0,0
2025-06-27,SKU11,4.0,13996.0,3499.0,0
2025-06-28,SKU11,3.0,10497.0,3499.0,0
2025-06-29,SKU11,3.0,10497.0,3499.0,0
2025-06-30,SKU11,5.0,17495.0,3499.0,0
2025-07-01,SKU11,2.0,6998.0,3499.0,0
2025-07-02,SKU11,7.0,24493.0,3499.0,0
2025-07-03,SKU11,1.0,3499.0,3499.0,0
2025-07-04,SKU11,2.0,6998.0,3499.0,0
2025-07-05,SKU11,2.0,6998.0,3499.0,0
2025-07-06,SKU11,3.0,10497.0,3499.0,0
2025-07-07,SKU11,6.0,20994.0,3499.0,0
2025-07-08,SKU11,3.0,10497.0,3499.0,0
2025-07-09,SKU11,2.0,6998.0,3499.0,0
2025-07-10,SKU11,7.0,24493.0,3499.0,0
2025-07-11,SKU11,4.0,13996.0,3499.0,0
2025-07-12,SKU11,5.0,17495.0,3499.0,0
2025-07-13,SKU11,4.0,13996.0,3499.0,0
2025-07-14,SKU11,7.0,24493.0,3499.0,0
2025-07-15,SKU11,2.0,6998.0,3499.0,0
2025-07-16,SKU11,1.0,3499.0,3499.0,0
2025-07-17,SKU11,6.0,20994.0,3499.0,0
2025-07-18,SKU11,2.0,6998.0,3499.0,0
2025-07-19,SKU11,4.0,13996.0,3499.0,0
2025-07-20,SKU11,5.0,17495.0,3499.0,0
2025-07-21,SKU11,2.0,6998.0,3499.0,0
2025-07-22,SKU11,4.0,13996.0,3499.0,0
2025-07-23,SKU11,4.0,13996.0,3499.0,0
2025-07-24,SKU11,4.0,13996.0,3499.0,0
2025-07-25,SKU11,1.0,3499.0,3499.0,0
2025-07-26,SKU11,8.0,27992.0,3499.0,0
2025-07-27,SKU11,3.0,10497.0,3499.0,0
2025-07-28,SKU11,1.0,3499.0,3499.0,0
2025-07-29,SKU11,4.0,13996.0,3499.0,0
2025-07-30,SKU11,7.0,24493.0,3499.0,0
2025-07-31,SKU11,2.0,6998.0,3499.0,0
2025-08-01,SKU11,4.0,13996.0,3499.0,0
2025-08-02,SKU11,0.0,0.0,3499.0,0
2025-08-03,SKU11,2.0,6998.0,3499.0,0
2025-08-04,SKU11,4.0,13996.0,3499.0,0
2025-08-05,SKU11,4.0,13996.0,3499.0,0
2025-08-06,SKU11,5.0,17495.0,3499.0,0
2025-08-07,SKU11,8.0,27992.0,3499.0,0
2025-08-08,SKU11,3.0,10497.0,3499.0,0
2025-08-09,SKU11,7.0,24493.0,3499.0,0
2025-08-10,SKU11,3.0,10497.0,3499.0,0
2025-08-11,SKU11,3.0,10497.0,3499.0,0
2025-08-12,SKU11,3.0,10497.0,3499.0,0
2025-08-13,SKU11,5.0,17495.0,3499.0,0
2025-08-14,SKU11,5.0,17495.0,3499.0,0
2025-08-15,SKU11,3.0,10497.0,3499.0,0
2025-08-16,SKU11,7.0,24493.0,3499.0,0
2025-08-17,SKU11,6.0,20994.0,3499.0,0
2025-08-18,SKU11,4.0,13996.0,3499.0,0
2025-08-19,SKU11,2.0,6998.0,3499.0,0
2025-08-20,SKU11,7.0,24493.0,3499.0,0
2025-08-21,SKU11,3.0,10497.0,3499.0,0
2025-08-22,SKU11,5.0,17495.0,3499.0,0
2025-08-23,SKU11,3.0,10497.0,3499.0,0
2025-08-24,SKU11,4.0,13996.0,3499.0,0
2025-08-25,SKU11,3.0,10497.0,3499.0,0
2025-08-26,SKU11,4.0,13996.0,3499.0,0
2025-08-27,SKU11,5.0,17495.0,3499.0,0
2025-08-28,SKU11,3.0,10497.0,3499.0,0
2025-08-29,SKU11,3.0,10497.0,3499.0,0
2025-08-30,SKU11,6.0,20994.0,3499.0,0
2025-08-31,SKU11,4.0,13996.0,3499.0,0
2025-09-01,SKU11,2.0,6998.0,3499.0,0
2025-09-02,SKU11,5.0,17495.0,3499.0,0
2025-09-03,SKU11,5.0,17495.0,3499.0,0
2025-09-04,SKU11,1.0,3499.0,3499.0,0
2025-09-05,SKU11,2.0,6998.0,3499.0,0
2025-09-06,SKU11,10.0,34990.0,3499.0,0
2025-09-07,SKU11,8.0,27992.0,3499.0,0
2025-09-08,SKU11,3.0,10497.0,3499.0,0
2025-09-09,SKU11,5.0,17495.0,3499.0,0
2025-09-10,SKU11,4.0,13996.0,3499.0,0
2025-09-11,SKU11,7.0,24493.0,3499.0,0
2025-09-12,SKU11,3.0,10497.0,3499.0,0
2025-09-13,SKU11,6.0,20994.0,3499.0,0
2025-09-14,SKU11,5.0,17495.0,3499.0,0
2025-09-15,SKU11,5.0,17495.0,3499.0,0
2025-09-16,SKU11,4.0,13996.0,3499.0,0
2025-09-17,SKU11,1.0,3499.0,3499.0,0
2025-09-18,SKU11,3.0,10497.0,3499.0,0
2025-09-19,SKU11,4.0,13996.0,3499.0,0
2025-09-20,SKU11,9.0,31491.0,3499.0,0
2025-09-21,SKU11,3.0,10497.0,3499.0,0
2025-09-22,SKU11,8.0,27992.0,3499.0,0
2025-09-23,SKU11,4.0,13996.0,3499.0,0
2025-09-24,SKU11,4.0,13996.0,3499.0,0
2025-09-25,SKU11,2.0,6998.0,3499.0,0
2025-09-26,SKU11,5.0,17495.0,3499.0,0
2025-09-27,SKU11,2.0,6998.0,3499.0,0
2025-09-28,SKU11,5.0,17495.0,3499.0,0
2025-09-29,SKU11,1.0,3499.0,3499.0,0
2025-09-30,SKU11,4.0,13996.0,3499.0,0
2025-10-01,SKU11,2.0,6998.0,3499.0,0
2025-10-02,SKU11,3.0,10497.0,3499.0,0
2025-10-03,SKU11,1.0,3499.0,3499.0,0
2025-10-04,SKU11,2.0,6998.0,3499.0,0
2025-10-05,SKU11,3.0,10497.0,3499.0,0
2025-10-06,SKU11,3.0,10497.0,3499.0,0
2025-10-07,SKU11,6.0,20994.0,3499.0,0
2025-10-08,SKU11,8.0,27992.0,3499.0,0
2025-10-09,SKU11,2.0,6998.0,3499.0,0
2025-10-10,SKU11,3.0,9447.0,3149.0,1
2025-10-11,SKU11,7.0,22043.0,3149.0,1
2025-10-12,SKU11,7.0,22043.0,3149.0,1
2025-10-13,SKU11,11.0,34639.0,3149.0,1
2025-10-14,SKU11,10.0,31490.0,3149.0,1
2025-10-15,SKU11,4.0,12596.0,3149.0,1
2025-10-16,SKU11,6.0,18894.0,3149.0,1
2025-10-17,SKU11,11.0,34639.0,3149.0,1
2025-10-18,SKU11,4.0,12596.0,3149.0,1
2025-10-19,SKU11,3.0,9447.0,3149.0,1
2025-10-20,SKU11,4.0,12596.0,3149.0,1
2025-10-21,SKU11,7.0,24493.0,3499.0,0
2025-10-22,SKU11,2.0,6998.0,3499.0,0
2025-10-23,SKU11,5.0,17495.0,3499.0,0
2025-10-24,SKU11,4.0,13996.0,3499.0,0
2025-10-25,SKU11,2.0,6998.0,3499.0,0
2025-10-26,SKU11,5.0,17495.0,3499.0,0
2025-10-27,SKU11,4.0,13996.0,3499.0,0
2025-10-28,SKU11,1.0,3499.0,3499.0,0
2025-10-29,SKU11,1.0,3499.0,3499.0,0
2025-10-30,SKU11,2.0,6998.0,3499.0,0
2025-10-31,SKU11,4.0,13996.0,3499.0,0
2025-11-01,SKU11,7.0,24493.0,3499.0,0
2025-11-02,SKU11,2.0,6998.0,3499.0,0
2025-11-03,SKU11,10.0,34990.0,3499.0,0
2025-11-04,SKU11,3.0,10497.0,3499.0,0
2025-11-05,SKU11,4.0,13996.0,3499.0,0
2025-11-06,SKU11,8.0,27992.0,3499.0,0
2025-11-07,SKU11,7.0,24493.0,3499.0,0
2025-11-08,SKU11,8.0,27992.0,3499.0,0
2025-11-09,SKU11,7.0,24493.0,3499.0,0
2025-11-10,SKU11,6.0,20994.0,3499.0,0
2025-11-11,SKU11,2.0,6998.0,3499.0,0
2025-11-12,SKU11,5.0,17495.0,3499.0,0
2025-11-13,SKU11,1.0,3499.0,3499.0,0
2025-11-14,SKU11,3.0,10497.0,3499.0,0
2025-11-15,SKU11,3.0,10497.0,3499.0,0
2025-11-16,SKU11,7.0,24493.0,3499.0,0
2025-11-17,SKU11,4.0,13996.0,3499.0,0
2025-11-18,SKU11,1.0,3499.0,3499.0,0
2025-11-19,SKU11,4.0,13996.0,3499.0,0
2025-11-20,SKU11,5.0,17495.0,3499.0,0
2025-11-21,SKU11,4.0,13996.0,3499.0,0
2025-11-22,SKU11,4.0,13996.0,3499.0,0
2025-11-23,SKU11,6.0,20994.0,3499.0,0
2025-11-24,SKU11,6.0,20994.0,3499.0,0
2025-11-25,SKU11,5.0,17495.0,3499.0,0
2025-11-26,SKU11,4.0,13996.0,3499.0,0
2025-11-27,SKU11,9.0,31491.0,3499.0,0
2025-11-28,SKU11,3.0,10497.0,3499.0,0
2025-11-29,SKU11,3.0,10497.0,3499.0,0
2025-11-30,SKU11,5.0,17495.0,3499.0,0
2025-12-01,SKU11,0.0,0.0,3499.0,0
2025-12-02,SKU11,8.0,27992.0,3499.0,0
2025-12-03,SKU11,7.0,24493.0,3499.0,0
2025-12-04,SKU11,7.0,24493.0,3499.0,0
2025-12-05,SKU11,5.0,17495.0,3499.0,0
2025-12-06,SKU11,3.0,10497.0,3499.0,0
2025-12-07,SKU11,6.0,20994.0,3499.0,0
2025-12-08,SKU11,5.0,17495.0,3499.0,0
2025-12-09,SKU11,3.0,10497.0,3499.0,0
2025-12-10,SKU11,3.0,10497.0,3499.0,0
2025-12-11,SKU11,4.0,13996.0,3499.0,0
2025-12-12,SKU11,8.0,27992.0,3499.0,0
2025-12-13,SKU11,7.0,24493.0,3499.0,0
2025-12-14,SKU11,7.0,24493.0,3499.0,0
2025-12-15,SKU11,4.0,13996.0,3499.0,0
2025-12-16,SKU11,2.0,6998.0,3499.0,0
2025-12-17,SKU11,6.0,20994.0,3499.0,0
2025-12-18,SKU11,5.0,17495.0,3499.0,0
2025-12-19,SKU11,4.0,13996.0,3499.0,0
2025-12-20,SKU11,5.0,15745.0,3149.0,1
2025-12-21,SKU11,8.0,25192.0,3149.0,1
2025-12-22,SKU11,8.0,25192.0,3149.0,1
2025-12-23,SKU11,3.0,9447.0,3149.0,1
2025-12-24,SKU11,6.0,18894.0,3149.0,1
2025-12-25,SKU11,8.0,25192.0,3149.0,1
2025-12-26,SKU11,7.0,22043.0,3149.0,1
2025-12-27,SKU11,6.0,18894.0,3149.0,1
2025-12-28,SKU11,3.0,9447.0,3149.0,1
2024-01-01,SKU12,0.0,0.0,2499.0,0
2024-01-02,SKU12,1.0,2499.0,2499.0,0
2024-01-03,SKU12,4.0,9996.0,2499.0,0
2024-01-04,SKU12,2.0,4998.0,2499.0,0
2024-01-05,SKU12,5.0,12495.0,2499.0,0
2024-01-06,SKU12,3.0,7497.0,2499.0,0
2024-01-07,SKU12,5.0,12495.0,2499.0,0
2024-01-08,SKU12,4.0,9996.0,2499.0,0
2024-01-09,SKU12,4.0,9996.0,2499.0,0
2024-01-10,SKU12,3.0,7497.0,2499.0,0
2024-01-11,SKU12,1.0,2499.0,2499.0,0
2024-01-12,SKU12,2.0,4998.0,2499.0,0
2024-01-13,SKU12,5.0,12495.0,2499.0,0
2024-01-14,SKU12,4.0,9996.0,2499.0,0
2024-01-15,SKU12,2.0,4998.0,2499.0,0
2024-01-16,SKU12,4.0,9996.0,2499.0,0
2024-01-17,SKU12,2.0,4998.0,2499.0,0
2024-01-18,SKU12,3.0,7497.0,2499.0,0
2024-01-19,SKU12,3.0,7497.0,2499.0,0
2024-01-20,SKU12,3.0,6747.0,2249.0,1
2024-01-21,SKU12,3.0,6747.0,2249.0,1
2024-01-22,SKU12,3.0,6747.0,2249.0,1
2024-01-23,SKU12,7.0,15743.0,2249.0,1
2024-01-24,SKU12,6.0,13494.0,2249.0,1
2024-01-25,SKU12,5.0,11245.0,2249.0,1
2024-01-26,SKU12,6.0,13494.0,2249.0,1
2024-01-27,SKU12,6.0,14994.0,2499.0,0
2024-01-28,SKU12,6.0,14994.0,2499.0,0
2024-01-29,SKU12,9.0,22491.0,2499.0,0
2024-01-30,SKU12,4.0,9996.0,2499.0,0
2024-01-31,SKU12,,4998.0,2499.0,0
2024-02-01,SKU12,6.0,14994.0,2499.0,0
2024-02-02,SKU12,3.0,7497.0,2499.0,0
2024-02-03,SKU12,4.0,9996.0,2499.0,0
2024-02-04,SKU12,4.0,9996.0,2499.0,0
2024-02-05,SKU12,5.0,12495.0,2499.0,0
2024-02-06,SKU12,4.0,9996.0,2499.0,0
2024-02-07,SKU12,4.0,9996.0,2499.0,0
2024-02-08,SKU12,4.0,9996.0,2499.0,0
2024-02-09,SKU12,2.0,4998.0,2499.0,0
2024-02-10,SKU12,6.0,14994.0,2499.0,0
2024-02-11,SKU12,3.0,7497.0,2499.0,0
2024-02-12,SKU12,3.0,7497.0,2499.0,0
2024-02-13,SKU12,4.0,9996.0,2499.0,0
2024-02-14,SKU12,2.0,4998.0,2499.0,0
2024-02-15,SKU12,4.0,9996.0,2499.0,0
2024-02-16,SKU12,3.0,7497.0,2499.0,0
2024-02-17,SKU12,9.0,22491.0,2499.0,0
2024-02-18,SKU12,5.0,12495.0,2499.0,0
2024-02-19,SKU12,4.0,9996.0,2499.0,0
2024-02-20,SKU12,3.0,7497.0,2499.0,0
2024-02-21,SKU12,2.0,4998.0,2499.0,0
2024-02-22,SKU12,5.0,12495.0,2499.0,0
2024-02-23,SKU12,4.0,9996.0,2499.0,0
2024-02-24,SKU12,6.0,14994.0,2499.0,0
2024-02-25,SKU12,,27489.0,2499.0,0
2024-02-26,SKU12,2.0,4998.0,2499.0,0
2024-02-27,SKU12,6.0,14994.0,2499.0,0
2024-02-28,SKU12,4.0,9996.0,2499.0,0
2024-02-29,SKU12,3.0,7497.0,2499.0,0
2024-03-01,SKU12,3.0,7497.0,2499.0,0
2024-03-02,SKU12,4.0,9996.0,2499.0,0
2024-03-03,SKU12,3.0,7497.0,2499.0,0
2024-03-04,SKU12,5.0,12495.0,2499.0,0
2024-03-05,SKU12,4.0,9996.0,2499.0,0
2024-03-06,SKU12,6.0,14994.0,2499.0,0
2024-03-07,SKU12,7.0,17493.0,2499.0,0
2024-03-08,SKU12,5.0,12495.0,2499.0,0
2024-03-09,SKU12,8.0,19992.0,2499.0,0
2024-03-10,SKU12,8.0,19992.0,2499.0,0
2024-03-11,SKU12,2.0,4998.0,2499.0,0
2024-03-12,SKU12,6.0,14994.0,2499.0,0
2024-03-13,SKU12,8.0,19992.0,2499.0,0
2024-03-14,SKU12,2.0,4998.0,2499.0,0
2024-03-15,SKU12,8.0,19992.0,2499.0,0
2024-03-16,SKU12,6.0,14994.0,2499.0,0
2024-03-17,SKU12,7.0,17493.0,2499.0,0
2024-03-18,SKU12,8.0,19992.0,2499.0,0
2024-03-19,SKU12,7.0,17493.0,2499.0,0
2024-03-20,SKU12,4.0,9996.0,2499.0,0
2024-03-21,SKU12,3.0,7497.0,2499.0,0
2024-03-22,SKU12,2.0,4998.0,2499.0,0
2024-03-23,SKU12,5.0,12495.0,2499.0,0
2024-03-24,SKU12,4.0,9996.0,2499.0,0
2024-03-25,SKU12,7.0,17493.0,2499.0,0
2024-03-26,SKU12,3.0,7497.0,2499.0,0
2024-03-27,SKU12,9.0,22491.0,2499.0,0
2024-03-28,SKU12,4.0,9996.0,2499.0,0
2024-03-29,SKU12,7.0,17493.0,2499.0,0
2024-03-30,SKU12,8.0,19992.0,2499.0,0
2024-03-31,SKU12,8.0,19992.0,2499.0,0
2024-04-01,SKU12,3.0,7497.0,2499.0,0
2024-04-02,SKU12,7.0,17493.0,2499.0,0
2024-04-03,SKU12,6.0,14994.0,2499.0,0
2024-04-04,SKU12,4.0,9996.0,2499.0,0
2024-04-05,SKU12,2.0,4998.0,2499.0,0
2024-04-06,SKU12,3.0,7497.0,2499.0,0
2024-04-07,SKU12,12.0,29988.0,2499.0,0
2024-04-08,SKU12,8.0,19992.0,2499.0,0
2024-04-09,SKU12,3.0,7497.0,2499.0,0
2024-04-10,SKU12,4.0,9996.0,2499.0,0
2024-04-11,SKU12,5.0,12495.0,2499.0,0
2024-04-12,SKU12,5.0,12495.0,2499.0,0
2024-04-13,SKU12,3.0,7497.0,2499.0,0
2024-04-14,SKU12,7.0,17493.0,2499.0,0
2024-04-15,SKU12,5.0,12495.0,2499.0,0
2024-04-16,SKU12,5.0,12495.0,2499.0,0
2024-04-17,SKU12,9.0,22491.0,2499.0,0
2024-04-18,SKU12,6.0,14994.0,2499.0,0
2024-04-19,SKU12,7.0,17493.0,2499.0,0
2024-04-20,SKU12,8.0,19992.0,2499.0,0
2024-04-21,SKU12,7.0,17493.0,2499.0,0
2024-04-22,SKU12,5.0,12495.0,2499.0,0
2024-04-23,SKU12,4.0,9996.0,2499.0,0
2024-04-24,SKU12,3.0,7497.0,2499.0,0
2024-04-25,SKU12,2.0,4998.0,2499.0,0
2024-04-26,SKU12,11.0,27489.0,2499.0,0
2024-04-27,SKU12,6.0,14994.0,2499.0,0
2024-04-28,SKU12,7.0,17493.0,2499.0,0
2024-04-29,SKU12,8.0,19992.0,2499.0,0
2024-04-30,SKU12,10.0,24990.0,2499.0,0
2024-05-01,SKU12,3.0,7497.0,2499.0,0
2024-05-02,SKU12,5.0,12495.0,2499.0,0
2024-05-03,SKU12,4.0,9996.0,2499.0,0
2024-05-04,SKU12,9.0,22491.0,2499.0,0
2024-05-05,SKU12,6.0,14994.0,2499.0,0
2024-05-06,SKU12,3.0,7497.0,2499.0,0
2024-05-07,SKU12,11.0,27489.0,2499.0,0
2024-05-08,SKU12,1.0,2499.0,2499.0,0
2024-05-09,SKU12,4.0,9996.0,2499.0,0
2024-05-10,SKU12,10.0,22490.0,2249.0,1
2024-05-11,SKU12,12.0,26988.0,2249.0,1
2024-05-12,SKU12,7.0,15743.0,2249.0,1
2024-05-13,SKU12,8.0,17992.0,2249.0,1
2024-05-14,SKU12,9.0,20241.0,2249.0,1
2024-05-15,SKU12,3.0,6747.0,2249.0,1
2024-05-16,SKU12,5.0,11245.0,2249.0,1
2024-05-17,SKU12,4.0,8996.0,2249.0,1
2024-05-18,SKU12,13.0,29237.0,2249.0,1
2024-05-19,SKU12,5.0,11245.0,2249.0,1
2024-05-20,SKU12,8.0,17992.0,2249.0,1
2024-05-21,SKU12,4.0,9996.0,2499.0,0
2024-05-22,SKU12,4.0,9996.0,2499.0,0
2024-05-23,SKU12,9.0,22491.0,2499.0,0
2024-05-24,SKU12,2.0,4998.0,2499.0,0
2024-05-25,SKU12,7.0,17493.0,2499.0,0
2024-05-26,SKU12,7.0,17493.0,2499.0,0
2024-05-27,SKU12,2.0,4998.0,2499.0,0
2024-05-28,SKU12,4.0,9996.0,2499.0,0
2024-05-29,SKU12,6.0,14994.0,2499.0,0
2024-05-30,SKU12,4.0,9996.0,2499.0,0
2024-05-31,SKU12,13.0,32487.0,2499.0,0
2024-06-01,SKU12,9.0,22491.0,2499.0,0
2024-06-02,SKU12,3.0,7497.0,2499.0,0
2024-06-03,SKU12,2.0,4998.0,2499.0,0
2024-06-04,SKU12,7.0,17493.0,2499.0,0
2024-06-05,SKU12,7.0,17493.0,2499.0,0
2024-06-06,SKU12,5.0,12495.0,2499.0,0
2024-06-07,SKU12,4.0,9996.0,2499.0,0
2024-06-08,SKU12,5.0,12495.0,2499.0,0
2024-06-09,SKU12,3.0,7497.0,2499.0,0
2024-06-10,SKU12,5.0,12495.0,2499.0,0
2024-06-11,SKU12,3.0,7497.0,2499.0,0
2024-06-12,SKU12,5.0,12495.0,2499.0,0
2024-06-13,SKU12,4.0,9996.0,2499.0,0
2024-06-14,SKU12,0.0,0.0,2499.0,0
2024-06-15,SKU12,7.0,17493.0,2499.0,0
2024-06-16,SKU12,5.0,12495.0,2499.0,0
2024-06-17,SKU12,6.0,14994.0,2499.0,0
2024-06-18,SKU12,5.0,12495.0,2499.0,0
2024-06-19,SKU12,5.0,12495.0,2499.0,0
2024-06-20,SKU12,2.0,4998.0,2499.0,0
2024-06-21,SKU12,5.0,12495.0,2499.0,0
2024-06-22,SKU12,4.0,9996.0,2499.0,0
2024-06-23,SKU12,5.0,12495.0,2499.0,0
2024-06-24,SKU12,6.0,14994.0,2499.0,0
2024-06-25,SKU12,1.0,2499.0,2499.0,0
2024-06-26,SKU12,5.0,12495.0,2499.0,0
2024-06-27,SKU12,3.0,7497.0,2499.0,0
2024-06-28,SKU12,3.0,7497.0,2499.0,0
2024-06-29,SKU12,5.0,12495.0,2499.0,0
2024-06-30,SKU12,8.0,19992.0,2499.0,0
2024-07-01,SKU12,6.0,14994.0,2499.0,0
2024-07-02,SKU12,2.0,4998.0,2499.0,0
2024-07-03,SKU12,2.0,4998.0,2499.0,0
2024-07-04,SKU12,3.0,7497.0,2499.0,0
2024-07-05,SKU12,7.0,17493.0,2499.0,0
2024-07-06,SKU12,3.0,7497.0,2499.0,0
2024-07-07,SKU12,8.0,19992.0,2499.0,0
2024-07-08,SKU12,3.0,7497.0,2499.0,0
2024-07-09,SKU12,2.0,4998.0,2499.0,0
2024-07-10,SKU12,5.0,12495.0,2499.0,0
2024-07-11,SKU12,2.0,4998.0,2499.0,0
2024-07-12,SKU12,2.0,4998.0,2499.0,0
2024-07-13,SKU12,0.0,0.0,2499.0,0
2024-07-14,SKU12,5.0,12495.0,2499.0,0
2024-07-15,SKU12,5.0,12495.0,2499.0,0
2024-07-16,SKU12,3.0,7497.0,2499.0,0
2024-07-17,SKU12,1.0,2499.0,2499.0,0
2024-07-18,SKU12,6.0,14994.0,2499.0,0
2024-07-19,SKU12,4.0,9996.0,2499.0,0
2024-07-20,SKU12,3.0,7497.0,2499.0,0
2024-07-21,SKU12,1.0,2499.0,2499.0,0
2024-07-22,SKU12,3.0,7497.0,2499.0,0
2024-07-23,SKU12,4.0,9996.0,2499.0,0
2024-07-24,SKU12,1.0,2499.0,2499.0,0
2024-07-25,SKU12,3.0,7497.0,2499.0,0
2024-07-26,SKU12,1.0,2499.0,2499.0,0
2024-07-27,SKU12,5.0,12495.0,2499.0,0
2024-07-28,SKU12,3.0,7497.0,2499.0,0
2024-07-29,SKU12,2.0,4998.0,2499.0,0
2024-07-30,SKU12,5.0,12495.0,2499.0,0
2024-07-31,SKU12,2.0,4998.0,2499.0,0
2024-08-01,SKU12,4.0,9996.0,2499.0,0
2024-08-02,SKU12,0.0,0.0,2499.0,0
2024-08-03,SKU12,2.0,4998.0,2499.0,0
2024-08-04,SKU12,3.0,7497.0,2499.0,0
2024-08-05,SKU12,0.0,0.0,2499.0,0
2024-08-06,SKU12,3.0,7497.0,2499.0,0
2024-08-07,SKU12,0.0,0.0,2499.0,0
2024-08-08,SKU12,3.0,7497.0,2499.0,0
2024-08-09,SKU12,2.0,4998.0,2499.0,0
2024-08-10,SKU12,2.0,4998.0,2499.0,0
2024-08-11,SKU12,3.0,7497.0,2499.0,0
2024-08-12,SKU12,3.0,7497.0,2499.0,0
2024-08-13,SKU12,2.0,4998.0,2499.0,0
2024-08-14,SKU12,0.0,0.0,2499.0,0
2024-08-15,SKU12,2.0,4998.0,2499.0,0
2024-08-16,SKU12,2.0,4998.0,2499.0,0
2024-08-17,SKU12,1.0,2499.0,2499.0,0
2024-08-18,SKU12,3.0,7497.0,2499.0,0
2024-08-19,SKU12,1.0,2499.0,2499.0,0
2024-08-20,SKU12,4.0,9996.0,2499.0,0
2024-08-21,SKU12,3.0,7497.0,2499.0,0
2024-08-22,SKU12,2.0,4998.0,2499.0,0
2024-08-23,SKU12,2.0,4998.0,2499.0,0
2024-08-24,SKU12,1.0,2499.0,2499.0,0
2024-08-25,SKU12,4.0,9996.0,2499.0,0
2024-08-26,SKU12,1.0,2499.0,2499.0,0
2024-08-27,SKU12,0.0,0.0,2499.0,0
2024-08-28,SKU12,4.0,9996.0,2499.0,0
2024-08-29,SKU12,2.0,4998.0,2499.0,0
2024-08-30,SKU12,2.0,4998.0,2499.0,0
2024-08-31,SKU12,2.0,4998.0,2499.0,0
2024-09-01,SKU12,6.0,14994.0,2499.0,0
2024-09-02,SKU12,1.0,2499.0,2499.0,0
2024-09-03,SKU12,1.0,2499.0,2499.0,0
2024-09-04,SKU12,0.0,0.0,2499.0,0
2024-09-05,SKU12,1.0,2499.0,2499.0,0
2024-09-06,SKU12,1.0,2499.0,2499.0,0
2024-09-07,SKU12,3.0,7497.0,2499.0,0
2024-09-08,SKU12,1.0,2499.0,2499.0,0
2024-09-09,SKU12,0.0,0.0,2499.0,0
2024-09-10,SKU12,1.0,2499.0,2499.0,0
2024-09-11,SKU12,0.0,0.0,2499.0,0
2024-09-12,SKU12,1.0,2499.0,2499.0,0
2024-09-13,SKU12,2.0,4998.0,2499.0,0
2024-09-14,SKU12,1.0,2499.0,2499.0,0
2024-09-15,SKU12,1.0,2499.0,2499.0,0
2024-09-16,SKU12,1.0,2499.0,2499.0,0
2024-09-17,SKU12,0.0,0.0,2499.0,0
2024-09-18,SKU12,0.0,0.0,2499.0,0
2024-09-19,SKU12,2.0,4998.0,2499.0,0
2024-09-20,SKU12,1.0,2499.0,2499.0,0
2024-09-21,SKU12,0.0,0.0,2499.0,0
2024-09-22,SKU12,1.0,2499.0,2499.0,0
2024-09-23,SKU12,3.0,7497.0,2499.0,0
2024-09-24,SKU12,1.0,2499.0,2499.0,0
2024-09-25,SKU12,1.0,2499.0,2499.0,0
2024-09-26,SKU12,1.0,2499.0,2499.0,0
2024-09-27,SKU12,0.0,0.0,2499.0,0
2024-09-28,SKU12,0.0,0.0,2499.0,0
2024-09-29,SKU12,2.0,4998.0,2499.0,0
2024-09-30,SKU12,1.0,2499.0,2499.0,0
2024-10-01,SKU12,2.0,4998.0,2499.0,0
2024-10-02,SKU12,1.0,2499.0,2499.0,0
2024-10-03,SKU12,1.0,2499.0,2499.0,0
2024-10-04,SKU12,2.0,4998.0,2499.0,0
2024-10-05,SKU12,0.0,0.0,2499.0,0
2024-10-06,SKU12,0.0,0.0,2499.0,0
2024-10-07,SKU12,1.0,2499.0,2499.0,0
2024-10-08,SKU12,0.0,0.0,2499.0,0
2024-10-09,SKU12,0.0,0.0,2499.0,0
2024-10-10,SKU12,1.0,2499.0,2499.0,0
2024-10-11,SKU12,0.0,0.0,2499.0,0
2024-10-12,SKU12,1.0,2499.0,2499.0,0
2024-10-13,SKU12,1.0,2499.0,2499.0,0
2024-10-14,SKU12,0.0,0.0,2499.0,0
2024-10-15,SKU12,1.0,2499.0,2499.0,0
2024-10-16,SKU12,0.0,0.0,2499.0,0
2024-10-17,SKU12,1.0,2499.0,2499.0,0
2024-10-18,SKU12,2.0,4998.0,2499.0,0
2024-10-19,SKU12,0.0,0.0,2499.0,0
2024-10-20,SKU12,1.0,2499.0,2499.0,0
2024-10-21,SKU12,1.0,2499.0,2499.0,0
2024-10-22,SKU12,2.0,4498.0,2249.0,1
2024-10-23,SKU12,2.0,4498.0,2249.0,1
2024-10-24,SKU12,0.0,0.0,2249.0,1
2024-10-25,SKU12,1.0,2249.0,2249.0,1
2024-10-26,SKU12,0.0,0.0,2249.0,1
2024-10-27,SKU12,3.0,6747.0,2249.0,1
2024-10-28,SKU12,1.0,2249.0,2249.0,1
2024-10-29,SKU12,1.0,2249.0,2249.0,1
2024-10-30,SKU12,0.0,0.0,2249.0,1
2024-10-31,SKU12,0.0,0.0,2249.0,1
2024-11-01,SKU12,2.0,4498.0,2249.0,1
2024-11-02,SKU12,1.0,2499.0,2499.0,0
2024-11-03,SKU12,0.0,0.0,2499.0,0
2024-11-04,SKU12,1.0,2499.0,2499.0,0
2024-11-05,SKU12,0.0,0.0,2499.0,0
2024-11-06,SKU12,0.0,0.0,2499.0,0
2024-11-07,SKU12,0.0,0.0,2499.0,0
2024-11-08,SKU12,2.0,4998.0,2499.0,0
2024-11-09,SKU12,2.0,4998.0,2499.0,0
2024-11-10,SKU12,2.0,4998.0,2499.0,0
2024-11-11,SKU12,3.0,7497.0,2499.0,0
2024-11-12,SKU12,2.0,4998.0,2499.0,0
2024-11-13,SKU12,1.0,2499.0,2499.0,0
2024-11-14,SKU12,2.0,4998.0,2499.0,0
2024-11-15,SKU12,1.0,2499.0,2499.0,0
2024-11-16,SKU12,1.0,2499.0,2499.0,0
2024-11-17,SKU12,3.0,7497.0,2499.0,0
2024-11-18,SKU12,1.0,2499.0,2499.0,0
2024-11-19,SKU12,1.0,2499.0,2499.0,0
2024-11-20,SKU12,1.0,2499.0,2499.0,0
2024-11-21,SKU12,0.0,0.0,2499.0,0
2024-11-22,SKU12,3.0,7497.0,2499.0,0
2024-11-23,SKU12,1.0,2499.0,2499.0,0
2024-11-24,SKU12,1.0,2499.0,2499.0,0
2024-11-25,SKU12,4.0,9996.0,2499.0,0
2024-11-26,SKU12,2.0,4998.0,2499.0,0
2024-11-27,SKU12,,0.0,2499.0,0
2024-11-28,SKU12,0.0,0.0,2499.0,0
2024-11-29,SKU12,3.0,7497.0,2499.0,0
2024-11-30,SKU12,2.0,4998.0,2499.0,0
2024-12-01,SKU12,4.0,9996.0,2499.0,0
2024-12-02,SKU12,2.0,4998.0,2499.0,0
2024-12-03,SKU12,0.0,0.0,2499.0,0
2024-12-04,SKU12,0.0,0.0,2499.0,0
2024-12-05,SKU12,1.0,2499.0,2499.0,0
2024-12-06,SKU12,1.0,2499.0,2499.0,0
2024-12-07,SKU12,2.0,4998.0,2499.0,0
2024-12-08,SKU12,2.0,4998.0,2499.0,0
2024-12-09,SKU12,0.0,0.0,2499.0,0
2024-12-10,SKU12,2.0,4998.0,2499.0,0
2024-12-11,SKU12,2.0,4998.0,2499.0,0
2024-12-12,SKU12,0.0,0.0,2499.0,0
2024-12-13,SKU12,2.0,4998.0,2499.0,0
2024-12-14,SKU12,1.0,2499.0,2499.0,0
2024-12-15,SKU12,2.0,4998.0,2499.0,0
2024-12-16,SKU12,0.0,0.0,2499.0,0
2024-12-17,SKU12,2.0,4998.0,2499.0,0
2024-12-18,SKU12,0.0,0.0,2499.0,0
2024-12-19,SKU12,0.0,0.0,2499.0,0
2024-12-20,SKU12,3.0,6747.0,2249.0,1
2024-12-21,SKU12,2.0,4498.0,2249.0,1
2024-12-22,SKU12,6.0,13494.0,2249.0,1
2024-12-23,SKU12,2.0,4498.0,2249.0,1
2024-12-24,SKU12,4.0,8996.0,2249.0,1
2024-12-25,SKU12,1.0,2249.0,2249.0,1
2024-12-26,SKU12,1.0,2249.0,2249.0,1
2024-12-27,SKU12,3.0,6747.0,2249.0,1
2024-12-28,SKU12,5.0,11245.0,2249.0,1
2024-12-29,SKU12,5.0,11245.0,2249.0,1
2024-12-30,SKU12,0.0,0.0,2249.0,1
2024-12-31,SKU12,4.0,8996.0,2249.0,1
2025-01-01,SKU12,3.0,7497.0,2499.0,0
2025-01-02,SKU12,3.0,7497.0,2499.0,0
2025-01-03,SKU12,5.0,12495.0,2499.0,0
2025-01-04,SKU12,3.0,7497.0,2499.0,0
2025-01-05,SKU12,3.0,7497.0,2499.0,0
2025-01-06,SKU12,2.0,4998.0,2499.0,0
2025-01-07,SKU12,4.0,9996.0,2499.0,0
2025-01-08,SKU12,4.0,9996.0,2499.0,0
2025-01-09,SKU12,4.0,9996.0,2499.0,0
2025-01-10,SKU12,5.0,12495.0,2499.0,0
2025-01-11,SKU12,2.0,4998.0,2499.0,0
2025-01-12,SKU12,4.0,9996.0,2499.0,0
2025-01-13,SKU12,3.0,7497.0,2499.0,0
2025-01-14,SKU12,2.0,4998.0,2499.0,0
2025-01-15,SKU12,2.0,4998.0,2499.0,0
2025-01-16,SKU12,4.0,9996.0,2499.0,0
2025-01-17,SKU12,3.0,7497.0,2499.0,0
2025-01-18,SKU12,8.0,19992.0,2499.0,0
2025-01-19,SKU12,3.0,7497.0,2499.0,0
2025-01-20,SKU12,4.0,8996.0,2249.0,1
2025-01-21,SKU12,6.0,13494.0,2249.0,1
2025-01-22,SKU12,5.0,11245.0,2249.0,1
2025-01-23,SKU12,4.0,8996.0,2249.0,1
2025-01-24,SKU12,9.0,20241.0,2249.0,1
2025-01-25,SKU12,9.0,20241.0,2249.0,1
2025-01-26,SKU12,11.0,24739.0,2249.0,1
2025-01-27,SKU12,4.0,9996.0,2499.0,0
2025-01-28,SKU12,0.0,0.0,2499.0,0
2025-01-29,SKU12,8.0,19992.0,2499.0,0
2025-01-30,SKU12,4.0,9996.0,2499.0,0
2025-01-31,SKU12,5.0,12495.0,2499.0,0
2025-02-01,SKU12,5.0,12495.0,2499.0,0
2025-02-02,SKU12,6.0,14994.0,2499.0,0
2025-02-03,SKU12,5.0,12495.0,2499.0,0
2025-02-04,SKU12,6.0,14994.0,2499.0,0
2025-02-05,SKU12,6.0,14994.0,2499.0,0
2025-02-06,SKU12,5.0,12495.0,2499.0,0
2025-02-07,SKU12,5.0,12495.0,2499.0,0
2025-02-08,SKU12,6.0,14994.0,2499.0,0
2025-02-09,SKU12,6.0,14994.0,2499.0,0
2025-02-10,SKU12,3.0,7497.0,2499.0,0
2025-02-11,SKU12,3.0,7497.0,2499.0,0
2025-02-12,SKU12,2.0,4998.0,2499.0,0
2025-02-13,SKU12,7.0,17493.0,2499.0,0
2025-02-14,SKU12,4.0,9996.0,2499.0,0
2025-02-15,SKU12,14.0,34986.0,2499.0,0
2025-02-16,SKU12,4.0,9996.0,2499.0,0
2025-02-17,SKU12,3.0,7497.0,2499.0,0
2025-02-18,SKU12,9.0,22491.0,2499.0,0
2025-02-19,SKU12,7.0,17493.0,2499.0,0
2025-02-20,SKU12,3.0,7497.0,2499.0,0
2025-02-21,SKU12,3.0,7497.0,2499.0,0
2025-02-22,SKU12,3.0,7497.0,2499.0,0
2025-02-23,SKU12,2.0,4998.0,2499.0,0
2025-02-24,SKU12,6.0,14994.0,2499.0,0
2025-02-25,SKU12,5.0,12495.0,2499.0,0
2025-02-26,SKU12,5.0,12495.0,2499.0,0
2025-02-27,SKU12,7.0,17493.0,2499.0,0
2025-02-28,SKU12,3.0,7497.0,2499.0,0
2025-03-01,SKU12,3.0,7497.0,2499.0,0
2025-03-02,SKU12,6.0,14994.0,2499.0,0
2025-03-03,SKU12,7.0,17493.0,2499.0,0
2025-03-04,SKU12,8.0,19992.0,2499.0,0
2025-03-05,SKU12,4.0,9996.0,2499.0,0
2025-03-06,SKU12,5.0,12495.0,2499.0,0
2025-03-07,SKU12,6.0,14994.0,2499.0,0
2025-03-08,SKU12,9.0,22491.0,2499.0,0
2025-03-09,SKU12,9.0,22491.0,2499.0,0
2025-03-10,SKU12,5.0,12495.0,2499.0,0
2025-03-11,SKU12,5.0,12495.0,2499.0,0
2025-03-12,SKU12,8.0,19992.0,2499.0,0
2025-03-13,SKU12,6.0,14994.0,2499.0,0
2025-03-14,SKU12,4.0,9996.0,2499.0,0
2025-03-15,SKU12,11.0,27489.0,2499.0,0
2025-03-16,SKU12,9.0,22491.0,2499.0,0
2025-03-17,SKU12,5.0,12495.0,2499.0,0
2025-03-18,SKU12,6.0,14994.0,2499.0,0
2025-03-19,SKU12,10.0,24990.0,2499.0,0
2025-03-20,SKU12,7.0,17493.0,2499.0,0
2025-03-21,SKU12,4.0,9996.0,2499.0,0
2025-03-22,SKU12,6.0,14994.0,2499.0,0
2025-03-23,SKU12,8.0,19992.0,2499.0,0
2025-03-24,SKU12,5.0,12495.0,2499.0,0
2025-03-25,SKU12,5.0,12495.0,2499.0,0
2025-03-26,SKU12,9.0,22491.0,2499.0,0
2025-03-27,SKU12,8.0,19992.0,2499.0,0
2025-03-28,SKU12,3.0,7497.0,2499.0,0
2025-03-29,SKU12,7.0,17493.0,2499.0,0
2025-03-30,SKU12,11.0,27489.0,2499.0,0
2025-03-31,SKU12,8.0,19992.0,2499.0,0
2025-04-01,SKU12,6.0,14994.0,2499.0,0
2025-04-02,SKU12,6.0,14994.0,2499.0,0
2025-04-03,SKU12,7.0,17493.0,2499.0,0
2025-04-04,SKU12,8.0,19992.0,2499.0,0
2025-04-05,SKU12,6.0,14994.0,2499.0,0
2025-04-06,SKU12,7.0,17493.0,2499.0,0
2025-04-07,SKU12,7.0,17493.0,2499.0,0
2025-04-08,SKU12,7.0,17493.0,2499.0,0
2025-04-09,SKU12,8.0,19992.0,2499.0,0
2025-04-10,SKU12,5.0,12495.0,2499.0,0
2025-04-11,SKU12,6.0,14994.0,2499.0,0
2025-04-12,SKU12,4.0,9996.0,2499.0,0
2025-04-13,SKU12,13.0,32487.0,2499.0,0
2025-04-14,SKU12,5.0,12495.0,2499.0,0
2025-04-15,SKU12,8.0,19992.0,2499.0,0
2025-04-16,SKU12,6.0,14994.0,2499.0,0
2025-04-17,SKU12,6.0,14994.0,2499.0,0
2025-04-18,SKU12,6.0,14994.0,2499.0,0
2025-04-19,SKU12,8.0,19992.0,2499.0,0
2025-04-20,SKU12,8.0,19992.0,2499.0,0
2025-04-21,SKU12,7.0,17493.0,2499.0,0
2025-04-22,SKU12,3.0,7497.0,2499.0,0
2025-04-23,SKU12,9.0,22491.0,2499.0,0
2025-04-24,SKU12,7.0,17493.0,2499.0,0
2025-04-25,SKU12,4.0,9996.0,2499.0,0
2025-04-26,SKU12,9.0,22491.0,2499.0,0
2025-04-27,SKU12,10.0,24990.0,2499.0,0
2025-04-28,SKU12,6.0,14994.0,2499.0,0
2025-04-29,SKU12,3.0,7497.0,2499.0,0
2025-04-30,SKU12,5.0,12495.0,2499.0,0
2025-05-01,SKU12,8.0,19992.0,2499.0,0
2025-05-02,SKU12,6.0,14994.0,2499.0,0
2025-05-03,SKU12,7.0,17493.0,2499.0,0
2025-05-04,SKU12,8.0,19992.0,2499.0,0
2025-05-05,SKU12,5.0,12495.0,2499.0,0
2025-05-06,SKU12,4.0,9996.0,2499.0,0
2025-05-07,SKU12,9.0,22491.0,2499.0,0
2025-05-08,SKU12,10.0,24990.0,2499.0,0
2025-05-09,SKU12,8.0,19992.0,2499.0,0
2025-05-10,SKU12,5.0,11245.0,2249.0,1
2025-05-11,SKU12,6.0,13494.0,2249.0,1
2025-05-12,SKU12,7.0,15743.0,2249.0,1
2025-05-13,SKU12,5.0,11245.0,2249.0,1
2025-05-14,SKU12,12.0,26988.0,2249.0,1
2025-05-15,SKU12,4.0,8996.0,2249.0,1
2025-05-16,SKU12,11.0,24739.0,2249.0,1
2025-05-17,SKU12,9.0,20241.0,2249.0,1
2025-05-18,SKU12,13.0,29237.0,2249.0,1
2025-05-19,SKU12,8.0,17992.0,2249.0,1
2025-05-20,SKU12,10.0,22490.0,2249.0,1
2025-05-21,SKU12,6.0,14994.0,2499.0,0
2025-05-22,SKU12,6.0,14994.0,2499.0,0
2025-05-23,SKU12,3.0,7497.0,2499.0,0
2025-05-24,SKU12,8.0,19992.0,2499.0,0
2025-05-25,SKU12,6.0,14994.0,2499.0,0
2025-05-26,SKU12,5.0,12495.0,2499.0,0
2025-05-27,SKU12,4.0,9996.0,2499.0,0
2025-05-28,SKU12,6.0,14994.0,2499.0,0
2025-05-29,SKU12,5.0,12495.0,2499.0,0
2025-05-30,SKU12,8.0,19992.0,2499.0,0
2025-05-31,SKU12,6.0,14994.0,2499.0,0
2025-06-01,SKU12,13.0,32487.0,2499.0,0
2025-06-02,SKU12,8.0,19992.0,2499.0,0
2025-06-03,SKU12,4.0,9996.0,2499.0,0
2025-06-04,SKU12,6.0,14994.0,2499.0,0
2025-06-05,SKU12,4.0,9996.0,2499.0,0
2025-06-06,SKU12,2.0,4998.0,2499.0,0
2025-06-07,SKU12,8.0,19992.0,2499.0,0
2025-06-08,SKU12,5.0,12495.0,2499.0,0
2025-06-09,SKU12,11.0,27489.0,2499.0,0
2025-06-10,SKU12,1.0,2499.0,2499.0,0
2025-06-11,SKU12,7.0,17493.0,2499.0,0
2025-06-12,SKU12,6.0,14994.0,2499.0,0
2025-06-13,SKU12,4.0,9996.0,2499.0,0
2025-06-14,SKU12,3.0,7497.0,2499.0,0
2025-06-15,SKU12,5.0,12495.0,2499.0,0
2025-06-16,SKU12,5.0,12495.0,2499.0,0
2025-06-17,SKU12,4.0,9996.0,2499.0,0
2025-06-18,SKU12,4.0,9996.0,2499.0,0
2025-06-19,SKU12,4.0,9996.0,2499.0,0
2025-06-20,SKU12,7.0,17493.0,2499.0,0
2025-06-21,SKU12,8.0,19992.0,2499.0,0
2025-06-22,SKU12,5.0,12495.0,2499.0,0
2025-06-23,SKU12,11.0,27489.0,2499.0,0
2025-06-24,SKU12,2.0,4998.0,2499.0,0
2025-06-25,SKU12,5.0,12495.0,2499.0,0
2025-06-26,SKU12,6.0,14994.0,2499.0,0
2025-06-27,SKU12,1.0,2499.0,2499.0,0
2025-06-28,SKU12,7.0,17493.0,2499.0,0
2025-06-29,SKU12,5.0,12495.0,2499.0,0
2025-06-30,SKU12,6.0,14994.0,2499.0,0
2025-07-01,SKU12,3.0,7497.0,2499.0,0
2025-07-02,SKU12,5.0,12495.0,2499.0,0
2025-07-03,SKU12,2.0,4998.0,2499.0,0
2025-07-04,SKU12,4.0,9996.0,2499.0,0
2025-07-05,SKU12,5.0,12495.0,2499.0,0
2025-07-06,SKU12,12.0,29988.0,2499.0,0
2025-07-07,SKU12,3.0,7497.0,2499.0,0
2025-07-08,SKU12,2.0,4998.0,2499.0,0
2025-07-09,SKU12,3.0,7497.0,2499.0,0
2025-07-10,SKU12,0.0,0.0,2499.0,0
2025-07-11,SKU12,5.0,12495.0,2499.0,0
2025-07-12,SKU12,3.0,7497.0,2499.0,0
2025-07-13,SKU12,8.0,19992.0,2499.0,0
2025-07-14,SKU12,2.0,4998.0,2499.0,0
2025-07-15,SKU12,2.0,4998.0,2499.0,0
2025-07-16,SKU12,5.0,12495.0,2499.0,0
2025-07-17,SKU12,2.0,4998.0,2499.0,0
2025-07-18,SKU12,4.0,9996.0,2499.0,0
2025-07-19,SKU12,2.0,4998.0,2499.0,0
2025-07-20,SKU12,4.0,9996.0,2499.0,0
2025-07-21,SKU12,4.0,9996.0,2499.0,0
2025-07-22,SKU12,3.0,7497.0,2499.0,0
2025-07-23,SKU12,3.0,7497.0,2499.0,0
2025-07-24,SKU12,4.0,9996.0,2499.0,0
2025-07-25,SKU12,4.0,9996.0,2499.0,0
2025-07-26,SKU12,5.0,12495.0,2499.0,0
2025-07-27,SKU12,5.0,12495.0,2499.0,0
2025-07-28,SKU12,2.0,4998.0,2499.0,0
2025-07-29,SKU12,6.0,14994.0,2499.0,0
2025-07-30,SKU12,2.0,4998.0,2499.0,0
2025-07-31,SKU12,4.0,9996.0,2499.0,0
2025-08-01,SKU12,2.0,4998.0,2499.0,0
2025-08-02,SKU12,3.0,7497.0,2499.0,0
2025-08-03,SKU12,4.0,9996.0,2499.0,0
2025-08-04,SKU12,4.0,9996.0,2499.0,0
2025-08-05,SKU12,3.0,7497.0,2499.0,0
2025-08-06,SKU12,2.0,4998.0,2499.0,0
2025-08-07,SKU12,6.0,14994.0,2499.0,0
2025-08-08,SKU12,3.0,7497.0,2499.0,0
2025-08-09,SKU12,2.0,4998.0,2499.0,0
2025-08-10,SKU12,2.0,4998.0,2499.0,0
2025-08-11,SKU12,2.0,4998.0,2499.0,0
2025-08-12,SKU12,2.0,4998.0,2499.0,0
2025-08-13,SKU12,4.0,9996.0,2499.0,0
2025-08-14,SKU12,3.0,7497.0,2499.0,0
2025-08-15,SKU12,4.0,9996.0,2499.0,0
2025-08-16,SKU12,3.0,7497.0,2499.0,0
2025-08-17,SKU12,4.0,9996.0,2499.0,0
2025-08-18,SKU12,4.0,9996.0,2499.0,0
2025-08-19,SKU12,0.0,0.0,2499.0,0
2025-08-20,SKU12,3.0,7497.0,2499.0,0
2025-08-21,SKU12,5.0,12495.0,2499.0,0
2025-08-22,SKU12,3.0,7497.0,2499.0,0
2025-08-23,SKU12,4.0,9996.0,2499.0,0
2025-08-24,SKU12,1.0,2499.0,2499.0,0
2025-08-25,SKU12,2.0,4998.0,2499.0,0
2025-08-26,SKU12,3.0,7497.0,2499.0,0
2025-08-27,SKU12,1.0,2499.0,2499.0,0
2025-08-28,SKU12,3.0,7497.0,2499.0,0
2025-08-29,SKU12,0.0,0.0,2499.0,0
2025-08-30,SKU12,4.0,9996.0,2499.0,0
2025-08-31,SKU12,2.0,4998.0,2499.0,0
2025-09-01,SKU12,1.0,2499.0,2499.0,0
2025-09-02,SKU12,0.0,0.0,2499.0,0
2025-09-03,SKU12,0.0,0.0,2499.0,0
2025-09-04,SKU12,3.0,7497.0,2499.0,0
2025-09-05,SKU12,0.0,0.0,2499.0,0
2025-09-06,SKU12,3.0,7497.0,2499.0,0
2025-09-07,SKU12,2.0,4998.0,2499.0,0
2025-09-08,SKU12,2.0,4998.0,2499.0,0
2025-09-09,SKU12,1.0,2499.0,2499.0,0
2025-09-10,SKU12,2.0,4998.0,2499.0,0
2025-09-11,SKU12,2.0,4998.0,2499.0,0
2025-09-12,SKU12,0.0,0.0,2499.0,0
2025-09-13,SKU12,4.0,9996.0,2499.0,0
2025-09-14,SKU12,3.0,7497.0,,0
2025-09-15,SKU12,0.0,0.0,2499.0,0
2025-09-16,SKU12,1.0,2499.0,2499.0,0
2025-09-17,SKU12,4.0,9996.0,2499.0,0
2025-09-18,SKU12,0.0,0.0,2499.0,0
2025-09-19,SKU12,1.0,2499.0,2499.0,0
2025-09-20,SKU12,,0.0,2499.0,0
2025-09-21,SKU12,0.0,0.0,2499.0,0
2025-09-22,SKU12,2.0,4998.0,2499.0,0
2025-09-23,SKU12,2.0,4998.0,2499.0,0
2025-09-24,SKU12,2.0,4998.0,2499.0,0
2025-09-25,SKU12,0.0,0.0,2499.0,0
2025-09-26,SKU12,0.0,0.0,2499.0,0
2025-09-27,SKU12,2.0,4998.0,2499.0,0
2025-09-28,SKU12,0.0,0.0,2499.0,0
2025-09-29,SKU12,1.0,2499.0,2499.0,0
2025-09-30,SKU12,0.0,0.0,2499.0,0
2025-10-01,SKU12,1.0,2499.0,2499.0,0
2025-10-02,SKU12,1.0,2499.0,2499.0,0
2025-10-03,SKU12,0.0,0.0,2499.0,0
2025-10-04,SKU12,0.0,0.0,2499.0,0
2025-10-05,SKU12,2.0,4998.0,2499.0,0
2025-10-06,SKU12,2.0,4998.0,2499.0,0
2025-10-07,SKU12,1.0,2499.0,2499.0,0
2025-10-08,SKU12,0.0,0.0,2499.0,0
2025-10-09,SKU12,3.0,7497.0,2499.0,0
2025-10-10,SKU12,4.0,8996.0,2249.0,1
2025-10-11,SKU12,1.0,2249.0,2249.0,1
2025-10-12,SKU12,2.0,4498.0,2249.0,1
2025-10-13,SKU12,1.0,2249.0,2249.0,1
2025-10-14,SKU12,0.0,0.0,2249.0,1
2025-10-15,SKU12,1.0,2249.0,2249.0,1
2025-10-16,SKU12,2.0,4498.0,2249.0,1
2025-10-17,SKU12,0.0,0.0,2249.0,1
2025-10-18,SKU12,0.0,0.0,2249.0,1
2025-10-19,SKU12,2.0,4498.0,2249.0,1
2025-10-20,SKU12,0.0,0.0,2249.0,1
2025-10-21,SKU12,0.0,0.0,2499.0,0
2025-10-22,SKU12,3.0,7497.0,2499.0,0
2025-10-23,SKU12,0.0,0.0,2499.0,0
2025-10-24,SKU12,0.0,0.0,2499.0,0
2025-10-25,SKU12,0.0,0.0,2499.0,0
2025-10-26,SKU12,1.0,2499.0,2499.0,0
2025-10-27,SKU12,4.0,9996.0,2499.0,0
2025-10-28,SKU12,2.0,4998.0,2499.0,0
2025-10-29,SKU12,0.0,0.0,2499.0,0
2025-10-30,SKU12,0.0,0.0,2499.0,0
2025-10-31,SKU12,0.0,0.0,2499.0,0
2025-11-01,SKU12,1.0,2499.0,2499.0,0
2025-11-02,SKU12,1.0,2499.0,2499.0,0
2025-11-03,SKU12,1.0,2499.0,2499.0,0
2025-11-04,SKU12,2.0,4998.0,2499.0,0
2025-11-05,SKU12,1.0,2499.0,2499.0,0
2025-11-06,SKU12,2.0,4998.0,2499.0,0
2025-11-07,SKU12,1.0,2499.0,2499.0,0
2025-11-08,SKU12,2.0,4998.0,2499.0,0
2025-11-09,SKU12,2.0,4998.0,2499.0,0
2025-11-10,SKU12,1.0,2499.0,2499.0,0
2025-11-11,SKU12,1.0,2499.0,2499.0,0
2025-11-12,SKU12,1.0,2499.0,2499.0,0
2025-11-13,SKU12,1.0,2499.0,2499.0,0
2025-11-14,SKU12,1.0,2499.0,2499.0,0
2025-11-15,SKU12,0.0,0.0,2499.0,0
2025-11-16,SKU12,1.0,2499.0,2499.0,0
2025-11-17,SKU12,3.0,7497.0,2499.0,0
2025-11-18,SKU12,3.0,7497.0,2499.0,0
2025-11-19,SKU12,3.0,7497.0,2499.0,0
2025-11-20,SKU12,0.0,0.0,2499.0,0
2025-11-21,SKU12,1.0,2499.0,2499.0,0
2025-11-22,SKU12,2.0,4998.0,2499.0,0
2025-11-23,SKU12,1.0,2499.0,2499.0,0
2025-11-24,SKU12,1.0,2499.0,2499.0,0
2025-11-25,SKU12,0.0,0.0,2499.0,0
2025-11-26,SKU12,1.0,2499.0,2499.0,0
2025-11-27,SKU12,0.0,0.0,2499.0,0
2025-11-28,SKU12,1.0,2499.0,2499.0,0
2025-11-29,SKU12,,14994.0,2499.0,0
2025-11-30,SKU12,4.0,9996.0,2499.0,0
2025-12-01,SKU12,1.0,2499.0,2499.0,0
2025-12-02,SKU12,3.0,7497.0,2499.0,0
2025-12-03,SKU12,1.0,2499.0,2499.0,0
2025-12-04,SKU12,2.0,4998.0,2499.0,0
2025-12-05,SKU12,3.0,7497.0,2499.0,0
2025-12-06,SKU12,1.0,2499.0,2499.0,0
2025-12-07,SKU12,1.0,2499.0,2499.0,0
2025-12-08,SKU12,2.0,4998.0,2499.0,0
2025-12-09,SKU12,2.0,4998.0,2499.0,0
2025-12-10,SKU12,1.0,2499.0,2499.0,0
2025-12-11,SKU12,2.0,4998.0,2499.0,0
2025-12-12,SKU12,0.0,0.0,2499.0,0
2025-12-13,SKU12,1.0,2499.0,2499.0,0
2025-12-14,SKU12,4.0,9996.0,2499.0,0
2025-12-15,SKU12,0.0,0.0,2499.0,0
2025-12-16,SKU12,6.0,14994.0,2499.0,0
2025-12-17,SKU12,1.0,2499.0,2499.0,0
2025-12-18,SKU12,1.0,2499.0,2499.0,0
2025-12-19,SKU12,2.0,4998.0,2499.0,0
2025-12-20,SKU12,2.0,4498.0,2249.0,1
2025-12-21,SKU12,4.0,8996.0,2249.0,1
2025-12-22,SKU12,2.0,4498.0,2249.0,1
2025-12-23,SKU12,1.0,2249.0,,1
2025-12-24,SKU12,4.0,8996.0,2249.0,1
2025-12-25,SKU12,4.0,8996.0,2249.0,1
2025-12-26,SKU12,4.0,8996.0,2249.0,1
2025-12-27,SKU12,5.0,11245.0,2249.0,1
2025-12-28,SKU12,12.0,26988.0,2249.0,1
2024-02-13,SKU12,4.0,9996.0,2499.0,0
2024-06-24,SKU07,3.0,3897.0,1299.0,0
2024-10-28,SKU07,8.0,9352.0,1169.0,1
2024-06-09,SKU05,3.0,2397.0,799.0,0
2024-01-18,SKU12,3.0,7497.0,2499.0,0
2025-12-17,SKU05,5.0,3995.0,799.0,0
2025-01-09,SKU10,6.0,8994.0,1499.0,0
2025-08-08,SKU07,5.0,6495.0,1299.0,0
2025-05-11,SKU04,11.0,11869.0,1079.0,1
2024-01-03,SKU11,2.0,6998.0,3499.0,0
2025-06-18,SKU08,8.0,2792.0,349.0,0
2025-04-02,SKU02,12.0,3588.0,299.0,0
2025-05-31,SKU01,19.0,9481.0,499.0,0
2024-05-29,SKU04,9.0,10791.0,1199.0,0
2025-05-10,SKU03,7.0,5663.0,809.0,1
2025-04-30,SKU07,1.0,1299.0,1299.0,0
2025-11-29,SKU05,6.0,4794.0,799.0,0
2025-05-22,SKU03,6.0,5394.0,899.0,0
2025-05-26,SKU03,8.0,7192.0,899.0,0
2025-11-19,SKU06,7.0,13993.0,1999.0,0
2025-06-22,SKU04,2.0,2398.0,1199.0,0
2024-05-27,SKU11,5.0,17495.0,3499.0,0
2025-11-06,SKU08,17.0,5933.0,349.0,0
2025-10-20,SKU10,9.0,12141.0,1349.0,1
2025-05-19,SKU10,4.0,5396.0,1349.0,1
2025-12-15,SKU07,6.0,7794.0,1299.0,0
2024-10-19,SKU03,12.0,10788.0,899.0,0
2025-01-18,SKU04,11.0,13189.0,1199.0,0
2024-06-25,SKU07,3.0,3897.0,1299.0,0
2024-02-19,SKU12,4.0,9996.0,2499.0,0
